                      :-) GROMACS - gmx mdrun, 2023.2 (-:

Copyright 1991-2023 The GROMACS Authors.
GROMACS is free software; you can redistribute it and/or modify it
under the terms of the GNU Lesser General Public License
as published by the Free Software Foundation; either version 2.1
of the License, or (at your option) any later version.

                         Current GROMACS contributors:
       Mark Abraham           Andrey Alekseenko           Cathrine Bergh      
      Christian Blau            Eliane Briand             Mahesh Doijade      
    Stefan Fleischmann           Vytas Gapsys              Gaurav Garg        
      Sergey Gorelov         Gilles Gouaillardet            Alan Gray         
     M. Eric Irrgang         Farzaneh Jalalypour            Joe Jordan        
    Christoph Junghans        Prashanth Kanduri          Sebastian Keller     
     Carsten Kutzner           Justin A. Lemkul          Magnus Lundborg      
       Pascal Merz              Vedran Miletic            Dmitry Morozov      
       Szilard Pall             Roland Schulz             Michael Shirts      
     Alexey Shvetsov            Balint Soproni         David van der Spoel    
      Philip Turner             Carsten Uphoff           Alessandra Villa     
 Sebastian Wingbermuehle        Artem Zhmurov       

                         Previous GROMACS contributors:
        Emile Apol             Rossen Apostolov           James Barnett       
  Herman J.C. Berendsen          Par Bjelkmar           Viacheslav Bolnykh    
        Kevin Boyd            Aldert van Buuren          Carlo Camilloni      
     Rudi van Drunen            Anton Feenstra           Oliver Fleetwood     
     Gerrit Groenhof            Bert de Groot             Anca Hamuraru       
    Vincent Hindriksen          Victor Holanda           Aleksei Iupinov      
   Dimitrios Karkoulis           Peter Kasson             Sebastian Kehl      
        Jiri Kraus               Per Larsson              Viveca Lindahl      
      Erik Marklund           Pieter Meulenhoff           Teemu Murtola       
       Sander Pronk             Alfons Sijbers            Peter Tieleman      
       Jon Vincent             Teemu Virolainen         Christian Wennberg    
       Maarten Wolf       

                  Coordinated by the GROMACS project leaders:
                    Paul Bauer, Berk Hess, and Erik Lindahl

GROMACS:      gmx mdrun, version 2023.2
Executable:   /gpfs/spack/opt/linux-rocky8-icelake/gcc-9.5.0/gromacs-2023.2-jzxeselj2n5xcx3uozwap5zgemorxohk/bin/gmx_mpi
Data prefix:  /gpfs/spack/opt/linux-rocky8-icelake/gcc-9.5.0/gromacs-2023.2-jzxeselj2n5xcx3uozwap5zgemorxohk
Working dir:  /gpfs/work/bio/haidongliu21/Protein_BSA_3V03_A
Process ID:   40582
Command line:
  gmx_mpi mdrun -deffnm npt -v

GROMACS version:    2023.2
Precision:          mixed
Memory model:       64 bit
MPI library:        MPI
OpenMP support:     enabled (GMX_OPENMP_MAX_THREADS = 128)
GPU support:        CUDA
NB cluster size:    8
SIMD instructions:  AVX_512
CPU FFT library:    Intel MKL version 2020.0.4 Build 20200917
GPU FFT library:    cuFFT
Multi-GPU FFT:      none
RDTSCP usage:       enabled
TNG support:        enabled
Hwloc support:      hwloc-2.9.1
Tracing support:    disabled
C compiler:         /gpfs/spack/lib/spack/env/gcc/gcc GNU 9.5.0
C compiler flags:   -fexcess-precision=fast -funroll-all-loops -mavx512f -mfma -mavx512vl -mavx512dq -mavx512bw -Wno-missing-field-initializers -O3 -DNDEBUG
C++ compiler:       /gpfs/spack/lib/spack/env/gcc/g++ GNU 9.5.0
C++ compiler flags: -fexcess-precision=fast -funroll-all-loops -mavx512f -mfma -mavx512vl -mavx512dq -mavx512bw -Wno-missing-field-initializers -Wno-cast-function-type-strict -fopenmp -O3 -DNDEBUG
BLAS library:       
LAPACK library:     
CUDA compiler:      /gpfs/spack/opt/linux-rocky8-icelake/gcc-8.5.0/cuda-11.8.0-d7ndetl37whnbus6tfepot2dzs35dgmh/bin/nvcc nvcc: NVIDIA (R) Cuda compiler driver;Copyright (c) 2005-2022 NVIDIA Corporation;Built on Wed_Sep_21_10:33:58_PDT_2022;Cuda compilation tools, release 11.8, V11.8.89;Build cuda_11.8.r11.8/compiler.31833905_0
CUDA compiler flags:-std=c++17;--generate-code=arch=compute_35,code=sm_35;--generate-code=arch=compute_37,code=sm_37;--generate-code=arch=compute_50,code=sm_50;--generate-code=arch=compute_52,code=sm_52;--generate-code=arch=compute_60,code=sm_60;--generate-code=arch=compute_61,code=sm_61;--generate-code=arch=compute_70,code=sm_70;--generate-code=arch=compute_75,code=sm_75;--generate-code=arch=compute_80,code=sm_80;--generate-code=arch=compute_86,code=sm_86;--generate-code=arch=compute_89,code=sm_89;--generate-code=arch=compute_90,code=sm_90;-Wno-deprecated-gpu-targets;--generate-code=arch=compute_53,code=sm_53;--generate-code=arch=compute_80,code=sm_80;-use_fast_math;-Xptxas;-warn-double-usage;-Xptxas;-Werror;-D_FORCE_INLINES;-fexcess-precision=fast -funroll-all-loops -mavx512f -mfma -mavx512vl -mavx512dq -mavx512bw -Wno-missing-field-initializers -Wno-cast-function-type-strict -fopenmp -O3 -DNDEBUG
CUDA driver:        12.70
CUDA runtime:       11.80


Running on 1 node with total 4 cores, 4 processing units, 1 compatible GPU
Hardware detected on host gpu4090n10 (the node of MPI rank 0):
  CPU info:
    Vendor: Intel
    Brand:  INTEL(R) XEON(R) GOLD 6530
    Family: 6   Model: 207   Stepping: 2
    Features: aes apic avx avx2 avx512f avx512cd avx512bw avx512vl avx512bf16 avx512secondFMA clfsh cmov cx8 cx16 f16c fma htt intel lahf mmx msr nonstop_tsc pcid pclmuldq pdcm pdpe1gb popcnt pse rdrnd rdtscp sha sse2 sse3 sse4.1 sse4.2 ssse3 tdt x2apic
    Number of AVX-512 FMA units: 2
  Hardware topology: Full, with devices
    Packages, cores, and logical processors:
    [indices refer to OS logical processors]
      Package  0:
      Package  1: [  40] [  41] [  42] [  43]
    CPU limit set by OS: -1   Recommended max number of threads: 4
    Numa nodes:
      Node  0 (269805785088 bytes mem):
      Node  1 (270572445696 bytes mem):  40  41  42  43
      Latency:
               0     1
         0  1.00  2.10
         1  2.10  1.00
    Caches:
      L1: 49152 bytes, linesize 64 bytes, assoc. 12, shared 1 ways
      L2: 2097152 bytes, linesize 64 bytes, assoc. 16, shared 1 ways
      L3: 167772160 bytes, linesize 64 bytes, assoc. 20, shared 4 ways
    PCI devices:
      0000:02:00.0  Id: 1a03:2000  Class: 0x0300  Numa: 0
      0000:00:17.0  Id: 8086:1ba2  Class: 0x0106  Numa: 0
      0000:00:18.0  Id: 8086:1bf2  Class: 0x0106  Numa: 0
      0000:00:19.0  Id: 8086:1bd2  Class: 0x0106  Numa: 0
      0000:0c:00.0  Id: 10de:2684  Class: 0x0300  Numa: 0
      0000:1f:00.0  Id: 8086:1572  Class: 0x0200  Numa: 0
      0000:1f:00.1  Id: 8086:1572  Class: 0x0200  Numa: 0
      0000:32:00.0  Id: 10de:2684  Class: 0x0300  Numa: 0
      0000:45:00.0  Id: 10de:2684  Class: 0x0300  Numa: 0
      0000:58:00.0  Id: 10de:2684  Class: 0x0300  Numa: 0
      0000:84:00.0  Id: 10de:2684  Class: 0x0300  Numa: 1
      0000:98:00.0  Id: 9005:028f  Class: 0x0107  Numa: 1
      0000:99:00.0  Id: 15b3:101b  Class: 0x0207  Numa: 1
      0000:ac:00.0  Id: 10de:2684  Class: 0x0300  Numa: 1
      0000:c0:00.0  Id: 10de:2684  Class: 0x0300  Numa: 1
      0000:d4:00.0  Id: 10de:2684  Class: 0x0300  Numa: 1
  GPU info:
    Number of GPUs detected: 1
    #0: NVIDIA NVIDIA GeForce RTX 4090, compute cap.: 8.9, ECC:  no, stat: compatible


++++ PLEASE READ AND CITE THE FOLLOWING REFERENCE ++++
M. J. Abraham, T. Murtola, R. Schulz, S. Páll, J. C. Smith, B. Hess, E.
Lindahl
GROMACS: High performance molecular simulations through multi-level
parallelism from laptops to supercomputers
SoftwareX 1 (2015) pp. 19-25
-------- -------- --- Thank You --- -------- --------


++++ PLEASE READ AND CITE THE FOLLOWING REFERENCE ++++
S. Páll, M. J. Abraham, C. Kutzner, B. Hess, E. Lindahl
Tackling Exascale Software Challenges in Molecular Dynamics Simulations with
GROMACS
In S. Markidis & E. Laure (Eds.), Solving Software Challenges for Exascale 8759 (2015) pp. 3-27
-------- -------- --- Thank You --- -------- --------


++++ PLEASE READ AND CITE THE FOLLOWING REFERENCE ++++
S. Pronk, S. Páll, R. Schulz, P. Larsson, P. Bjelkmar, R. Apostolov, M. R.
Shirts, J. C. Smith, P. M. Kasson, D. van der Spoel, B. Hess, and E. Lindahl
GROMACS 4.5: a high-throughput and highly parallel open source molecular
simulation toolkit
Bioinformatics 29 (2013) pp. 845-54
-------- -------- --- Thank You --- -------- --------


++++ PLEASE READ AND CITE THE FOLLOWING REFERENCE ++++
B. Hess and C. Kutzner and D. van der Spoel and E. Lindahl
GROMACS 4: Algorithms for highly efficient, load-balanced, and scalable
molecular simulation
J. Chem. Theory Comput. 4 (2008) pp. 435-447
-------- -------- --- Thank You --- -------- --------


++++ PLEASE READ AND CITE THE FOLLOWING REFERENCE ++++
D. van der Spoel, E. Lindahl, B. Hess, G. Groenhof, A. E. Mark and H. J. C.
Berendsen
GROMACS: Fast, Flexible and Free
J. Comp. Chem. 26 (2005) pp. 1701-1719
-------- -------- --- Thank You --- -------- --------


++++ PLEASE READ AND CITE THE FOLLOWING REFERENCE ++++
E. Lindahl and B. Hess and D. van der Spoel
GROMACS 3.0: A package for molecular simulation and trajectory analysis
J. Mol. Mod. 7 (2001) pp. 306-317
-------- -------- --- Thank You --- -------- --------


++++ PLEASE READ AND CITE THE FOLLOWING REFERENCE ++++
H. J. C. Berendsen, D. van der Spoel and R. van Drunen
GROMACS: A message-passing parallel molecular dynamics implementation
Comp. Phys. Comm. 91 (1995) pp. 43-56
-------- -------- --- Thank You --- -------- --------


++++ PLEASE CITE THE DOI FOR THIS VERSION OF GROMACS ++++
https://doi.org/10.5281/zenodo.8134397
-------- -------- --- Thank You --- -------- --------

Input Parameters:
   integrator                     = md
   tinit                          = 0
   dt                             = 0.002
   nsteps                         = 500000
   init-step                      = 0
   simulation-part                = 1
   mts                            = false
   comm-mode                      = Linear
   nstcomm                        = 100
   bd-fric                        = 0
   ld-seed                        = -1209147514
   emtol                          = 10
   emstep                         = 0.01
   niter                          = 20
   fcstep                         = 0
   nstcgsteep                     = 1000
   nbfgscorr                      = 10
   rtpi                           = 0.05
   nstxout                        = 0
   nstvout                        = 0
   nstfout                        = 0
   nstlog                         = 500
   nstcalcenergy                  = 100
   nstenergy                      = 500
   nstxout-compressed             = 500
   compressed-x-precision         = 1000
   cutoff-scheme                  = Verlet
   nstlist                        = 20
   pbc                            = xyz
   periodic-molecules             = false
   verlet-buffer-tolerance        = 0.005
   rlist                          = 1.221
   coulombtype                    = PME
   coulomb-modifier               = Potential-shift
   rcoulomb-switch                = 0
   rcoulomb                       = 1.2
   epsilon-r                      = 1
   epsilon-rf                     = inf
   vdw-type                       = Cut-off
   vdw-modifier                   = Force-switch
   rvdw-switch                    = 1
   rvdw                           = 1.2
   DispCorr                       = EnerPres
   table-extension                = 1
   fourierspacing                 = 0.16
   fourier-nx                     = 84
   fourier-ny                     = 84
   fourier-nz                     = 84
   pme-order                      = 4
   ewald-rtol                     = 1e-05
   ewald-rtol-lj                  = 0.001
   lj-pme-comb-rule               = Geometric
   ewald-geometry                 = 3d
   epsilon-surface                = 0
   ensemble-temperature-setting   = constant
   ensemble-temperature           = 298
   tcoupl                         = V-rescale
   nsttcouple                     = 10
   nh-chain-length                = 0
   print-nose-hoover-chain-variables = false
   pcoupl                         = Parrinello-Rahman
   pcoupltype                     = Isotropic
   nstpcouple                     = 50
   tau-p                          = 2
   compressibility (3x3):
      compressibility[    0]={ 4.50000e-05,  0.00000e+00,  0.00000e+00}
      compressibility[    1]={ 0.00000e+00,  4.50000e-05,  0.00000e+00}
      compressibility[    2]={ 0.00000e+00,  0.00000e+00,  4.50000e-05}
   ref-p (3x3):
      ref-p[    0]={ 1.00000e+00,  0.00000e+00,  0.00000e+00}
      ref-p[    1]={ 0.00000e+00,  1.00000e+00,  0.00000e+00}
      ref-p[    2]={ 0.00000e+00,  0.00000e+00,  1.00000e+00}
   refcoord-scaling               = COM
   posres-com (3):
      posres-com[0]= 4.99466e-01
      posres-com[1]= 5.00204e-01
      posres-com[2]= 4.99943e-01
   posres-comB (3):
      posres-comB[0]= 4.99466e-01
      posres-comB[1]= 5.00204e-01
      posres-comB[2]= 4.99943e-01
   QMMM                           = false
qm-opts:
   ngQM                           = 0
   constraint-algorithm           = Lincs
   continuation                   = true
   Shake-SOR                      = false
   shake-tol                      = 0.0001
   lincs-order                    = 4
   lincs-iter                     = 1
   lincs-warnangle                = 30
   nwall                          = 0
   wall-type                      = 9-3
   wall-r-linpot                  = -1
   wall-atomtype[0]               = -1
   wall-atomtype[1]               = -1
   wall-density[0]                = 0
   wall-density[1]                = 0
   wall-ewald-zfac                = 3
   pull                           = false
   awh                            = false
   rotation                       = false
   interactiveMD                  = false
   disre                          = No
   disre-weighting                = Conservative
   disre-mixed                    = false
   dr-fc                          = 1000
   dr-tau                         = 0
   nstdisreout                    = 100
   orire-fc                       = 0
   orire-tau                      = 0
   nstorireout                    = 100
   free-energy                    = no
   cos-acceleration               = 0
   deform (3x3):
      deform[    0]={ 0.00000e+00,  0.00000e+00,  0.00000e+00}
      deform[    1]={ 0.00000e+00,  0.00000e+00,  0.00000e+00}
      deform[    2]={ 0.00000e+00,  0.00000e+00,  0.00000e+00}
   simulated-tempering            = false
   swapcoords                     = no
   userint1                       = 0
   userint2                       = 0
   userint3                       = 0
   userint4                       = 0
   userreal1                      = 0
   userreal2                      = 0
   userreal3                      = 0
   userreal4                      = 0
   applied-forces:
     electric-field:
       x:
         E0                       = 0
         omega                    = 0
         t0                       = 0
         sigma                    = 0
       y:
         E0                       = 0
         omega                    = 0
         t0                       = 0
         sigma                    = 0
       z:
         E0                       = 0
         omega                    = 0
         t0                       = 0
         sigma                    = 0
     density-guided-simulation:
       active                     = false
       group                      = protein
       similarity-measure         = inner-product
       atom-spreading-weight      = unity
       force-constant             = 1e+09
       gaussian-transform-spreading-width = 0.2
       gaussian-transform-spreading-range-in-multiples-of-width = 4
       reference-density-filename = reference.mrc
       nst                        = 1
       normalize-densities        = true
       adaptive-force-scaling     = false
       adaptive-force-scaling-time-constant = 4
       shift-vector               = 
       transformation-matrix      = 
     qmmm-cp2k:
       active                     = false
       qmgroup                    = System
       qmmethod                   = PBE
       qmfilenames                = 
       qmcharge                   = 0
       qmmultiplicity             = 1
grpopts:
   nrdf:     24119.8      417741
   ref-t:         298         298
   tau-t:         0.1         0.1
annealing:          No          No
annealing-npoints:           0           0
   acc:	           0           0           0
   nfreeze:           N           N           N
   energygrp-flags[  0]: 0

Changing nstlist from 20 to 100, rlist from 1.221 to 1.344

When checking whether update groups are usable:
  Domain decomposition is not active, so there is no need for update groups
1 GPU selected for this run.
Mapping of GPU IDs to the 2 GPU tasks in the 1 rank on this node:
  PP:0,PME:0
PP tasks will do (non-perturbed) short-ranged interactions on the GPU
PP task will update and constrain coordinates on the GPU
PME tasks will do all aspects on the GPU
Using 1 MPI process

Non-default thread affinity set, disabling internal thread affinity

Using 4 OpenMP threads 

System total charge: -13.000
Will do PME sum in reciprocal space for electrostatic interactions.

++++ PLEASE READ AND CITE THE FOLLOWING REFERENCE ++++
U. Essmann, L. Perera, M. L. Berkowitz, T. Darden, H. Lee and L. G. Pedersen 
A smooth particle mesh Ewald method
J. Chem. Phys. 103 (1995) pp. 8577-8592
-------- -------- --- Thank You --- -------- --------

Using a Gaussian width (1/beta) of 0.384195 nm for Ewald
Potential shift: LJ r^-12: -2.648e-01 r^-6: -5.349e-01, Ewald -8.333e-06
Initialized non-bonded Coulomb Ewald tables, spacing: 1.02e-03 size: 1176

Generated table with 1172 data points for 1-4 COUL.
Tabscale = 500 points/nm
Generated table with 1172 data points for 1-4 LJ6.
Tabscale = 500 points/nm
Generated table with 1172 data points for 1-4 LJ12.
Tabscale = 500 points/nm
Long Range LJ corr.: <C6> 3.1389e-04


Using GPU 8x8 nonbonded short-range kernels

Using a dual 8x8 pair-list setup updated with dynamic, rolling pruning:
  outer list: updated every 100 steps, buffer 0.144 nm, rlist 1.344 nm
  inner list: updated every  12 steps, buffer 0.002 nm, rlist 1.202 nm
At tolerance 0.005 kJ/mol/ps per atom, equivalent classical 1x1 list would be:
  outer list: updated every 100 steps, buffer 0.301 nm, rlist 1.501 nm
  inner list: updated every  12 steps, buffer 0.052 nm, rlist 1.252 nm

Initializing LINear Constraint Solver

++++ PLEASE READ AND CITE THE FOLLOWING REFERENCE ++++
B. Hess and H. Bekker and H. J. C. Berendsen and J. G. E. M. Fraaije
LINCS: A Linear Constraint Solver for molecular simulations
J. Comp. Chem. 18 (1997) pp. 1463-1472
-------- -------- --- Thank You --- -------- --------

The number of constraints is 4779

++++ PLEASE READ AND CITE THE FOLLOWING REFERENCE ++++
S. Miyamoto and P. A. Kollman
SETTLE: An Analytical Version of the SHAKE and RATTLE Algorithms for Rigid
Water Models
J. Comp. Chem. 13 (1992) pp. 952-962
-------- -------- --- Thank You --- -------- --------


++++ PLEASE READ AND CITE THE FOLLOWING REFERENCE ++++
G. Bussi, D. Donadio and M. Parrinello
Canonical sampling through velocity rescaling
J. Chem. Phys. 126 (2007) pp. 014101
-------- -------- --- Thank You --- -------- --------

There are: 218299 Atoms

Updating coordinates and applying constraints on the GPU.
Center of mass motion removal mode is Linear
We have the following groups for center of mass motion removal:
  0:  rest

Started mdrun on rank 0 Thu Apr  9 16:58:00 2026

           Step           Time
              0        0.00000

   Energies (kJ/mol)
           Bond          Angle    Proper Dih. Per. Imp. Dih.          LJ-14
    7.45110e+03    2.00139e+04    2.58376e+04    1.16281e+03    9.60862e+03
     Coulomb-14        LJ (SR)  Disper. corr.   Coulomb (SR)   Coul. recip.
    1.18741e+05    4.81990e+05   -1.98970e+04   -3.76850e+06    1.10373e+04
 Position Rest.      Potential    Kinetic En.   Total Energy  Conserved En.
    6.11983e-01   -3.11255e+06    5.47089e+05   -2.56546e+06   -2.56532e+06
    Temperature Pres. DC (bar) Pressure (bar)   Constr. rmsd
    2.97830e+02   -1.44744e+02   -5.25650e+02    0.00000e+00

           Step           Time
            500        1.00000

   Energies (kJ/mol)
           Bond          Angle    Proper Dih. Per. Imp. Dih.          LJ-14
    7.14499e+03    1.98191e+04    2.59126e+04    1.19316e+03    9.55238e+03
     Coulomb-14        LJ (SR)  Disper. corr.   Coulomb (SR)   Coul. recip.
    1.18933e+05    5.00215e+05   -2.07955e+04   -3.81147e+06    1.07426e+04
 Position Rest.      Potential    Kinetic En.   Total Energy  Conserved En.
    2.21802e+03   -3.13653e+06    5.47411e+05   -2.58912e+06   -2.56275e+06
    Temperature Pres. DC (bar) Pressure (bar)   Constr. rmsd
    2.98005e+02   -1.58099e+02    2.44692e+02    0.00000e+00

           Step           Time
           1000        2.00000

   Energies (kJ/mol)
           Bond          Angle    Proper Dih. Per. Imp. Dih.          LJ-14
    7.11529e+03    1.98745e+04    2.59096e+04    1.25005e+03    9.64651e+03
     Coulomb-14        LJ (SR)  Disper. corr.   Coulomb (SR)   Coul. recip.
    1.19145e+05    4.91645e+05   -2.04802e+04   -3.79455e+06    1.06587e+04
 Position Rest.      Potential    Kinetic En.   Total Energy  Conserved En.
    2.28921e+03   -3.12749e+06    5.46826e+05   -2.58067e+06   -2.56251e+06
    Temperature Pres. DC (bar) Pressure (bar)   Constr. rmsd
    2.97687e+02   -1.53344e+02   -4.03353e+01    0.00000e+00

           Step           Time
           1500        3.00000

   Energies (kJ/mol)
           Bond          Angle    Proper Dih. Per. Imp. Dih.          LJ-14
    7.59249e+03    1.98307e+04    2.58188e+04    1.24445e+03    9.43896e+03
     Coulomb-14        LJ (SR)  Disper. corr.   Coulomb (SR)   Coul. recip.
    1.19045e+05    4.94916e+05   -2.06314e+04   -3.80051e+06    1.06996e+04
 Position Rest.      Potential    Kinetic En.   Total Energy  Conserved En.
    2.35299e+03   -3.13021e+06    5.48568e+05   -2.58164e+06   -2.56235e+06
    Temperature Pres. DC (bar) Pressure (bar)   Constr. rmsd
    2.98635e+02   -1.55615e+02    3.40220e+01    0.00000e+00

           Step           Time
           2000        4.00000

   Energies (kJ/mol)
           Bond          Angle    Proper Dih. Per. Imp. Dih.          LJ-14
    7.24540e+03    2.01987e+04    2.58678e+04    1.21317e+03    9.62761e+03
     Coulomb-14        LJ (SR)  Disper. corr.   Coulomb (SR)   Coul. recip.
    1.19223e+05    4.91150e+05   -2.05735e+04   -3.79495e+06    1.08767e+04
 Position Rest.      Potential    Kinetic En.   Total Energy  Conserved En.
    2.37580e+03   -3.12774e+06    5.47422e+05   -2.58032e+06   -2.56229e+06
    Temperature Pres. DC (bar) Pressure (bar)   Constr. rmsd
    2.98011e+02   -1.54743e+02    7.38948e-02    0.00000e+00

           Step           Time
           2500        5.00000

   Energies (kJ/mol)
           Bond          Angle    Proper Dih. Per. Imp. Dih.          LJ-14
    7.39601e+03    1.96696e+04    2.58130e+04    1.22664e+03    9.61368e+03
     Coulomb-14        LJ (SR)  Disper. corr.   Coulomb (SR)   Coul. recip.
    1.18762e+05    4.92230e+05   -2.04943e+04   -3.79568e+06    1.08673e+04
 Position Rest.      Potential    Kinetic En.   Total Energy  Conserved En.
    2.33976e+03   -3.12825e+06    5.46748e+05   -2.58150e+06   -2.56227e+06
    Temperature Pres. DC (bar) Pressure (bar)   Constr. rmsd
    2.97644e+02   -1.53556e+02   -1.09161e+02    0.00000e+00

           Step           Time
           3000        6.00000

   Energies (kJ/mol)
           Bond          Angle    Proper Dih. Per. Imp. Dih.          LJ-14
    7.22645e+03    1.98333e+04    2.57891e+04    1.15554e+03    9.46875e+03
     Coulomb-14        LJ (SR)  Disper. corr.   Coulomb (SR)   Coul. recip.
    1.18622e+05    4.95141e+05   -2.05638e+04   -3.80191e+06    1.06434e+04
 Position Rest.      Potential    Kinetic En.   Total Energy  Conserved En.
    2.29960e+03   -3.13229e+06    5.47142e+05   -2.58515e+06   -2.56231e+06
    Temperature Pres. DC (bar) Pressure (bar)   Constr. rmsd
    2.97859e+02   -1.54597e+02    4.15156e-01    0.00000e+00

           Step           Time
           3500        7.00000

   Energies (kJ/mol)
           Bond          Angle    Proper Dih. Per. Imp. Dih.          LJ-14
    7.14884e+03    1.97488e+04    2.58356e+04    1.19835e+03    9.72619e+03
     Coulomb-14        LJ (SR)  Disper. corr.   Coulomb (SR)   Coul. recip.
    1.19591e+05    4.92546e+05   -2.05529e+04   -3.80030e+06    1.07519e+04
 Position Rest.      Potential    Kinetic En.   Total Energy  Conserved En.
    2.48966e+03   -3.13181e+06    5.48337e+05   -2.58348e+06   -2.56226e+06
    Temperature Pres. DC (bar) Pressure (bar)   Constr. rmsd
    2.98509e+02   -1.54434e+02   -2.36065e+01    0.00000e+00

           Step           Time
           4000        8.00000

   Energies (kJ/mol)
           Bond          Angle    Proper Dih. Per. Imp. Dih.          LJ-14
    7.36402e+03    2.03422e+04    2.57659e+04    1.21462e+03    9.49576e+03
     Coulomb-14        LJ (SR)  Disper. corr.   Coulomb (SR)   Coul. recip.
    1.18571e+05    4.95648e+05   -2.06227e+04   -3.80412e+06    1.08244e+04
 Position Rest.      Potential    Kinetic En.   Total Energy  Conserved En.
    2.44951e+03   -3.13307e+06    5.50083e+05   -2.58298e+06   -2.56222e+06
    Temperature Pres. DC (bar) Pressure (bar)   Constr. rmsd
    2.99460e+02   -1.55484e+02    7.63756e+01    0.00000e+00

           Step           Time
           4500        9.00000

   Energies (kJ/mol)
           Bond          Angle    Proper Dih. Per. Imp. Dih.          LJ-14
    7.34101e+03    1.99748e+04    2.57239e+04    1.20699e+03    9.59400e+03
     Coulomb-14        LJ (SR)  Disper. corr.   Coulomb (SR)   Coul. recip.
    1.19035e+05    4.93554e+05   -2.04819e+04   -3.79704e+06    1.07529e+04
 Position Rest.      Potential    Kinetic En.   Total Energy  Conserved En.
    2.34790e+03   -3.12799e+06    5.48333e+05   -2.57966e+06   -2.56216e+06
    Temperature Pres. DC (bar) Pressure (bar)   Constr. rmsd
    2.98507e+02   -1.53370e+02   -3.71612e+01    0.00000e+00

step 4900: timed with pme grid 84 84 84, coulomb cutoff 1.200: 216.2 M-cycles
           Step           Time
           5000       10.00000

   Energies (kJ/mol)
           Bond          Angle    Proper Dih. Per. Imp. Dih.          LJ-14
    7.20947e+03    1.99012e+04    2.57497e+04    1.20722e+03    9.49014e+03
     Coulomb-14        LJ (SR)  Disper. corr.   Coulomb (SR)   Coul. recip.
    1.18963e+05    4.95217e+05   -2.06338e+04   -3.79836e+06    7.02942e+03
 Position Rest.      Potential    Kinetic En.   Total Energy  Conserved En.
    2.41537e+03   -3.13182e+06    5.47704e+05   -2.58411e+06   -2.56200e+06
    Temperature Pres. DC (bar) Pressure (bar)   Constr. rmsd
    2.98165e+02   -1.55651e+02    4.16360e+01    0.00000e+00

step 5100: timed with pme grid 72 72 72, coulomb cutoff 1.372: 271.5 M-cycles
step 5300: timed with pme grid 80 80 80, coulomb cutoff 1.235: 219.6 M-cycles
step 5500: timed with pme grid 84 84 84, coulomb cutoff 1.200: 216.3 M-cycles
              optimal pme grid 84 84 84, coulomb cutoff 1.200
           Step           Time
           5500       11.00000

   Energies (kJ/mol)
           Bond          Angle    Proper Dih. Per. Imp. Dih.          LJ-14
    7.22018e+03    1.99093e+04    2.59597e+04    1.28034e+03    9.65158e+03
     Coulomb-14        LJ (SR)  Disper. corr.   Coulomb (SR)   Coul. recip.
    1.18906e+05    4.91302e+05   -2.05196e+04   -3.79387e+06    1.07367e+04
 Position Rest.      Potential    Kinetic En.   Total Energy  Conserved En.
    2.36029e+03   -3.12707e+06    5.46878e+05   -2.58019e+06   -2.56198e+06
    Temperature Pres. DC (bar) Pressure (bar)   Constr. rmsd
    2.97715e+02   -1.53935e+02    1.78045e+01    0.00000e+00

           Step           Time
           6000       12.00000

   Energies (kJ/mol)
           Bond          Angle    Proper Dih. Per. Imp. Dih.          LJ-14
    7.29287e+03    1.99269e+04    2.58767e+04    1.22771e+03    9.50948e+03
     Coulomb-14        LJ (SR)  Disper. corr.   Coulomb (SR)   Coul. recip.
    1.19153e+05    4.96262e+05   -2.05936e+04   -3.80262e+06    1.08095e+04
 Position Rest.      Potential    Kinetic En.   Total Energy  Conserved En.
    2.37774e+03   -3.13078e+06    5.47101e+05   -2.58368e+06   -2.56193e+06
    Temperature Pres. DC (bar) Pressure (bar)   Constr. rmsd
    2.97836e+02   -1.55046e+02    1.98725e+01    0.00000e+00

           Step           Time
           6500       13.00000

   Energies (kJ/mol)
           Bond          Angle    Proper Dih. Per. Imp. Dih.          LJ-14
    7.51240e+03    2.00716e+04    2.59878e+04    1.24351e+03    9.41042e+03
     Coulomb-14        LJ (SR)  Disper. corr.   Coulomb (SR)   Coul. recip.
    1.18826e+05    4.91357e+05   -2.05236e+04   -3.79648e+06    1.07211e+04
 Position Rest.      Potential    Kinetic En.   Total Energy  Conserved En.
    2.34934e+03   -3.12953e+06    5.48572e+05   -2.58096e+06   -2.56191e+06
    Temperature Pres. DC (bar) Pressure (bar)   Constr. rmsd
    2.98637e+02   -1.53995e+02   -1.32358e+02    0.00000e+00

           Step           Time
           7000       14.00000

   Energies (kJ/mol)
           Bond          Angle    Proper Dih. Per. Imp. Dih.          LJ-14
    7.42244e+03    2.00594e+04    2.57715e+04    1.23830e+03    9.52470e+03
     Coulomb-14        LJ (SR)  Disper. corr.   Coulomb (SR)   Coul. recip.
    1.18692e+05    4.93756e+05   -2.06566e+04   -3.80117e+06    1.06597e+04
 Position Rest.      Potential    Kinetic En.   Total Energy  Conserved En.
    2.35020e+03   -3.13235e+06    5.48424e+05   -2.58393e+06   -2.56180e+06
    Temperature Pres. DC (bar) Pressure (bar)   Constr. rmsd
    2.98557e+02   -1.55996e+02    4.17571e+01    0.00000e+00

           Step           Time
           7500       15.00000

   Energies (kJ/mol)
           Bond          Angle    Proper Dih. Per. Imp. Dih.          LJ-14
    7.37446e+03    1.94861e+04    2.58459e+04    1.25310e+03    9.56861e+03
     Coulomb-14        LJ (SR)  Disper. corr.   Coulomb (SR)   Coul. recip.
    1.19201e+05    4.91582e+05   -2.05268e+04   -3.79646e+06    1.08152e+04
 Position Rest.      Potential    Kinetic En.   Total Energy  Conserved En.
    2.40739e+03   -3.12945e+06    5.45910e+05   -2.58354e+06   -2.56179e+06
    Temperature Pres. DC (bar) Pressure (bar)   Constr. rmsd
    2.97188e+02   -1.54042e+02   -9.82654e+01    0.00000e+00

           Step           Time
           8000       16.00000

   Energies (kJ/mol)
           Bond          Angle    Proper Dih. Per. Imp. Dih.          LJ-14
    7.24467e+03    1.96336e+04    2.58374e+04    1.24339e+03    9.70844e+03
     Coulomb-14        LJ (SR)  Disper. corr.   Coulomb (SR)   Coul. recip.
    1.19040e+05    4.95777e+05   -2.05811e+04   -3.80243e+06    1.08607e+04
 Position Rest.      Potential    Kinetic En.   Total Energy  Conserved En.
    2.42695e+03   -3.13124e+06    5.47188e+05   -2.58405e+06   -2.56173e+06
    Temperature Pres. DC (bar) Pressure (bar)   Constr. rmsd
    2.97884e+02   -1.54858e+02    5.45829e+01    0.00000e+00

           Step           Time
           8500       17.00000

   Energies (kJ/mol)
           Bond          Angle    Proper Dih. Per. Imp. Dih.          LJ-14
    7.27171e+03    1.99823e+04    2.58181e+04    1.19565e+03    9.46170e+03
     Coulomb-14        LJ (SR)  Disper. corr.   Coulomb (SR)   Coul. recip.
    1.18803e+05    4.93570e+05   -2.05758e+04   -3.79973e+06    1.08559e+04
 Position Rest.      Potential    Kinetic En.   Total Energy  Conserved En.
    2.35974e+03   -3.13098e+06    5.46892e+05   -2.58409e+06   -2.56176e+06
    Temperature Pres. DC (bar) Pressure (bar)   Constr. rmsd
    2.97722e+02   -1.54779e+02   -3.04025e+01    0.00000e+00

           Step           Time
           9000       18.00000

   Energies (kJ/mol)
           Bond          Angle    Proper Dih. Per. Imp. Dih.          LJ-14
    7.26359e+03    2.00305e+04    2.58038e+04    1.23457e+03    9.54088e+03
     Coulomb-14        LJ (SR)  Disper. corr.   Coulomb (SR)   Coul. recip.
    1.18943e+05    4.93155e+05   -2.05674e+04   -3.79734e+06    1.07461e+04
 Position Rest.      Potential    Kinetic En.   Total Energy  Conserved En.
    2.47604e+03   -3.12871e+06    5.46145e+05   -2.58257e+06   -2.56172e+06
    Temperature Pres. DC (bar) Pressure (bar)   Constr. rmsd
    2.97316e+02   -1.54652e+02   -2.16613e+00    0.00000e+00

           Step           Time
           9500       19.00000

   Energies (kJ/mol)
           Bond          Angle    Proper Dih. Per. Imp. Dih.          LJ-14
    7.25509e+03    1.98071e+04    2.58150e+04    1.24583e+03    9.60638e+03
     Coulomb-14        LJ (SR)  Disper. corr.   Coulomb (SR)   Coul. recip.
    1.18781e+05    4.95991e+05   -2.05826e+04   -3.80428e+06    1.08142e+04
 Position Rest.      Potential    Kinetic En.   Total Energy  Conserved En.
    2.44155e+03   -3.13310e+06    5.47695e+05   -2.58541e+06   -2.56172e+06
    Temperature Pres. DC (bar) Pressure (bar)   Constr. rmsd
    2.98160e+02   -1.54881e+02    5.91100e+01    0.00000e+00

           Step           Time
          10000       20.00000

   Energies (kJ/mol)
           Bond          Angle    Proper Dih. Per. Imp. Dih.          LJ-14
    7.27627e+03    2.01246e+04    2.57570e+04    1.27789e+03    9.57731e+03
     Coulomb-14        LJ (SR)  Disper. corr.   Coulomb (SR)   Coul. recip.
    1.18783e+05    4.93565e+05   -2.05549e+04   -3.79926e+06    1.08569e+04
 Position Rest.      Potential    Kinetic En.   Total Energy  Conserved En.
    2.38183e+03   -3.13022e+06    5.50195e+05   -2.58002e+06   -2.56173e+06
    Temperature Pres. DC (bar) Pressure (bar)   Constr. rmsd
    2.99521e+02   -1.54465e+02    6.73520e+00    0.00000e+00

           Step           Time
          10500       21.00000

   Energies (kJ/mol)
           Bond          Angle    Proper Dih. Per. Imp. Dih.          LJ-14
    7.30335e+03    1.97634e+04    2.58201e+04    1.22783e+03    9.44933e+03
     Coulomb-14        LJ (SR)  Disper. corr.   Coulomb (SR)   Coul. recip.
    1.18672e+05    4.94833e+05   -2.05846e+04   -3.80139e+06    1.06324e+04
 Position Rest.      Potential    Kinetic En.   Total Energy  Conserved En.
    2.43110e+03   -3.13184e+06    5.47005e+05   -2.58483e+06   -2.56166e+06
    Temperature Pres. DC (bar) Pressure (bar)   Constr. rmsd
    2.97784e+02   -1.54911e+02    1.60315e+01    0.00000e+00

           Step           Time
          11000       22.00000

   Energies (kJ/mol)
           Bond          Angle    Proper Dih. Per. Imp. Dih.          LJ-14
    7.29491e+03    2.00850e+04    2.58366e+04    1.21541e+03    9.70025e+03
     Coulomb-14        LJ (SR)  Disper. corr.   Coulomb (SR)   Coul. recip.
    1.18857e+05    4.93912e+05   -2.05732e+04   -3.80233e+06    1.07556e+04
 Position Rest.      Potential    Kinetic En.   Total Energy  Conserved En.
    2.42839e+03   -3.13282e+06    5.48195e+05   -2.58462e+06   -2.56160e+06
    Temperature Pres. DC (bar) Pressure (bar)   Constr. rmsd
    2.98432e+02   -1.54740e+02    1.20254e+01    0.00000e+00

           Step           Time
          11500       23.00000

   Energies (kJ/mol)
           Bond          Angle    Proper Dih. Per. Imp. Dih.          LJ-14
    7.39236e+03    1.96588e+04    2.57203e+04    1.14883e+03    9.58847e+03
     Coulomb-14        LJ (SR)  Disper. corr.   Coulomb (SR)   Coul. recip.
    1.19177e+05    4.92608e+05   -2.05490e+04   -3.80115e+06    1.07354e+04
 Position Rest.      Potential    Kinetic En.   Total Energy  Conserved En.
    2.39983e+03   -3.13327e+06    5.46757e+05   -2.58651e+06   -2.56159e+06
    Temperature Pres. DC (bar) Pressure (bar)   Constr. rmsd
    2.97649e+02   -1.54376e+02   -2.94894e+01    0.00000e+00

           Step           Time
          12000       24.00000

   Energies (kJ/mol)
           Bond          Angle    Proper Dih. Per. Imp. Dih.          LJ-14
    7.47590e+03    1.98214e+04    2.58308e+04    1.18067e+03    9.65552e+03
     Coulomb-14        LJ (SR)  Disper. corr.   Coulomb (SR)   Coul. recip.
    1.18922e+05    4.93297e+05   -2.05845e+04   -3.80030e+06    1.07863e+04
 Position Rest.      Potential    Kinetic En.   Total Energy  Conserved En.
    2.42863e+03   -3.13148e+06    5.50187e+05   -2.58130e+06   -2.56162e+06
    Temperature Pres. DC (bar) Pressure (bar)   Constr. rmsd
    2.99516e+02   -1.54909e+02    4.74510e+00    0.00000e+00

           Step           Time
          12500       25.00000

   Energies (kJ/mol)
           Bond          Angle    Proper Dih. Per. Imp. Dih.          LJ-14
    7.14580e+03    1.98961e+04    2.56984e+04    1.19467e+03    9.61556e+03
     Coulomb-14        LJ (SR)  Disper. corr.   Coulomb (SR)   Coul. recip.
    1.19220e+05    4.90109e+05   -2.05639e+04   -3.79701e+06    1.08305e+04
 Position Rest.      Potential    Kinetic En.   Total Energy  Conserved En.
    2.44847e+03   -3.13142e+06    5.49034e+05   -2.58238e+06   -2.56161e+06
    Temperature Pres. DC (bar) Pressure (bar)   Constr. rmsd
    2.98888e+02   -1.54599e+02   -1.10360e+02    0.00000e+00

           Step           Time
          13000       26.00000

   Energies (kJ/mol)
           Bond          Angle    Proper Dih. Per. Imp. Dih.          LJ-14
    7.08749e+03    1.98637e+04    2.58465e+04    1.19401e+03    9.56028e+03
     Coulomb-14        LJ (SR)  Disper. corr.   Coulomb (SR)   Coul. recip.
    1.19232e+05    4.91049e+05   -2.05943e+04   -3.79710e+06    1.07768e+04
 Position Rest.      Potential    Kinetic En.   Total Energy  Conserved En.
    2.33858e+03   -3.13075e+06    5.48693e+05   -2.58206e+06   -2.56160e+06
    Temperature Pres. DC (bar) Pressure (bar)   Constr. rmsd
    2.98703e+02   -1.55057e+02    1.87540e+01    0.00000e+00

           Step           Time
          13500       27.00000

   Energies (kJ/mol)
           Bond          Angle    Proper Dih. Per. Imp. Dih.          LJ-14
    7.45450e+03    1.95269e+04    2.57353e+04    1.15761e+03    9.55020e+03
     Coulomb-14        LJ (SR)  Disper. corr.   Coulomb (SR)   Coul. recip.
    1.18915e+05    4.94535e+05   -2.05662e+04   -3.80344e+06    1.08343e+04
 Position Rest.      Potential    Kinetic En.   Total Energy  Conserved En.
    2.38217e+03   -3.13392e+06    5.48101e+05   -2.58582e+06   -2.56157e+06
    Temperature Pres. DC (bar) Pressure (bar)   Constr. rmsd
    2.98381e+02   -1.54635e+02   -4.11099e+01    0.00000e+00

           Step           Time
          14000       28.00000

   Energies (kJ/mol)
           Bond          Angle    Proper Dih. Per. Imp. Dih.          LJ-14
    7.34107e+03    1.97659e+04    2.58261e+04    1.21891e+03    9.54519e+03
     Coulomb-14        LJ (SR)  Disper. corr.   Coulomb (SR)   Coul. recip.
    1.18861e+05    4.93357e+05   -2.05915e+04   -3.80234e+06    1.07229e+04
 Position Rest.      Potential    Kinetic En.   Total Energy  Conserved En.
    2.43984e+03   -3.13386e+06    5.47338e+05   -2.58652e+06   -2.56152e+06
    Temperature Pres. DC (bar) Pressure (bar)   Constr. rmsd
    2.97965e+02   -1.55014e+02    1.76229e+01    0.00000e+00

           Step           Time
          14500       29.00000

   Energies (kJ/mol)
           Bond          Angle    Proper Dih. Per. Imp. Dih.          LJ-14
    7.55668e+03    1.94620e+04    2.56710e+04    1.17110e+03    9.54827e+03
     Coulomb-14        LJ (SR)  Disper. corr.   Coulomb (SR)   Coul. recip.
    1.19205e+05    4.93701e+05   -2.05483e+04   -3.80363e+06    1.09469e+04
 Position Rest.      Potential    Kinetic En.   Total Energy  Conserved En.
    2.42894e+03   -3.13449e+06    5.48853e+05   -2.58563e+06   -2.56148e+06
    Temperature Pres. DC (bar) Pressure (bar)   Constr. rmsd
    2.98790e+02   -1.54366e+02   -8.41201e+01    0.00000e+00

           Step           Time
          15000       30.00000

   Energies (kJ/mol)
           Bond          Angle    Proper Dih. Per. Imp. Dih.          LJ-14
    7.35983e+03    1.97620e+04    2.57965e+04    1.15890e+03    9.42949e+03
     Coulomb-14        LJ (SR)  Disper. corr.   Coulomb (SR)   Coul. recip.
    1.19061e+05    4.95052e+05   -2.05967e+04   -3.80260e+06    1.08095e+04
 Position Rest.      Potential    Kinetic En.   Total Energy  Conserved En.
    2.38151e+03   -3.13239e+06    5.46358e+05   -2.58603e+06   -2.56150e+06
    Temperature Pres. DC (bar) Pressure (bar)   Constr. rmsd
    2.97432e+02   -1.55092e+02    5.63588e+00    0.00000e+00

           Step           Time
          15500       31.00000

   Energies (kJ/mol)
           Bond          Angle    Proper Dih. Per. Imp. Dih.          LJ-14
    7.20655e+03    2.01960e+04    2.58753e+04    1.27133e+03    9.49132e+03
     Coulomb-14        LJ (SR)  Disper. corr.   Coulomb (SR)   Coul. recip.
    1.18981e+05    4.95066e+05   -2.05371e+04   -3.80034e+06    1.07736e+04
 Position Rest.      Potential    Kinetic En.   Total Energy  Conserved En.
    2.28612e+03   -3.12973e+06    5.47509e+05   -2.58223e+06   -2.56150e+06
    Temperature Pres. DC (bar) Pressure (bar)   Constr. rmsd
    2.98058e+02   -1.54197e+02    5.57344e+01    0.00000e+00

           Step           Time
          16000       32.00000

   Energies (kJ/mol)
           Bond          Angle    Proper Dih. Per. Imp. Dih.          LJ-14
    7.10113e+03    1.98301e+04    2.59960e+04    1.29507e+03    9.58220e+03
     Coulomb-14        LJ (SR)  Disper. corr.   Coulomb (SR)   Coul. recip.
    1.18975e+05    4.94651e+05   -2.05805e+04   -3.80282e+06    1.10232e+04
 Position Rest.      Potential    Kinetic En.   Total Energy  Conserved En.
    2.38143e+03   -3.13257e+06    5.47440e+05   -2.58513e+06   -2.56150e+06
    Temperature Pres. DC (bar) Pressure (bar)   Constr. rmsd
    2.98021e+02   -1.54849e+02    4.16983e+01    0.00000e+00

           Step           Time
          16500       33.00000

   Energies (kJ/mol)
           Bond          Angle    Proper Dih. Per. Imp. Dih.          LJ-14
    7.20825e+03    1.99387e+04    2.59055e+04    1.18360e+03    9.68713e+03
     Coulomb-14        LJ (SR)  Disper. corr.   Coulomb (SR)   Coul. recip.
    1.19235e+05    4.95729e+05   -2.05749e+04   -3.80497e+06    1.09215e+04
 Position Rest.      Potential    Kinetic En.   Total Energy  Conserved En.
    2.39506e+03   -3.13334e+06    5.47156e+05   -2.58619e+06   -2.56144e+06
    Temperature Pres. DC (bar) Pressure (bar)   Constr. rmsd
    2.97866e+02   -1.54765e+02    5.81330e+01    0.00000e+00

           Step           Time
          17000       34.00000

   Energies (kJ/mol)
           Bond          Angle    Proper Dih. Per. Imp. Dih.          LJ-14
    7.06960e+03    1.99554e+04    2.58440e+04    1.14631e+03    9.56447e+03
     Coulomb-14        LJ (SR)  Disper. corr.   Coulomb (SR)   Coul. recip.
    1.19228e+05    4.92371e+05   -2.05091e+04   -3.79683e+06    1.06259e+04
 Position Rest.      Potential    Kinetic En.   Total Energy  Conserved En.
    2.38675e+03   -3.12915e+06    5.46835e+05   -2.58231e+06   -2.56143e+06
    Temperature Pres. DC (bar) Pressure (bar)   Constr. rmsd
    2.97691e+02   -1.53778e+02   -6.11520e+01    0.00000e+00

           Step           Time
          17500       35.00000

   Energies (kJ/mol)
           Bond          Angle    Proper Dih. Per. Imp. Dih.          LJ-14
    7.37435e+03    2.02679e+04    2.57539e+04    1.25474e+03    9.50426e+03
     Coulomb-14        LJ (SR)  Disper. corr.   Coulomb (SR)   Coul. recip.
    1.18654e+05    4.92876e+05   -2.05764e+04   -3.79698e+06    1.07148e+04
 Position Rest.      Potential    Kinetic En.   Total Energy  Conserved En.
    2.43850e+03   -3.12872e+06    5.49095e+05   -2.57963e+06   -2.56138e+06
    Temperature Pres. DC (bar) Pressure (bar)   Constr. rmsd
    2.98922e+02   -1.54787e+02   -2.70361e+01    0.00000e+00

           Step           Time
          18000       36.00000

   Energies (kJ/mol)
           Bond          Angle    Proper Dih. Per. Imp. Dih.          LJ-14
    7.07321e+03    1.97749e+04    2.58095e+04    1.15599e+03    9.64983e+03
     Coulomb-14        LJ (SR)  Disper. corr.   Coulomb (SR)   Coul. recip.
    1.18982e+05    4.94353e+05   -2.05580e+04   -3.80270e+06    1.09170e+04
 Position Rest.      Potential    Kinetic En.   Total Energy  Conserved En.
    2.45475e+03   -3.13309e+06    5.49551e+05   -2.58353e+06   -2.56142e+06
    Temperature Pres. DC (bar) Pressure (bar)   Constr. rmsd
    2.99170e+02   -1.54511e+02   -4.72724e+01    0.00000e+00

           Step           Time
          18500       37.00000

   Energies (kJ/mol)
           Bond          Angle    Proper Dih. Per. Imp. Dih.          LJ-14
    7.06249e+03    1.97216e+04    2.57170e+04    1.22904e+03    9.59404e+03
     Coulomb-14        LJ (SR)  Disper. corr.   Coulomb (SR)   Coul. recip.
    1.19259e+05    4.91370e+05   -2.05784e+04   -3.79971e+06    1.09486e+04
 Position Rest.      Potential    Kinetic En.   Total Energy  Conserved En.
    2.41187e+03   -3.13298e+06    5.47106e+05   -2.58587e+06   -2.56137e+06
    Temperature Pres. DC (bar) Pressure (bar)   Constr. rmsd
    2.97839e+02   -1.54817e+02    3.69896e+00    0.00000e+00

           Step           Time
          19000       38.00000

   Energies (kJ/mol)
           Bond          Angle    Proper Dih. Per. Imp. Dih.          LJ-14
    7.26020e+03    1.97904e+04    2.59452e+04    1.16930e+03    9.54927e+03
     Coulomb-14        LJ (SR)  Disper. corr.   Coulomb (SR)   Coul. recip.
    1.18861e+05    4.97962e+05   -2.05678e+04   -3.80515e+06    1.06225e+04
 Position Rest.      Potential    Kinetic En.   Total Energy  Conserved En.
    2.32810e+03   -3.13223e+06    5.48845e+05   -2.58338e+06   -2.56132e+06
    Temperature Pres. DC (bar) Pressure (bar)   Constr. rmsd
    2.98786e+02   -1.54658e+02    3.84080e+01    0.00000e+00

           Step           Time
          19500       39.00000

   Energies (kJ/mol)
           Bond          Angle    Proper Dih. Per. Imp. Dih.          LJ-14
    7.32959e+03    2.01252e+04    2.57901e+04    1.21436e+03    9.47788e+03
     Coulomb-14        LJ (SR)  Disper. corr.   Coulomb (SR)   Coul. recip.
    1.18472e+05    4.93173e+05   -2.05196e+04   -3.79974e+06    1.08317e+04
 Position Rest.      Potential    Kinetic En.   Total Energy  Conserved En.
    2.37720e+03   -3.13147e+06    5.49286e+05   -2.58218e+06   -2.56133e+06
    Temperature Pres. DC (bar) Pressure (bar)   Constr. rmsd
    2.99026e+02   -1.53935e+02   -8.46933e+01    0.00000e+00

           Step           Time
          20000       40.00000

   Energies (kJ/mol)
           Bond          Angle    Proper Dih. Per. Imp. Dih.          LJ-14
    7.11633e+03    2.02543e+04    2.58484e+04    1.16930e+03    9.54740e+03
     Coulomb-14        LJ (SR)  Disper. corr.   Coulomb (SR)   Coul. recip.
    1.18981e+05    4.95444e+05   -2.06272e+04   -3.80275e+06    1.08283e+04
 Position Rest.      Potential    Kinetic En.   Total Energy  Conserved En.
    2.31217e+03   -3.13188e+06    5.46491e+05   -2.58539e+06   -2.56123e+06
    Temperature Pres. DC (bar) Pressure (bar)   Constr. rmsd
    2.97504e+02   -1.55551e+02    1.20204e+02    0.00000e+00

           Step           Time
          20500       41.00000

   Energies (kJ/mol)
           Bond          Angle    Proper Dih. Per. Imp. Dih.          LJ-14
    7.14825e+03    1.97137e+04    2.58275e+04    1.19190e+03    9.68120e+03
     Coulomb-14        LJ (SR)  Disper. corr.   Coulomb (SR)   Coul. recip.
    1.19067e+05    4.95713e+05   -2.05519e+04   -3.80181e+06    1.09116e+04
 Position Rest.      Potential    Kinetic En.   Total Energy  Conserved En.
    2.37574e+03   -3.13073e+06    5.47404e+05   -2.58333e+06   -2.56121e+06
    Temperature Pres. DC (bar) Pressure (bar)   Constr. rmsd
    2.98001e+02   -1.54419e+02    6.16625e+01    0.00000e+00

           Step           Time
          21000       42.00000

   Energies (kJ/mol)
           Bond          Angle    Proper Dih. Per. Imp. Dih.          LJ-14
    7.16510e+03    1.96118e+04    2.57901e+04    1.15735e+03    9.50209e+03
     Coulomb-14        LJ (SR)  Disper. corr.   Coulomb (SR)   Coul. recip.
    1.19181e+05    4.94024e+05   -2.05636e+04   -3.80117e+06    1.08020e+04
 Position Rest.      Potential    Kinetic En.   Total Energy  Conserved En.
    2.37818e+03   -3.13212e+06    5.47059e+05   -2.58507e+06   -2.56121e+06
    Temperature Pres. DC (bar) Pressure (bar)   Constr. rmsd
    2.97814e+02   -1.54594e+02    5.87525e+00    0.00000e+00

           Step           Time
          21500       43.00000

   Energies (kJ/mol)
           Bond          Angle    Proper Dih. Per. Imp. Dih.          LJ-14
    7.36038e+03    2.02382e+04    2.58465e+04    1.23269e+03    9.62175e+03
     Coulomb-14        LJ (SR)  Disper. corr.   Coulomb (SR)   Coul. recip.
    1.19116e+05    4.92664e+05   -2.05739e+04   -3.79985e+06    1.08759e+04
 Position Rest.      Potential    Kinetic En.   Total Energy  Conserved En.
    2.29643e+03   -3.13117e+06    5.49084e+05   -2.58209e+06   -2.56116e+06
    Temperature Pres. DC (bar) Pressure (bar)   Constr. rmsd
    2.98916e+02   -1.54750e+02    2.10634e+01    0.00000e+00

           Step           Time
          22000       44.00000

   Energies (kJ/mol)
           Bond          Angle    Proper Dih. Per. Imp. Dih.          LJ-14
    7.44343e+03    1.99767e+04    2.57524e+04    1.14982e+03    9.53578e+03
     Coulomb-14        LJ (SR)  Disper. corr.   Coulomb (SR)   Coul. recip.
    1.18788e+05    4.94479e+05   -2.05456e+04   -3.79915e+06    1.08474e+04
 Position Rest.      Potential    Kinetic En.   Total Energy  Conserved En.
    2.47545e+03   -3.12925e+06    5.45537e+05   -2.58371e+06   -2.56114e+06
    Temperature Pres. DC (bar) Pressure (bar)   Constr. rmsd
    2.96985e+02   -1.54324e+02   -1.87029e+01    0.00000e+00

           Step           Time
          22500       45.00000

   Energies (kJ/mol)
           Bond          Angle    Proper Dih. Per. Imp. Dih.          LJ-14
    7.36002e+03    2.00317e+04    2.57455e+04    1.25385e+03    9.63083e+03
     Coulomb-14        LJ (SR)  Disper. corr.   Coulomb (SR)   Coul. recip.
    1.18809e+05    4.95316e+05   -2.05922e+04   -3.80078e+06    1.08236e+04
 Position Rest.      Potential    Kinetic En.   Total Energy  Conserved En.
    2.35333e+03   -3.13004e+06    5.47845e+05   -2.58220e+06   -2.56112e+06
    Temperature Pres. DC (bar) Pressure (bar)   Constr. rmsd
    2.98241e+02   -1.55025e+02    4.24240e+01    0.00000e+00

           Step           Time
          23000       46.00000

   Energies (kJ/mol)
           Bond          Angle    Proper Dih. Per. Imp. Dih.          LJ-14
    7.35683e+03    1.99711e+04    2.59095e+04    1.21795e+03    9.56040e+03
     Coulomb-14        LJ (SR)  Disper. corr.   Coulomb (SR)   Coul. recip.
    1.18561e+05    4.89909e+05   -2.05581e+04   -3.79181e+06    1.09126e+04
 Position Rest.      Potential    Kinetic En.   Total Energy  Conserved En.
    2.36302e+03   -3.12661e+06    5.47947e+05   -2.57866e+06   -2.56114e+06
    Temperature Pres. DC (bar) Pressure (bar)   Constr. rmsd
    2.98297e+02   -1.54512e+02   -5.17042e+01    0.00000e+00

           Step           Time
          23500       47.00000

   Energies (kJ/mol)
           Bond          Angle    Proper Dih. Per. Imp. Dih.          LJ-14
    7.08568e+03    1.99524e+04    2.56746e+04    1.19058e+03    9.59163e+03
     Coulomb-14        LJ (SR)  Disper. corr.   Coulomb (SR)   Coul. recip.
    1.18582e+05    4.94258e+05   -2.05429e+04   -3.79922e+06    1.08727e+04
 Position Rest.      Potential    Kinetic En.   Total Energy  Conserved En.
    2.38281e+03   -3.13017e+06    5.48854e+05   -2.58131e+06   -2.56116e+06
    Temperature Pres. DC (bar) Pressure (bar)   Constr. rmsd
    2.98791e+02   -1.54284e+02    5.79661e+01    0.00000e+00

           Step           Time
          24000       48.00000

   Energies (kJ/mol)
           Bond          Angle    Proper Dih. Per. Imp. Dih.          LJ-14
    7.34359e+03    1.98393e+04    2.57828e+04    1.16598e+03    9.68814e+03
     Coulomb-14        LJ (SR)  Disper. corr.   Coulomb (SR)   Coul. recip.
    1.19216e+05    4.92365e+05   -2.05943e+04   -3.79657e+06    1.07220e+04
 Position Rest.      Potential    Kinetic En.   Total Energy  Conserved En.
    2.33932e+03   -3.12871e+06    5.46556e+05   -2.58215e+06   -2.56110e+06
    Temperature Pres. DC (bar) Pressure (bar)   Constr. rmsd
    2.97540e+02   -1.55057e+02    2.46391e+00    0.00000e+00

           Step           Time
          24500       49.00000

   Energies (kJ/mol)
           Bond          Angle    Proper Dih. Per. Imp. Dih.          LJ-14
    7.17075e+03    2.02122e+04    2.57393e+04    1.22910e+03    9.64054e+03
     Coulomb-14        LJ (SR)  Disper. corr.   Coulomb (SR)   Coul. recip.
    1.18965e+05    4.94529e+05   -2.05439e+04   -3.79766e+06    1.08746e+04
 Position Rest.      Potential    Kinetic En.   Total Energy  Conserved En.
    2.30997e+03   -3.12754e+06    5.46789e+05   -2.58075e+06   -2.56106e+06
    Temperature Pres. DC (bar) Pressure (bar)   Constr. rmsd
    2.97666e+02   -1.54300e+02    8.16856e+01    0.00000e+00

           Step           Time
          25000       50.00000

   Energies (kJ/mol)
           Bond          Angle    Proper Dih. Per. Imp. Dih.          LJ-14
    7.36034e+03    2.01230e+04    2.58410e+04    1.27357e+03    9.53859e+03
     Coulomb-14        LJ (SR)  Disper. corr.   Coulomb (SR)   Coul. recip.
    1.18860e+05    4.95506e+05   -2.05933e+04   -3.80265e+06    1.08399e+04
 Position Rest.      Potential    Kinetic En.   Total Energy  Conserved En.
    2.44332e+03   -3.13145e+06    5.49252e+05   -2.58220e+06   -2.56108e+06
    Temperature Pres. DC (bar) Pressure (bar)   Constr. rmsd
    2.99008e+02   -1.55042e+02    1.81714e+01    0.00000e+00

           Step           Time
          25500       51.00000

   Energies (kJ/mol)
           Bond          Angle    Proper Dih. Per. Imp. Dih.          LJ-14
    7.30621e+03    1.97132e+04    2.57611e+04    1.15799e+03    9.74066e+03
     Coulomb-14        LJ (SR)  Disper. corr.   Coulomb (SR)   Coul. recip.
    1.18994e+05    4.96596e+05   -2.05926e+04   -3.80257e+06    1.07140e+04
 Position Rest.      Potential    Kinetic En.   Total Energy  Conserved En.
    2.41897e+03   -3.13076e+06    5.46815e+05   -2.58394e+06   -2.56105e+06
    Temperature Pres. DC (bar) Pressure (bar)   Constr. rmsd
    2.97681e+02   -1.55030e+02    1.00838e+02    0.00000e+00

           Step           Time
          26000       52.00000

   Energies (kJ/mol)
           Bond          Angle    Proper Dih. Per. Imp. Dih.          LJ-14
    7.29640e+03    2.00973e+04    2.58186e+04    1.18893e+03    9.62143e+03
     Coulomb-14        LJ (SR)  Disper. corr.   Coulomb (SR)   Coul. recip.
    1.18986e+05    4.92602e+05   -2.05533e+04   -3.79773e+06    1.09831e+04
 Position Rest.      Potential    Kinetic En.   Total Energy  Conserved En.
    2.47647e+03   -3.12922e+06    5.48768e+05   -2.58045e+06   -2.56096e+06
    Temperature Pres. DC (bar) Pressure (bar)   Constr. rmsd
    2.98744e+02   -1.54440e+02    5.73546e+01    0.00000e+00

           Step           Time
          26500       53.00000

   Energies (kJ/mol)
           Bond          Angle    Proper Dih. Per. Imp. Dih.          LJ-14
    7.43688e+03    1.97752e+04    2.56112e+04    1.21946e+03    9.50539e+03
     Coulomb-14        LJ (SR)  Disper. corr.   Coulomb (SR)   Coul. recip.
    1.18442e+05    4.90106e+05   -2.05070e+04   -3.79528e+06    1.08307e+04
 Position Rest.      Potential    Kinetic En.   Total Energy  Conserved En.
    2.38736e+03   -3.13048e+06    5.47211e+05   -2.58327e+06   -2.56102e+06
    Temperature Pres. DC (bar) Pressure (bar)   Constr. rmsd
    2.97896e+02   -1.53746e+02   -1.75346e+02    0.00000e+00

           Step           Time
          27000       54.00000

   Energies (kJ/mol)
           Bond          Angle    Proper Dih. Per. Imp. Dih.          LJ-14
    6.96241e+03    2.01700e+04    2.57128e+04    1.13813e+03    9.39269e+03
     Coulomb-14        LJ (SR)  Disper. corr.   Coulomb (SR)   Coul. recip.
    1.18942e+05    4.94139e+05   -2.05742e+04   -3.80088e+06    1.08088e+04
 Position Rest.      Potential    Kinetic En.   Total Energy  Conserved En.
    2.34281e+03   -3.13184e+06    5.46993e+05   -2.58485e+06   -2.56097e+06
    Temperature Pres. DC (bar) Pressure (bar)   Constr. rmsd
    2.97777e+02   -1.54755e+02   -6.95609e+00    0.00000e+00

           Step           Time
          27500       55.00000

   Energies (kJ/mol)
           Bond          Angle    Proper Dih. Per. Imp. Dih.          LJ-14
    7.20809e+03    1.99761e+04    2.57468e+04    1.22400e+03    9.55510e+03
     Coulomb-14        LJ (SR)  Disper. corr.   Coulomb (SR)   Coul. recip.
    1.18940e+05    4.89970e+05   -2.05474e+04   -3.79337e+06    1.09721e+04
 Position Rest.      Potential    Kinetic En.   Total Energy  Conserved En.
    2.43650e+03   -3.12788e+06    5.47400e+05   -2.58049e+06   -2.56098e+06
    Temperature Pres. DC (bar) Pressure (bar)   Constr. rmsd
    2.97999e+02   -1.54351e+02   -1.17703e+02    0.00000e+00

           Step           Time
          28000       56.00000

   Energies (kJ/mol)
           Bond          Angle    Proper Dih. Per. Imp. Dih.          LJ-14
    7.20742e+03    2.01911e+04    2.58613e+04    1.28069e+03    9.48121e+03
     Coulomb-14        LJ (SR)  Disper. corr.   Coulomb (SR)   Coul. recip.
    1.18763e+05    4.91591e+05   -2.05506e+04   -3.79591e+06    1.07800e+04
 Position Rest.      Potential    Kinetic En.   Total Energy  Conserved En.
    2.39640e+03   -3.12891e+06    5.46143e+05   -2.58277e+06   -2.56093e+06
    Temperature Pres. DC (bar) Pressure (bar)   Constr. rmsd
    2.97315e+02   -1.54400e+02   -4.17026e+01    0.00000e+00

           Step           Time
          28500       57.00000

   Energies (kJ/mol)
           Bond          Angle    Proper Dih. Per. Imp. Dih.          LJ-14
    7.40362e+03    2.00647e+04    2.58427e+04    1.25705e+03    9.61078e+03
     Coulomb-14        LJ (SR)  Disper. corr.   Coulomb (SR)   Coul. recip.
    1.19139e+05    4.93481e+05   -2.05771e+04   -3.79877e+06    1.08752e+04
 Position Rest.      Potential    Kinetic En.   Total Energy  Conserved En.
    2.42956e+03   -3.12924e+06    5.47828e+05   -2.58142e+06   -2.56092e+06
    Temperature Pres. DC (bar) Pressure (bar)   Constr. rmsd
    2.98232e+02   -1.54797e+02   -1.77821e+01    0.00000e+00

           Step           Time
          29000       58.00000

   Energies (kJ/mol)
           Bond          Angle    Proper Dih. Per. Imp. Dih.          LJ-14
    7.42906e+03    1.97612e+04    2.58023e+04    1.22674e+03    9.35644e+03
     Coulomb-14        LJ (SR)  Disper. corr.   Coulomb (SR)   Coul. recip.
    1.18558e+05    4.96361e+05   -2.05676e+04   -3.80570e+06    1.07428e+04
 Position Rest.      Potential    Kinetic En.   Total Energy  Conserved En.
    2.32172e+03   -3.13471e+06    5.46708e+05   -2.58800e+06   -2.56091e+06
    Temperature Pres. DC (bar) Pressure (bar)   Constr. rmsd
    2.97623e+02   -1.54655e+02   -8.91621e+00    0.00000e+00

           Step           Time
          29500       59.00000

   Energies (kJ/mol)
           Bond          Angle    Proper Dih. Per. Imp. Dih.          LJ-14
    7.43686e+03    1.97479e+04    2.58431e+04    1.29000e+03    9.67273e+03
     Coulomb-14        LJ (SR)  Disper. corr.   Coulomb (SR)   Coul. recip.
    1.18836e+05    4.92731e+05   -2.06029e+04   -3.79898e+06    1.08281e+04
 Position Rest.      Potential    Kinetic En.   Total Energy  Conserved En.
    2.51172e+03   -3.13069e+06    5.47941e+05   -2.58275e+06   -2.56090e+06
    Temperature Pres. DC (bar) Pressure (bar)   Constr. rmsd
    2.98294e+02   -1.55186e+02    3.69055e+01    0.00000e+00

           Step           Time
          30000       60.00000

   Energies (kJ/mol)
           Bond          Angle    Proper Dih. Per. Imp. Dih.          LJ-14
    7.50737e+03    1.97797e+04    2.57614e+04    1.22680e+03    9.54755e+03
     Coulomb-14        LJ (SR)  Disper. corr.   Coulomb (SR)   Coul. recip.
    1.19158e+05    4.88797e+05   -2.04662e+04   -3.79047e+06    1.09137e+04
 Position Rest.      Potential    Kinetic En.   Total Energy  Conserved En.
    2.38097e+03   -3.12586e+06    5.48680e+05   -2.57718e+06   -2.56083e+06
    Temperature Pres. DC (bar) Pressure (bar)   Constr. rmsd
    2.98696e+02   -1.53136e+02   -1.69029e+02    0.00000e+00

           Step           Time
          30500       61.00000

   Energies (kJ/mol)
           Bond          Angle    Proper Dih. Per. Imp. Dih.          LJ-14
    7.34641e+03    1.99722e+04    2.58293e+04    1.20895e+03    9.55807e+03
     Coulomb-14        LJ (SR)  Disper. corr.   Coulomb (SR)   Coul. recip.
    1.18906e+05    4.96230e+05   -2.06235e+04   -3.80158e+06    1.08456e+04
 Position Rest.      Potential    Kinetic En.   Total Energy  Conserved En.
    2.48893e+03   -3.12982e+06    5.48591e+05   -2.58123e+06   -2.56072e+06
    Temperature Pres. DC (bar) Pressure (bar)   Constr. rmsd
    2.98647e+02   -1.55497e+02    1.20600e+02    0.00000e+00

           Step           Time
          31000       62.00000

   Energies (kJ/mol)
           Bond          Angle    Proper Dih. Per. Imp. Dih.          LJ-14
    7.43150e+03    2.00305e+04    2.57097e+04    1.22961e+03    9.70438e+03
     Coulomb-14        LJ (SR)  Disper. corr.   Coulomb (SR)   Coul. recip.
    1.19013e+05    4.94738e+05   -2.05534e+04   -3.79916e+06    1.08246e+04
 Position Rest.      Potential    Kinetic En.   Total Energy  Conserved En.
    2.45930e+03   -3.12857e+06    5.49020e+05   -2.57955e+06   -2.56072e+06
    Temperature Pres. DC (bar) Pressure (bar)   Constr. rmsd
    2.98881e+02   -1.54441e+02    3.50808e+01    0.00000e+00

           Step           Time
          31500       63.00000

   Energies (kJ/mol)
           Bond          Angle    Proper Dih. Per. Imp. Dih.          LJ-14
    7.42127e+03    1.99106e+04    2.57887e+04    1.19540e+03    9.60076e+03
     Coulomb-14        LJ (SR)  Disper. corr.   Coulomb (SR)   Coul. recip.
    1.18844e+05    4.92080e+05   -2.05607e+04   -3.79493e+06    1.07582e+04
 Position Rest.      Potential    Kinetic En.   Total Energy  Conserved En.
    2.42026e+03   -3.12747e+06    5.49641e+05   -2.57783e+06   -2.56072e+06
    Temperature Pres. DC (bar) Pressure (bar)   Constr. rmsd
    2.99219e+02   -1.54552e+02   -1.80729e+00    0.00000e+00

           Step           Time
          32000       64.00000

   Energies (kJ/mol)
           Bond          Angle    Proper Dih. Per. Imp. Dih.          LJ-14
    7.28150e+03    1.98718e+04    2.57691e+04    1.21723e+03    9.53191e+03
     Coulomb-14        LJ (SR)  Disper. corr.   Coulomb (SR)   Coul. recip.
    1.19069e+05    4.91230e+05   -2.05633e+04   -3.79421e+06    1.07055e+04
 Position Rest.      Potential    Kinetic En.   Total Energy  Conserved En.
    2.35600e+03   -3.12774e+06    5.46844e+05   -2.58089e+06   -2.56071e+06
    Temperature Pres. DC (bar) Pressure (bar)   Constr. rmsd
    2.97697e+02   -1.54591e+02   -5.59333e+01    0.00000e+00

           Step           Time
          32500       65.00000

   Energies (kJ/mol)
           Bond          Angle    Proper Dih. Per. Imp. Dih.          LJ-14
    7.24224e+03    2.02280e+04    2.58785e+04    1.30542e+03    9.51644e+03
     Coulomb-14        LJ (SR)  Disper. corr.   Coulomb (SR)   Coul. recip.
    1.19134e+05    4.92630e+05   -2.05757e+04   -3.79916e+06    1.08231e+04
 Position Rest.      Potential    Kinetic En.   Total Energy  Conserved En.
    2.45701e+03   -3.13052e+06    5.46398e+05   -2.58412e+06   -2.56063e+06
    Temperature Pres. DC (bar) Pressure (bar)   Constr. rmsd
    2.97453e+02   -1.54777e+02   -4.55273e+01    0.00000e+00

           Step           Time
          33000       66.00000

   Energies (kJ/mol)
           Bond          Angle    Proper Dih. Per. Imp. Dih.          LJ-14
    7.45792e+03    1.99598e+04    2.57113e+04    1.16886e+03    9.68032e+03
     Coulomb-14        LJ (SR)  Disper. corr.   Coulomb (SR)   Coul. recip.
    1.18801e+05    4.90939e+05   -2.04670e+04   -3.79511e+06    1.08945e+04
 Position Rest.      Potential    Kinetic En.   Total Energy  Conserved En.
    2.48233e+03   -3.12849e+06    5.49925e+05   -2.57856e+06   -2.56061e+06
    Temperature Pres. DC (bar) Pressure (bar)   Constr. rmsd
    2.99374e+02   -1.53147e+02   -1.22633e+02    0.00000e+00

           Step           Time
          33500       67.00000

   Energies (kJ/mol)
           Bond          Angle    Proper Dih. Per. Imp. Dih.          LJ-14
    7.30429e+03    1.99615e+04    2.57896e+04    1.22619e+03    9.61059e+03
     Coulomb-14        LJ (SR)  Disper. corr.   Coulomb (SR)   Coul. recip.
    1.19019e+05    4.97182e+05   -2.06106e+04   -3.80550e+06    1.06767e+04
 Position Rest.      Potential    Kinetic En.   Total Energy  Conserved En.
    2.33656e+03   -3.13301e+06    5.45937e+05   -2.58707e+06   -2.56045e+06
    Temperature Pres. DC (bar) Pressure (bar)   Constr. rmsd
    2.97203e+02   -1.55303e+02    8.46601e+01    0.00000e+00

           Step           Time
          34000       68.00000

   Energies (kJ/mol)
           Bond          Angle    Proper Dih. Per. Imp. Dih.          LJ-14
    7.00367e+03    2.05577e+04    2.59064e+04    1.21089e+03    9.53607e+03
     Coulomb-14        LJ (SR)  Disper. corr.   Coulomb (SR)   Coul. recip.
    1.18907e+05    4.93893e+05   -2.05702e+04   -3.79921e+06    1.08773e+04
 Position Rest.      Potential    Kinetic En.   Total Energy  Conserved En.
    2.54250e+03   -3.12934e+06    5.48317e+05   -2.58103e+06   -2.56042e+06
    Temperature Pres. DC (bar) Pressure (bar)   Constr. rmsd
    2.98498e+02   -1.54695e+02    3.77020e+00    0.00000e+00

           Step           Time
          34500       69.00000

   Energies (kJ/mol)
           Bond          Angle    Proper Dih. Per. Imp. Dih.          LJ-14
    7.29746e+03    1.98080e+04    2.58931e+04    1.32389e+03    9.65840e+03
     Coulomb-14        LJ (SR)  Disper. corr.   Coulomb (SR)   Coul. recip.
    1.18792e+05    4.93542e+05   -2.06002e+04   -3.79912e+06    1.08877e+04
 Position Rest.      Potential    Kinetic En.   Total Energy  Conserved En.
    2.49063e+03   -3.13002e+06    5.48168e+05   -2.58186e+06   -2.56046e+06
    Temperature Pres. DC (bar) Pressure (bar)   Constr. rmsd
    2.98417e+02   -1.55145e+02    9.01136e+01    0.00000e+00

           Step           Time
          35000       70.00000

   Energies (kJ/mol)
           Bond          Angle    Proper Dih. Per. Imp. Dih.          LJ-14
    6.91620e+03    2.01631e+04    2.59256e+04    1.23512e+03    9.65256e+03
     Coulomb-14        LJ (SR)  Disper. corr.   Coulomb (SR)   Coul. recip.
    1.19098e+05    4.90997e+05   -2.05220e+04   -3.79600e+06    1.06628e+04
 Position Rest.      Potential    Kinetic En.   Total Energy  Conserved En.
    2.39268e+03   -3.12948e+06    5.46691e+05   -2.58279e+06   -2.56047e+06
    Temperature Pres. DC (bar) Pressure (bar)   Constr. rmsd
    2.97613e+02   -1.53971e+02   -2.18926e+01    0.00000e+00

           Step           Time
          35500       71.00000

   Energies (kJ/mol)
           Bond          Angle    Proper Dih. Per. Imp. Dih.          LJ-14
    7.19996e+03    1.99324e+04    2.58158e+04    1.19807e+03    9.48558e+03
     Coulomb-14        LJ (SR)  Disper. corr.   Coulomb (SR)   Coul. recip.
    1.19007e+05    4.91656e+05   -2.05794e+04   -3.79604e+06    1.08448e+04
 Position Rest.      Potential    Kinetic En.   Total Energy  Conserved En.
    2.43270e+03   -3.12905e+06    5.47134e+05   -2.58192e+06   -2.56042e+06
    Temperature Pres. DC (bar) Pressure (bar)   Constr. rmsd
    2.97854e+02   -1.54832e+02   -6.09229e+01    0.00000e+00

           Step           Time
          36000       72.00000

   Energies (kJ/mol)
           Bond          Angle    Proper Dih. Per. Imp. Dih.          LJ-14
    7.40702e+03    1.97972e+04    2.58293e+04    1.19590e+03    9.54498e+03
     Coulomb-14        LJ (SR)  Disper. corr.   Coulomb (SR)   Coul. recip.
    1.19031e+05    4.93551e+05   -2.05525e+04   -3.79956e+06    1.08867e+04
 Position Rest.      Potential    Kinetic En.   Total Energy  Conserved En.
    2.43636e+03   -3.13044e+06    5.48053e+05   -2.58238e+06   -2.56038e+06
    Temperature Pres. DC (bar) Pressure (bar)   Constr. rmsd
    2.98355e+02   -1.54429e+02    2.85732e+01    0.00000e+00

           Step           Time
          36500       73.00000

   Energies (kJ/mol)
           Bond          Angle    Proper Dih. Per. Imp. Dih.          LJ-14
    7.22263e+03    1.99646e+04    2.56463e+04    1.16206e+03    9.47489e+03
     Coulomb-14        LJ (SR)  Disper. corr.   Coulomb (SR)   Coul. recip.
    1.18510e+05    4.95352e+05   -2.05860e+04   -3.80247e+06    1.08398e+04
 Position Rest.      Potential    Kinetic En.   Total Energy  Conserved En.
    2.34494e+03   -3.13254e+06    5.46209e+05   -2.58633e+06   -2.56034e+06
    Temperature Pres. DC (bar) Pressure (bar)   Constr. rmsd
    2.97351e+02   -1.54932e+02    5.81087e+01    0.00000e+00

           Step           Time
          37000       74.00000

   Energies (kJ/mol)
           Bond          Angle    Proper Dih. Per. Imp. Dih.          LJ-14
    7.39516e+03    1.96489e+04    2.57753e+04    1.18406e+03    9.59507e+03
     Coulomb-14        LJ (SR)  Disper. corr.   Coulomb (SR)   Coul. recip.
    1.18968e+05    4.93657e+05   -2.05469e+04   -3.79937e+06    1.08348e+04
 Position Rest.      Potential    Kinetic En.   Total Energy  Conserved En.
    2.54153e+03   -3.13032e+06    5.47511e+05   -2.58281e+06   -2.56034e+06
    Temperature Pres. DC (bar) Pressure (bar)   Constr. rmsd
    2.98059e+02   -1.54344e+02   -3.16590e+01    0.00000e+00

           Step           Time
          37500       75.00000

   Energies (kJ/mol)
           Bond          Angle    Proper Dih. Per. Imp. Dih.          LJ-14
    7.49900e+03    2.00774e+04    2.57867e+04    1.19109e+03    9.42652e+03
     Coulomb-14        LJ (SR)  Disper. corr.   Coulomb (SR)   Coul. recip.
    1.18956e+05    4.93311e+05   -2.05393e+04   -3.80051e+06    1.09291e+04
 Position Rest.      Potential    Kinetic En.   Total Energy  Conserved En.
    2.46347e+03   -3.13141e+06    5.46072e+05   -2.58534e+06   -2.56030e+06
    Temperature Pres. DC (bar) Pressure (bar)   Constr. rmsd
    2.97276e+02   -1.54230e+02   -6.12817e+01    0.00000e+00

           Step           Time
          38000       76.00000

   Energies (kJ/mol)
           Bond          Angle    Proper Dih. Per. Imp. Dih.          LJ-14
    7.23196e+03    2.01275e+04    2.57939e+04    1.21436e+03    9.49503e+03
     Coulomb-14        LJ (SR)  Disper. corr.   Coulomb (SR)   Coul. recip.
    1.18787e+05    4.93014e+05   -2.06213e+04   -3.79726e+06    1.07676e+04
 Position Rest.      Potential    Kinetic En.   Total Energy  Conserved En.
    2.40179e+03   -3.12905e+06    5.47735e+05   -2.58132e+06   -2.56029e+06
    Temperature Pres. DC (bar) Pressure (bar)   Constr. rmsd
    2.98182e+02   -1.55464e+02    9.48872e+00    0.00000e+00

           Step           Time
          38500       77.00000

   Energies (kJ/mol)
           Bond          Angle    Proper Dih. Per. Imp. Dih.          LJ-14
    7.04838e+03    2.01578e+04    2.59047e+04    1.27147e+03    9.65711e+03
     Coulomb-14        LJ (SR)  Disper. corr.   Coulomb (SR)   Coul. recip.
    1.19067e+05    4.93943e+05   -2.05658e+04   -3.79980e+06    1.09010e+04
 Position Rest.      Potential    Kinetic En.   Total Energy  Conserved En.
    2.52242e+03   -3.12990e+06    5.48625e+05   -2.58127e+06   -2.56025e+06
    Temperature Pres. DC (bar) Pressure (bar)   Constr. rmsd
    2.98666e+02   -1.54628e+02    5.28880e+01    0.00000e+00

           Step           Time
          39000       78.00000

   Energies (kJ/mol)
           Bond          Angle    Proper Dih. Per. Imp. Dih.          LJ-14
    7.25280e+03    1.97223e+04    2.57714e+04    1.19889e+03    9.66292e+03
     Coulomb-14        LJ (SR)  Disper. corr.   Coulomb (SR)   Coul. recip.
    1.18954e+05    4.95128e+05   -2.05385e+04   -3.80076e+06    1.09222e+04
 Position Rest.      Potential    Kinetic En.   Total Energy  Conserved En.
    2.45324e+03   -3.13024e+06    5.46358e+05   -2.58388e+06   -2.56024e+06
    Temperature Pres. DC (bar) Pressure (bar)   Constr. rmsd
    2.97432e+02   -1.54219e+02    1.08471e+02    0.00000e+00

           Step           Time
          39500       79.00000

   Energies (kJ/mol)
           Bond          Angle    Proper Dih. Per. Imp. Dih.          LJ-14
    7.31926e+03    1.97734e+04    2.57343e+04    1.28405e+03    9.64188e+03
     Coulomb-14        LJ (SR)  Disper. corr.   Coulomb (SR)   Coul. recip.
    1.18996e+05    4.93152e+05   -2.05467e+04   -3.80006e+06    1.06718e+04
 Position Rest.      Potential    Kinetic En.   Total Energy  Conserved En.
    2.49282e+03   -3.13154e+06    5.45572e+05   -2.58597e+06   -2.56020e+06
    Temperature Pres. DC (bar) Pressure (bar)   Constr. rmsd
    2.97004e+02   -1.54341e+02   -8.61637e+01    0.00000e+00

           Step           Time
          40000       80.00000

   Energies (kJ/mol)
           Bond          Angle    Proper Dih. Per. Imp. Dih.          LJ-14
    7.01937e+03    2.00245e+04    2.58533e+04    1.27338e+03    9.65079e+03
     Coulomb-14        LJ (SR)  Disper. corr.   Coulomb (SR)   Coul. recip.
    1.18910e+05    4.94886e+05   -2.05828e+04   -3.80116e+06    1.08003e+04
 Position Rest.      Potential    Kinetic En.   Total Energy  Conserved En.
    2.48603e+03   -3.13084e+06    5.48098e+05   -2.58274e+06   -2.56023e+06
    Temperature Pres. DC (bar) Pressure (bar)   Constr. rmsd
    2.98379e+02   -1.54884e+02    1.08878e+02    0.00000e+00

           Step           Time
          40500       81.00000

   Energies (kJ/mol)
           Bond          Angle    Proper Dih. Per. Imp. Dih.          LJ-14
    7.18415e+03    1.96714e+04    2.59159e+04    1.25437e+03    9.58784e+03
     Coulomb-14        LJ (SR)  Disper. corr.   Coulomb (SR)   Coul. recip.
    1.18942e+05    4.95856e+05   -2.05216e+04   -3.80114e+06    1.08480e+04
 Position Rest.      Potential    Kinetic En.   Total Energy  Conserved En.
    2.36147e+03   -3.13004e+06    5.46618e+05   -2.58342e+06   -2.56013e+06
    Temperature Pres. DC (bar) Pressure (bar)   Constr. rmsd
    2.97573e+02   -1.53965e+02    2.10648e+01    0.00000e+00

           Step           Time
          41000       82.00000

   Energies (kJ/mol)
           Bond          Angle    Proper Dih. Per. Imp. Dih.          LJ-14
    7.41556e+03    1.98164e+04    2.58163e+04    1.21737e+03    9.44630e+03
     Coulomb-14        LJ (SR)  Disper. corr.   Coulomb (SR)   Coul. recip.
    1.18766e+05    4.93009e+05   -2.05673e+04   -3.79847e+06    1.09727e+04
 Position Rest.      Potential    Kinetic En.   Total Energy  Conserved En.
    2.50343e+03   -3.13008e+06    5.46253e+05   -2.58382e+06   -2.56010e+06
    Temperature Pres. DC (bar) Pressure (bar)   Constr. rmsd
    2.97375e+02   -1.54650e+02   -4.69038e+01    0.00000e+00

           Step           Time
          41500       83.00000

   Energies (kJ/mol)
           Bond          Angle    Proper Dih. Per. Imp. Dih.          LJ-14
    7.40674e+03    1.96738e+04    2.56512e+04    1.14795e+03    9.53900e+03
     Coulomb-14        LJ (SR)  Disper. corr.   Coulomb (SR)   Coul. recip.
    1.19016e+05    4.93841e+05   -2.05423e+04   -3.79902e+06    1.08577e+04
 Position Rest.      Potential    Kinetic En.   Total Energy  Conserved En.
    2.47255e+03   -3.12996e+06    5.44761e+05   -2.58520e+06   -2.56011e+06
    Temperature Pres. DC (bar) Pressure (bar)   Constr. rmsd
    2.96563e+02   -1.54275e+02    7.70635e+00    0.00000e+00

           Step           Time
          42000       84.00000

   Energies (kJ/mol)
           Bond          Angle    Proper Dih. Per. Imp. Dih.          LJ-14
    7.25069e+03    2.00802e+04    2.58111e+04    1.24760e+03    9.63451e+03
     Coulomb-14        LJ (SR)  Disper. corr.   Coulomb (SR)   Coul. recip.
    1.18795e+05    4.97329e+05   -2.05919e+04   -3.80647e+06    1.07810e+04
 Position Rest.      Potential    Kinetic En.   Total Energy  Conserved En.
    2.48875e+03   -3.13364e+06    5.44071e+05   -2.58957e+06   -2.56002e+06
    Temperature Pres. DC (bar) Pressure (bar)   Constr. rmsd
    2.96187e+02   -1.55021e+02    1.21769e+02    0.00000e+00

           Step           Time
          42500       85.00000

   Energies (kJ/mol)
           Bond          Angle    Proper Dih. Per. Imp. Dih.          LJ-14
    7.31407e+03    1.98238e+04    2.57615e+04    1.17264e+03    9.55551e+03
     Coulomb-14        LJ (SR)  Disper. corr.   Coulomb (SR)   Coul. recip.
    1.19216e+05    4.93559e+05   -2.05586e+04   -3.80010e+06    1.09455e+04
 Position Rest.      Potential    Kinetic En.   Total Energy  Conserved En.
    2.49432e+03   -3.13081e+06    5.45655e+05   -2.58516e+06   -2.56008e+06
    Temperature Pres. DC (bar) Pressure (bar)   Constr. rmsd
    2.97049e+02   -1.54520e+02   -9.94553e+01    0.00000e+00

           Step           Time
          43000       86.00000

   Energies (kJ/mol)
           Bond          Angle    Proper Dih. Per. Imp. Dih.          LJ-14
    7.16830e+03    1.99146e+04    2.58378e+04    1.22321e+03    9.68827e+03
     Coulomb-14        LJ (SR)  Disper. corr.   Coulomb (SR)   Coul. recip.
    1.19050e+05    4.94058e+05   -2.05621e+04   -3.79855e+06    1.07003e+04
 Position Rest.      Potential    Kinetic En.   Total Energy  Conserved En.
    2.37331e+03   -3.12910e+06    5.48029e+05   -2.58107e+06   -2.56010e+06
    Temperature Pres. DC (bar) Pressure (bar)   Constr. rmsd
    2.98341e+02   -1.54572e+02   -3.79366e+00    0.00000e+00

           Step           Time
          43500       87.00000

   Energies (kJ/mol)
           Bond          Angle    Proper Dih. Per. Imp. Dih.          LJ-14
    7.35047e+03    2.00406e+04    2.60628e+04    1.29490e+03    9.47034e+03
     Coulomb-14        LJ (SR)  Disper. corr.   Coulomb (SR)   Coul. recip.
    1.19213e+05    4.94393e+05   -2.05576e+04   -3.80129e+06    1.08712e+04
 Position Rest.      Potential    Kinetic En.   Total Energy  Conserved En.
    2.52019e+03   -3.13063e+06    5.49506e+05   -2.58113e+06   -2.56007e+06
    Temperature Pres. DC (bar) Pressure (bar)   Constr. rmsd
    2.99145e+02   -1.54504e+02   -5.15572e+00    0.00000e+00

           Step           Time
          44000       88.00000

   Energies (kJ/mol)
           Bond          Angle    Proper Dih. Per. Imp. Dih.          LJ-14
    7.44068e+03    2.00758e+04    2.58375e+04    1.16039e+03    9.42840e+03
     Coulomb-14        LJ (SR)  Disper. corr.   Coulomb (SR)   Coul. recip.
    1.18682e+05    4.94638e+05   -2.05868e+04   -3.80072e+06    1.07622e+04
 Position Rest.      Potential    Kinetic En.   Total Energy  Conserved En.
    2.60601e+03   -3.13068e+06    5.43970e+05   -2.58671e+06   -2.56002e+06
    Temperature Pres. DC (bar) Pressure (bar)   Constr. rmsd
    2.96132e+02   -1.54943e+02   -5.01893e+01    0.00000e+00

           Step           Time
          44500       89.00000

   Energies (kJ/mol)
           Bond          Angle    Proper Dih. Per. Imp. Dih.          LJ-14
    7.31286e+03    2.02689e+04    2.57994e+04    1.22718e+03    9.68269e+03
     Coulomb-14        LJ (SR)  Disper. corr.   Coulomb (SR)   Coul. recip.
    1.19099e+05    4.93028e+05   -2.05866e+04   -3.79846e+06    1.07724e+04
 Position Rest.      Potential    Kinetic En.   Total Energy  Conserved En.
    2.53151e+03   -3.12932e+06    5.45876e+05   -2.58344e+06   -2.55998e+06
    Temperature Pres. DC (bar) Pressure (bar)   Constr. rmsd
    2.97170e+02   -1.54940e+02   -8.19072e+00    0.00000e+00

           Step           Time
          45000       90.00000

   Energies (kJ/mol)
           Bond          Angle    Proper Dih. Per. Imp. Dih.          LJ-14
    7.17080e+03    1.98079e+04    2.57771e+04    1.23070e+03    9.58578e+03
     Coulomb-14        LJ (SR)  Disper. corr.   Coulomb (SR)   Coul. recip.
    1.18840e+05    4.95206e+05   -2.05644e+04   -3.80231e+06    1.06052e+04
 Position Rest.      Potential    Kinetic En.   Total Energy  Conserved En.
    2.48063e+03   -3.13217e+06    5.49084e+05   -2.58308e+06   -2.56008e+06
    Temperature Pres. DC (bar) Pressure (bar)   Constr. rmsd
    2.98916e+02   -1.54607e+02    2.53169e+01    0.00000e+00

           Step           Time
          45500       91.00000

   Energies (kJ/mol)
           Bond          Angle    Proper Dih. Per. Imp. Dih.          LJ-14
    7.40263e+03    1.98170e+04    2.58842e+04    1.32018e+03    9.49851e+03
     Coulomb-14        LJ (SR)  Disper. corr.   Coulomb (SR)   Coul. recip.
    1.18672e+05    4.93212e+05   -2.05888e+04   -3.80090e+06    1.05538e+04
 Position Rest.      Potential    Kinetic En.   Total Energy  Conserved En.
    2.37573e+03   -3.13275e+06    5.48544e+05   -2.58421e+06   -2.56000e+06
    Temperature Pres. DC (bar) Pressure (bar)   Constr. rmsd
    2.98622e+02   -1.54975e+02   -3.36578e+00    0.00000e+00

           Step           Time
          46000       92.00000

   Energies (kJ/mol)
           Bond          Angle    Proper Dih. Per. Imp. Dih.          LJ-14
    7.44097e+03    2.00282e+04    2.58277e+04    1.32574e+03    9.47127e+03
     Coulomb-14        LJ (SR)  Disper. corr.   Coulomb (SR)   Coul. recip.
    1.18713e+05    4.98581e+05   -2.06070e+04   -3.80494e+06    1.09581e+04
 Position Rest.      Potential    Kinetic En.   Total Energy  Conserved En.
    2.45814e+03   -3.13074e+06    5.46819e+05   -2.58392e+06   -2.55990e+06
    Temperature Pres. DC (bar) Pressure (bar)   Constr. rmsd
    2.97683e+02   -1.55247e+02    7.38259e+01    0.00000e+00

           Step           Time
          46500       93.00000

   Energies (kJ/mol)
           Bond          Angle    Proper Dih. Per. Imp. Dih.          LJ-14
    7.33588e+03    1.99282e+04    2.57217e+04    1.30397e+03    9.57388e+03
     Coulomb-14        LJ (SR)  Disper. corr.   Coulomb (SR)   Coul. recip.
    1.19281e+05    4.94736e+05   -2.05683e+04   -3.80187e+06    1.09242e+04
 Position Rest.      Potential    Kinetic En.   Total Energy  Conserved En.
    2.43311e+03   -3.13120e+06    5.46769e+05   -2.58443e+06   -2.55975e+06
    Temperature Pres. DC (bar) Pressure (bar)   Constr. rmsd
    2.97656e+02   -1.54666e+02    6.67043e+01    0.00000e+00

           Step           Time
          47000       94.00000

   Energies (kJ/mol)
           Bond          Angle    Proper Dih. Per. Imp. Dih.          LJ-14
    7.44483e+03    1.98469e+04    2.58697e+04    1.21616e+03    9.52193e+03
     Coulomb-14        LJ (SR)  Disper. corr.   Coulomb (SR)   Coul. recip.
    1.18919e+05    4.92824e+05   -2.05693e+04   -3.80165e+06    1.06982e+04
 Position Rest.      Potential    Kinetic En.   Total Energy  Conserved En.
    2.32696e+03   -3.13355e+06    5.47032e+05   -2.58652e+06   -2.55980e+06
    Temperature Pres. DC (bar) Pressure (bar)   Constr. rmsd
    2.97799e+02   -1.54680e+02   -5.39028e+01    0.00000e+00

           Step           Time
          47500       95.00000

   Energies (kJ/mol)
           Bond          Angle    Proper Dih. Per. Imp. Dih.          LJ-14
    7.35494e+03    1.96195e+04    2.58923e+04    1.26872e+03    9.68322e+03
     Coulomb-14        LJ (SR)  Disper. corr.   Coulomb (SR)   Coul. recip.
    1.19012e+05    4.92792e+05   -2.05660e+04   -3.79784e+06    1.07737e+04
 Position Rest.      Potential    Kinetic En.   Total Energy  Conserved En.
    2.42814e+03   -3.12958e+06    5.46228e+05   -2.58335e+06   -2.55980e+06
    Temperature Pres. DC (bar) Pressure (bar)   Constr. rmsd
    2.97361e+02   -1.54631e+02    3.01203e+00    0.00000e+00

           Step           Time
          48000       96.00000

   Energies (kJ/mol)
           Bond          Angle    Proper Dih. Per. Imp. Dih.          LJ-14
    7.37078e+03    2.01435e+04    2.58576e+04    1.20012e+03    9.57007e+03
     Coulomb-14        LJ (SR)  Disper. corr.   Coulomb (SR)   Coul. recip.
    1.18970e+05    4.96403e+05   -2.05413e+04   -3.80147e+06    1.08119e+04
 Position Rest.      Potential    Kinetic En.   Total Energy  Conserved En.
    2.38039e+03   -3.12930e+06    5.48132e+05   -2.58117e+06   -2.55979e+06
    Temperature Pres. DC (bar) Pressure (bar)   Constr. rmsd
    2.98397e+02   -1.54261e+02    1.41248e+01    0.00000e+00

           Step           Time
          48500       97.00000

   Energies (kJ/mol)
           Bond          Angle    Proper Dih. Per. Imp. Dih.          LJ-14
    7.19156e+03    1.95755e+04    2.58477e+04    1.20290e+03    9.62514e+03
     Coulomb-14        LJ (SR)  Disper. corr.   Coulomb (SR)   Coul. recip.
    1.19086e+05    4.95117e+05   -2.05886e+04   -3.80276e+06    1.06792e+04
 Position Rest.      Potential    Kinetic En.   Total Energy  Conserved En.
    2.44555e+03   -3.13257e+06    5.47238e+05   -2.58534e+06   -2.55976e+06
    Temperature Pres. DC (bar) Pressure (bar)   Constr. rmsd
    2.97911e+02   -1.54970e+02    2.55944e+01    0.00000e+00

           Step           Time
          49000       98.00000

   Energies (kJ/mol)
           Bond          Angle    Proper Dih. Per. Imp. Dih.          LJ-14
    7.01979e+03    2.00046e+04    2.57873e+04    1.17401e+03    9.59533e+03
     Coulomb-14        LJ (SR)  Disper. corr.   Coulomb (SR)   Coul. recip.
    1.19140e+05    4.92750e+05   -2.05309e+04   -3.79960e+06    1.06732e+04
 Position Rest.      Potential    Kinetic En.   Total Energy  Conserved En.
    2.46049e+03   -3.13153e+06    5.48262e+05   -2.58327e+06   -2.55974e+06
    Temperature Pres. DC (bar) Pressure (bar)   Constr. rmsd
    2.98468e+02   -1.54105e+02   -1.11370e+02    0.00000e+00

           Step           Time
          49500       99.00000

   Energies (kJ/mol)
           Bond          Angle    Proper Dih. Per. Imp. Dih.          LJ-14
    7.33454e+03    2.02766e+04    2.58353e+04    1.21080e+03    9.67518e+03
     Coulomb-14        LJ (SR)  Disper. corr.   Coulomb (SR)   Coul. recip.
    1.18924e+05    4.90576e+05   -2.05866e+04   -3.79430e+06    1.09325e+04
 Position Rest.      Potential    Kinetic En.   Total Energy  Conserved En.
    2.43474e+03   -3.12769e+06    5.46679e+05   -2.58101e+06   -2.55967e+06
    Temperature Pres. DC (bar) Pressure (bar)   Constr. rmsd
    2.97607e+02   -1.54941e+02   -3.17985e+00    0.00000e+00

           Step           Time
          50000      100.00000

   Energies (kJ/mol)
           Bond          Angle    Proper Dih. Per. Imp. Dih.          LJ-14
    7.17240e+03    2.00134e+04    2.57118e+04    1.24217e+03    9.53602e+03
     Coulomb-14        LJ (SR)  Disper. corr.   Coulomb (SR)   Coul. recip.
    1.18958e+05    4.96669e+05   -2.05667e+04   -3.80163e+06    1.09678e+04
 Position Rest.      Potential    Kinetic En.   Total Energy  Conserved En.
    2.46121e+03   -3.12947e+06    5.47494e+05   -2.58197e+06   -2.55967e+06
    Temperature Pres. DC (bar) Pressure (bar)   Constr. rmsd
    2.98050e+02   -1.54641e+02    9.55386e+01    0.00000e+00

           Step           Time
          50500      101.00000

   Energies (kJ/mol)
           Bond          Angle    Proper Dih. Per. Imp. Dih.          LJ-14
    7.28596e+03    1.96609e+04    2.57222e+04    1.24082e+03    9.64344e+03
     Coulomb-14        LJ (SR)  Disper. corr.   Coulomb (SR)   Coul. recip.
    1.19510e+05    4.98369e+05   -2.06120e+04   -3.80834e+06    1.08098e+04
 Position Rest.      Potential    Kinetic En.   Total Energy  Conserved En.
    2.43236e+03   -3.13427e+06    5.48012e+05   -2.58626e+06   -2.55966e+06
    Temperature Pres. DC (bar) Pressure (bar)   Constr. rmsd
    2.98332e+02   -1.55323e+02    1.08001e+02    0.00000e+00

           Step           Time
          51000      102.00000

   Energies (kJ/mol)
           Bond          Angle    Proper Dih. Per. Imp. Dih.          LJ-14
    7.36807e+03    1.97743e+04    2.57801e+04    1.16990e+03    9.67403e+03
     Coulomb-14        LJ (SR)  Disper. corr.   Coulomb (SR)   Coul. recip.
    1.19105e+05    4.94567e+05   -2.05243e+04   -3.79988e+06    1.09000e+04
 Position Rest.      Potential    Kinetic En.   Total Energy  Conserved En.
    2.50319e+03   -3.12956e+06    5.46535e+05   -2.58302e+06   -2.55962e+06
    Temperature Pres. DC (bar) Pressure (bar)   Constr. rmsd
    2.97528e+02   -1.54005e+02   -2.00235e+01    0.00000e+00

           Step           Time
          51500      103.00000

   Energies (kJ/mol)
           Bond          Angle    Proper Dih. Per. Imp. Dih.          LJ-14
    7.30871e+03    1.96478e+04    2.59338e+04    1.12952e+03    9.45118e+03
     Coulomb-14        LJ (SR)  Disper. corr.   Coulomb (SR)   Coul. recip.
    1.18798e+05    4.98596e+05   -2.06087e+04   -3.80516e+06    1.06902e+04
 Position Rest.      Potential    Kinetic En.   Total Energy  Conserved En.
    2.42685e+03   -3.13179e+06    5.48166e+05   -2.58362e+06   -2.55963e+06
    Temperature Pres. DC (bar) Pressure (bar)   Constr. rmsd
    2.98416e+02   -1.55274e+02    1.15070e+02    0.00000e+00

           Step           Time
          52000      104.00000

   Energies (kJ/mol)
           Bond          Angle    Proper Dih. Per. Imp. Dih.          LJ-14
    7.17869e+03    1.99224e+04    2.58498e+04    1.18670e+03    9.49877e+03
     Coulomb-14        LJ (SR)  Disper. corr.   Coulomb (SR)   Coul. recip.
    1.19083e+05    4.92468e+05   -2.05535e+04   -3.80120e+06    1.08479e+04
 Position Rest.      Potential    Kinetic En.   Total Energy  Conserved En.
    2.40462e+03   -3.13331e+06    5.47016e+05   -2.58630e+06   -2.55961e+06
    Temperature Pres. DC (bar) Pressure (bar)   Constr. rmsd
    2.97790e+02   -1.54443e+02   -3.22242e+01    0.00000e+00

           Step           Time
          52500      105.00000

   Energies (kJ/mol)
           Bond          Angle    Proper Dih. Per. Imp. Dih.          LJ-14
    7.27910e+03    1.98473e+04    2.58509e+04    1.26053e+03    9.55982e+03
     Coulomb-14        LJ (SR)  Disper. corr.   Coulomb (SR)   Coul. recip.
    1.19103e+05    4.96018e+05   -2.06146e+04   -3.80552e+06    1.08057e+04
 Position Rest.      Potential    Kinetic En.   Total Energy  Conserved En.
    2.51041e+03   -3.13390e+06    5.46078e+05   -2.58782e+06   -2.55949e+06
    Temperature Pres. DC (bar) Pressure (bar)   Constr. rmsd
    2.97279e+02   -1.55363e+02    6.99657e+01    0.00000e+00

           Step           Time
          53000      106.00000

   Energies (kJ/mol)
           Bond          Angle    Proper Dih. Per. Imp. Dih.          LJ-14
    7.19844e+03    1.98160e+04    2.57719e+04    1.23947e+03    9.64465e+03
     Coulomb-14        LJ (SR)  Disper. corr.   Coulomb (SR)   Coul. recip.
    1.18946e+05    4.92621e+05   -2.05841e+04   -3.79860e+06    1.09013e+04
 Position Rest.      Potential    Kinetic En.   Total Energy  Conserved En.
    2.43478e+03   -3.13061e+06    5.47961e+05   -2.58265e+06   -2.55951e+06
    Temperature Pres. DC (bar) Pressure (bar)   Constr. rmsd
    2.98305e+02   -1.54903e+02    1.43771e+00    0.00000e+00

           Step           Time
          53500      107.00000

   Energies (kJ/mol)
           Bond          Angle    Proper Dih. Per. Imp. Dih.          LJ-14
    7.21922e+03    2.00043e+04    2.56455e+04    1.20059e+03    9.80940e+03
     Coulomb-14        LJ (SR)  Disper. corr.   Coulomb (SR)   Coul. recip.
    1.19009e+05    4.91299e+05   -2.05371e+04   -3.79741e+06    1.06856e+04
 Position Rest.      Potential    Kinetic En.   Total Energy  Conserved En.
    2.41445e+03   -3.13066e+06    5.47111e+05   -2.58355e+06   -2.55946e+06
    Temperature Pres. DC (bar) Pressure (bar)   Constr. rmsd
    2.97842e+02   -1.54198e+02   -4.36206e+01    0.00000e+00

           Step           Time
          54000      108.00000

   Energies (kJ/mol)
           Bond          Angle    Proper Dih. Per. Imp. Dih.          LJ-14
    7.40908e+03    2.01986e+04    2.58220e+04    1.20428e+03    9.54860e+03
     Coulomb-14        LJ (SR)  Disper. corr.   Coulomb (SR)   Coul. recip.
    1.18909e+05    4.95431e+05   -2.05854e+04   -3.80325e+06    1.07416e+04
 Position Rest.      Potential    Kinetic En.   Total Energy  Conserved En.
    2.52980e+03   -3.13205e+06    5.48393e+05   -2.58365e+06   -2.55943e+06
    Temperature Pres. DC (bar) Pressure (bar)   Constr. rmsd
    2.98540e+02   -1.54922e+02    1.04530e+01    0.00000e+00

           Step           Time
          54500      109.00000

   Energies (kJ/mol)
           Bond          Angle    Proper Dih. Per. Imp. Dih.          LJ-14
    7.15819e+03    2.02624e+04    2.57982e+04    1.25853e+03    9.59657e+03
     Coulomb-14        LJ (SR)  Disper. corr.   Coulomb (SR)   Coul. recip.
    1.18898e+05    4.94637e+05   -2.05367e+04   -3.80029e+06    1.06929e+04
 Position Rest.      Potential    Kinetic En.   Total Energy  Conserved En.
    2.42422e+03   -3.13010e+06    5.47500e+05   -2.58260e+06   -2.55939e+06
    Temperature Pres. DC (bar) Pressure (bar)   Constr. rmsd
    2.98053e+02   -1.54192e+02   -1.65980e+01    0.00000e+00

           Step           Time
          55000      110.00000

   Energies (kJ/mol)
           Bond          Angle    Proper Dih. Per. Imp. Dih.          LJ-14
    7.16806e+03    1.98980e+04    2.57081e+04    1.14216e+03    9.50905e+03
     Coulomb-14        LJ (SR)  Disper. corr.   Coulomb (SR)   Coul. recip.
    1.19154e+05    4.92568e+05   -2.05569e+04   -3.79916e+06    1.08509e+04
 Position Rest.      Potential    Kinetic En.   Total Energy  Conserved En.
    2.45079e+03   -3.13126e+06    5.47600e+05   -2.58366e+06   -2.55938e+06
    Temperature Pres. DC (bar) Pressure (bar)   Constr. rmsd
    2.98108e+02   -1.54494e+02   -1.07391e+02    0.00000e+00

           Step           Time
          55500      111.00000

   Energies (kJ/mol)
           Bond          Angle    Proper Dih. Per. Imp. Dih.          LJ-14
    7.39011e+03    2.00478e+04    2.59529e+04    1.25282e+03    9.57233e+03
     Coulomb-14        LJ (SR)  Disper. corr.   Coulomb (SR)   Coul. recip.
    1.19153e+05    4.91514e+05   -2.05608e+04   -3.79551e+06    1.08407e+04
 Position Rest.      Potential    Kinetic En.   Total Energy  Conserved En.
    2.45492e+03   -3.12789e+06    5.48284e+05   -2.57961e+06   -2.55940e+06
    Temperature Pres. DC (bar) Pressure (bar)   Constr. rmsd
    2.98480e+02   -1.54553e+02   -3.10946e+01    0.00000e+00

           Step           Time
          56000      112.00000

   Energies (kJ/mol)
           Bond          Angle    Proper Dih. Per. Imp. Dih.          LJ-14
    7.20571e+03    2.01891e+04    2.56977e+04    1.23063e+03    9.57783e+03
     Coulomb-14        LJ (SR)  Disper. corr.   Coulomb (SR)   Coul. recip.
    1.18873e+05    4.93688e+05   -2.05650e+04   -3.79874e+06    1.09065e+04
 Position Rest.      Potential    Kinetic En.   Total Energy  Conserved En.
    2.44308e+03   -3.12949e+06    5.44304e+05   -2.58519e+06   -2.55935e+06
    Temperature Pres. DC (bar) Pressure (bar)   Constr. rmsd
    2.96314e+02   -1.54616e+02   -1.01844e+02    0.00000e+00

           Step           Time
          56500      113.00000

   Energies (kJ/mol)
           Bond          Angle    Proper Dih. Per. Imp. Dih.          LJ-14
    7.41108e+03    1.99881e+04    2.58616e+04    1.22189e+03    9.61047e+03
     Coulomb-14        LJ (SR)  Disper. corr.   Coulomb (SR)   Coul. recip.
    1.18701e+05    4.96301e+05   -2.05644e+04   -3.80081e+06    1.08027e+04
 Position Rest.      Potential    Kinetic En.   Total Energy  Conserved En.
    2.44782e+03   -3.12903e+06    5.49413e+05   -2.57962e+06   -2.55936e+06
    Temperature Pres. DC (bar) Pressure (bar)   Constr. rmsd
    2.99095e+02   -1.54607e+02    5.79272e+01    0.00000e+00

           Step           Time
          57000      114.00000

   Energies (kJ/mol)
           Bond          Angle    Proper Dih. Per. Imp. Dih.          LJ-14
    7.19115e+03    1.98537e+04    2.56980e+04    1.16245e+03    9.70096e+03
     Coulomb-14        LJ (SR)  Disper. corr.   Coulomb (SR)   Coul. recip.
    1.18742e+05    4.94713e+05   -2.05648e+04   -3.80006e+06    1.09303e+04
 Position Rest.      Potential    Kinetic En.   Total Energy  Conserved En.
    2.42695e+03   -3.13021e+06    5.46821e+05   -2.58339e+06   -2.55932e+06
    Temperature Pres. DC (bar) Pressure (bar)   Constr. rmsd
    2.97684e+02   -1.54612e+02    4.55484e+01    0.00000e+00

           Step           Time
          57500      115.00000

   Energies (kJ/mol)
           Bond          Angle    Proper Dih. Per. Imp. Dih.          LJ-14
    7.29578e+03    2.01227e+04    2.58000e+04    1.14983e+03    9.45757e+03
     Coulomb-14        LJ (SR)  Disper. corr.   Coulomb (SR)   Coul. recip.
    1.19032e+05    4.95506e+05   -2.05487e+04   -3.79945e+06    1.07265e+04
 Position Rest.      Potential    Kinetic En.   Total Energy  Conserved En.
    2.54677e+03   -3.12837e+06    5.48457e+05   -2.57991e+06   -2.55934e+06
    Temperature Pres. DC (bar) Pressure (bar)   Constr. rmsd
    2.98575e+02   -1.54371e+02   -5.38166e+01    0.00000e+00

           Step           Time
          58000      116.00000

   Energies (kJ/mol)
           Bond          Angle    Proper Dih. Per. Imp. Dih.          LJ-14
    7.45877e+03    2.00044e+04    2.57930e+04    1.22792e+03    9.56625e+03
     Coulomb-14        LJ (SR)  Disper. corr.   Coulomb (SR)   Coul. recip.
    1.18864e+05    4.91393e+05   -2.05793e+04   -3.79465e+06    1.08479e+04
 Position Rest.      Potential    Kinetic En.   Total Energy  Conserved En.
    2.48906e+03   -3.12758e+06    5.48064e+05   -2.57952e+06   -2.55929e+06
    Temperature Pres. DC (bar) Pressure (bar)   Constr. rmsd
    2.98360e+02   -1.54831e+02   -8.00282e+00    0.00000e+00

           Step           Time
          58500      117.00000

   Energies (kJ/mol)
           Bond          Angle    Proper Dih. Per. Imp. Dih.          LJ-14
    7.18827e+03    2.00279e+04    2.58829e+04    1.28348e+03    9.64465e+03
     Coulomb-14        LJ (SR)  Disper. corr.   Coulomb (SR)   Coul. recip.
    1.19040e+05    4.91501e+05   -2.05876e+04   -3.79469e+06    1.06501e+04
 Position Rest.      Potential    Kinetic En.   Total Energy  Conserved En.
    2.44132e+03   -3.12762e+06    5.48972e+05   -2.57865e+06   -2.55931e+06
    Temperature Pres. DC (bar) Pressure (bar)   Constr. rmsd
    2.98855e+02   -1.54955e+02   -2.39639e+01    0.00000e+00

           Step           Time
          59000      118.00000

   Energies (kJ/mol)
           Bond          Angle    Proper Dih. Per. Imp. Dih.          LJ-14
    7.32387e+03    1.98099e+04    2.56912e+04    1.18937e+03    9.60721e+03
     Coulomb-14        LJ (SR)  Disper. corr.   Coulomb (SR)   Coul. recip.
    1.18891e+05    4.92694e+05   -2.05252e+04   -3.79515e+06    1.07271e+04
 Position Rest.      Potential    Kinetic En.   Total Energy  Conserved En.
    2.55480e+03   -3.12719e+06    5.49016e+05   -2.57817e+06   -2.55930e+06
    Temperature Pres. DC (bar) Pressure (bar)   Constr. rmsd
    2.98879e+02   -1.54019e+02   -2.21956e+01    0.00000e+00

           Step           Time
          59500      119.00000

   Energies (kJ/mol)
           Bond          Angle    Proper Dih. Per. Imp. Dih.          LJ-14
    7.24248e+03    1.99479e+04    2.60583e+04    1.32993e+03    9.56191e+03
     Coulomb-14        LJ (SR)  Disper. corr.   Coulomb (SR)   Coul. recip.
    1.18658e+05    4.95722e+05   -2.05420e+04   -3.80244e+06    1.08219e+04
 Position Rest.      Potential    Kinetic En.   Total Energy  Conserved En.
    2.37790e+03   -3.13126e+06    5.47664e+05   -2.58360e+06   -2.55923e+06
    Temperature Pres. DC (bar) Pressure (bar)   Constr. rmsd
    2.98143e+02   -1.54270e+02    1.67248e+01    0.00000e+00

           Step           Time
          60000      120.00000

   Energies (kJ/mol)
           Bond          Angle    Proper Dih. Per. Imp. Dih.          LJ-14
    7.29494e+03    2.00283e+04    2.58348e+04    1.16029e+03    9.52151e+03
     Coulomb-14        LJ (SR)  Disper. corr.   Coulomb (SR)   Coul. recip.
    1.19164e+05    4.94646e+05   -2.05728e+04   -3.80126e+06    1.07629e+04
 Position Rest.      Potential    Kinetic En.   Total Energy  Conserved En.
    2.48105e+03   -3.13093e+06    5.47054e+05   -2.58388e+06   -2.55921e+06
    Temperature Pres. DC (bar) Pressure (bar)   Constr. rmsd
    2.97810e+02   -1.54734e+02    2.91306e+01    0.00000e+00

           Step           Time
          60500      121.00000

   Energies (kJ/mol)
           Bond          Angle    Proper Dih. Per. Imp. Dih.          LJ-14
    6.98484e+03    1.98767e+04    2.57478e+04    1.13534e+03    9.61655e+03
     Coulomb-14        LJ (SR)  Disper. corr.   Coulomb (SR)   Coul. recip.
    1.18944e+05    4.96538e+05   -2.06286e+04   -3.80600e+06    1.06253e+04
 Position Rest.      Potential    Kinetic En.   Total Energy  Conserved En.
    2.49747e+03   -3.13466e+06    5.47883e+05   -2.58678e+06   -2.55921e+06
    Temperature Pres. DC (bar) Pressure (bar)   Constr. rmsd
    2.98262e+02   -1.55572e+02    1.00454e+02    0.00000e+00

           Step           Time
          61000      122.00000

   Energies (kJ/mol)
           Bond          Angle    Proper Dih. Per. Imp. Dih.          LJ-14
    7.36798e+03    2.01433e+04    2.58414e+04    1.25651e+03    9.58988e+03
     Coulomb-14        LJ (SR)  Disper. corr.   Coulomb (SR)   Coul. recip.
    1.18855e+05    4.92547e+05   -2.05114e+04   -3.79647e+06    1.08533e+04
 Position Rest.      Potential    Kinetic En.   Total Energy  Conserved En.
    2.49184e+03   -3.12803e+06    5.47968e+05   -2.58007e+06   -2.55916e+06
    Temperature Pres. DC (bar) Pressure (bar)   Constr. rmsd
    2.98308e+02   -1.53813e+02   -4.47369e+01    0.00000e+00

           Step           Time
          61500      123.00000

   Energies (kJ/mol)
           Bond          Angle    Proper Dih. Per. Imp. Dih.          LJ-14
    7.27387e+03    1.99131e+04    2.57013e+04    1.23533e+03    9.51470e+03
     Coulomb-14        LJ (SR)  Disper. corr.   Coulomb (SR)   Coul. recip.
    1.18878e+05    4.99821e+05   -2.06294e+04   -3.80981e+06    1.06852e+04
 Position Rest.      Potential    Kinetic En.   Total Energy  Conserved En.
    2.46705e+03   -3.13495e+06    5.46434e+05   -2.58852e+06   -2.55905e+06
    Temperature Pres. DC (bar) Pressure (bar)   Constr. rmsd
    2.97473e+02   -1.55585e+02    1.34430e+02    0.00000e+00

           Step           Time
          62000      124.00000

   Energies (kJ/mol)
           Bond          Angle    Proper Dih. Per. Imp. Dih.          LJ-14
    7.20864e+03    1.96995e+04    2.57735e+04    1.16251e+03    9.50215e+03
     Coulomb-14        LJ (SR)  Disper. corr.   Coulomb (SR)   Coul. recip.
    1.18680e+05    4.90734e+05   -2.05255e+04   -3.79617e+06    1.08324e+04
 Position Rest.      Potential    Kinetic En.   Total Energy  Conserved En.
    2.41322e+03   -3.13069e+06    5.45989e+05   -2.58470e+06   -2.55901e+06
    Temperature Pres. DC (bar) Pressure (bar)   Constr. rmsd
    2.97231e+02   -1.54023e+02   -8.05666e+01    0.00000e+00

           Step           Time
          62500      125.00000

   Energies (kJ/mol)
           Bond          Angle    Proper Dih. Per. Imp. Dih.          LJ-14
    6.90336e+03    1.97695e+04    2.57051e+04    1.20928e+03    9.68093e+03
     Coulomb-14        LJ (SR)  Disper. corr.   Coulomb (SR)   Coul. recip.
    1.19042e+05    4.95567e+05   -2.05906e+04   -3.80229e+06    1.08482e+04
 Position Rest.      Potential    Kinetic En.   Total Energy  Conserved En.
    2.53245e+03   -3.13162e+06    5.47821e+05   -2.58380e+06   -2.55900e+06
    Temperature Pres. DC (bar) Pressure (bar)   Constr. rmsd
    2.98228e+02   -1.55001e+02    1.09896e+02    0.00000e+00

           Step           Time
          63000      126.00000

   Energies (kJ/mol)
           Bond          Angle    Proper Dih. Per. Imp. Dih.          LJ-14
    7.27592e+03    1.99366e+04    2.57915e+04    1.17324e+03    9.48619e+03
     Coulomb-14        LJ (SR)  Disper. corr.   Coulomb (SR)   Coul. recip.
    1.19247e+05    4.94543e+05   -2.04897e+04   -3.80026e+06    1.07943e+04
 Position Rest.      Potential    Kinetic En.   Total Energy  Conserved En.
    2.43460e+03   -3.13006e+06    5.46395e+05   -2.58367e+06   -2.55891e+06
    Temperature Pres. DC (bar) Pressure (bar)   Constr. rmsd
    2.97452e+02   -1.53487e+02   -5.46450e+01    0.00000e+00

           Step           Time
          63500      127.00000

   Energies (kJ/mol)
           Bond          Angle    Proper Dih. Per. Imp. Dih.          LJ-14
    7.10099e+03    1.96975e+04    2.58613e+04    1.12769e+03    9.50232e+03
     Coulomb-14        LJ (SR)  Disper. corr.   Coulomb (SR)   Coul. recip.
    1.19323e+05    4.94304e+05   -2.05455e+04   -3.80164e+06    1.08316e+04
 Position Rest.      Potential    Kinetic En.   Total Energy  Conserved En.
    2.51480e+03   -3.13192e+06    5.45875e+05   -2.58605e+06   -2.55892e+06
    Temperature Pres. DC (bar) Pressure (bar)   Constr. rmsd
    2.97169e+02   -1.54324e+02    2.13151e+01    0.00000e+00

           Step           Time
          64000      128.00000

   Energies (kJ/mol)
           Bond          Angle    Proper Dih. Per. Imp. Dih.          LJ-14
    7.15041e+03    1.97077e+04    2.58521e+04    1.24202e+03    9.48206e+03
     Coulomb-14        LJ (SR)  Disper. corr.   Coulomb (SR)   Coul. recip.
    1.18591e+05    4.92264e+05   -2.05943e+04   -3.79908e+06    1.07210e+04
 Position Rest.      Potential    Kinetic En.   Total Energy  Conserved En.
    2.53466e+03   -3.13213e+06    5.48724e+05   -2.58341e+06   -2.55893e+06
    Temperature Pres. DC (bar) Pressure (bar)   Constr. rmsd
    2.98720e+02   -1.55057e+02   -4.93739e+01    0.00000e+00

           Step           Time
          64500      129.00000

   Energies (kJ/mol)
           Bond          Angle    Proper Dih. Per. Imp. Dih.          LJ-14
    7.10861e+03    2.00788e+04    2.58087e+04    1.27167e+03    9.53158e+03
     Coulomb-14        LJ (SR)  Disper. corr.   Coulomb (SR)   Coul. recip.
    1.19134e+05    4.90790e+05   -2.05162e+04   -3.79580e+06    1.08485e+04
 Position Rest.      Potential    Kinetic En.   Total Energy  Conserved En.
    2.45827e+03   -3.12929e+06    5.48246e+05   -2.58104e+06   -2.55885e+06
    Temperature Pres. DC (bar) Pressure (bar)   Constr. rmsd
    2.98459e+02   -1.53883e+02   -6.54491e+01    0.00000e+00

           Step           Time
          65000      130.00000

   Energies (kJ/mol)
           Bond          Angle    Proper Dih. Per. Imp. Dih.          LJ-14
    7.26552e+03    1.99188e+04    2.57450e+04    1.18042e+03    9.61248e+03
     Coulomb-14        LJ (SR)  Disper. corr.   Coulomb (SR)   Coul. recip.
    1.18993e+05    4.94960e+05   -2.06301e+04   -3.80325e+06    1.05675e+04
 Position Rest.      Potential    Kinetic En.   Total Energy  Conserved En.
    2.35718e+03   -3.13328e+06    5.50881e+05   -2.58240e+06   -2.55873e+06
    Temperature Pres. DC (bar) Pressure (bar)   Constr. rmsd
    2.99894e+02   -1.55595e+02    9.90969e+01    0.00000e+00

           Step           Time
          65500      131.00000

   Energies (kJ/mol)
           Bond          Angle    Proper Dih. Per. Imp. Dih.          LJ-14
    7.23422e+03    1.97409e+04    2.58805e+04    1.21689e+03    9.68647e+03
     Coulomb-14        LJ (SR)  Disper. corr.   Coulomb (SR)   Coul. recip.
    1.18977e+05    4.94758e+05   -2.05475e+04   -3.79872e+06    1.08973e+04
 Position Rest.      Potential    Kinetic En.   Total Energy  Conserved En.
    2.40325e+03   -3.12847e+06    5.46505e+05   -2.58197e+06   -2.55868e+06
    Temperature Pres. DC (bar) Pressure (bar)   Constr. rmsd
    2.97512e+02   -1.54353e+02    5.54762e+01    0.00000e+00

           Step           Time
          66000      132.00000

   Energies (kJ/mol)
           Bond          Angle    Proper Dih. Per. Imp. Dih.          LJ-14
    7.33849e+03    2.02524e+04    2.57016e+04    1.27364e+03    9.52517e+03
     Coulomb-14        LJ (SR)  Disper. corr.   Coulomb (SR)   Coul. recip.
    1.18610e+05    4.95963e+05   -2.05353e+04   -3.79930e+06    1.08214e+04
 Position Rest.      Potential    Kinetic En.   Total Energy  Conserved En.
    2.46088e+03   -3.12789e+06    5.49089e+05   -2.57880e+06   -2.55867e+06
    Temperature Pres. DC (bar) Pressure (bar)   Constr. rmsd
    2.98918e+02   -1.54170e+02    5.82646e+00    0.00000e+00

           Step           Time
          66500      133.00000

   Energies (kJ/mol)
           Bond          Angle    Proper Dih. Per. Imp. Dih.          LJ-14
    7.30296e+03    2.01439e+04    2.57876e+04    1.24060e+03    9.60976e+03
     Coulomb-14        LJ (SR)  Disper. corr.   Coulomb (SR)   Coul. recip.
    1.18711e+05    4.94060e+05   -2.06360e+04   -3.80001e+06    1.06511e+04
 Position Rest.      Potential    Kinetic En.   Total Energy  Conserved En.
    2.44658e+03   -3.13070e+06    5.46249e+05   -2.58445e+06   -2.55865e+06
    Temperature Pres. DC (bar) Pressure (bar)   Constr. rmsd
    2.97373e+02   -1.55685e+02    7.18861e+01    0.00000e+00

           Step           Time
          67000      134.00000

   Energies (kJ/mol)
           Bond          Angle    Proper Dih. Per. Imp. Dih.          LJ-14
    7.22731e+03    2.00184e+04    2.59333e+04    1.22141e+03    9.60708e+03
     Coulomb-14        LJ (SR)  Disper. corr.   Coulomb (SR)   Coul. recip.
    1.19034e+05    4.93809e+05   -2.05206e+04   -3.79948e+06    1.06081e+04
 Position Rest.      Potential    Kinetic En.   Total Energy  Conserved En.
    2.50636e+03   -3.13004e+06    5.48392e+05   -2.58165e+06   -2.55860e+06
    Temperature Pres. DC (bar) Pressure (bar)   Constr. rmsd
    2.98539e+02   -1.53950e+02   -2.65088e+01    0.00000e+00

           Step           Time
          67500      135.00000

   Energies (kJ/mol)
           Bond          Angle    Proper Dih. Per. Imp. Dih.          LJ-14
    7.21033e+03    2.03917e+04    2.59684e+04    1.26423e+03    9.63016e+03
     Coulomb-14        LJ (SR)  Disper. corr.   Coulomb (SR)   Coul. recip.
    1.18531e+05    4.94760e+05   -2.05420e+04   -3.79921e+06    1.08454e+04
 Position Rest.      Potential    Kinetic En.   Total Energy  Conserved En.
    2.50178e+03   -3.12865e+06    5.46393e+05   -2.58225e+06   -2.55852e+06
    Temperature Pres. DC (bar) Pressure (bar)   Constr. rmsd
    2.97451e+02   -1.54270e+02    1.53851e+01    0.00000e+00

           Step           Time
          68000      136.00000

   Energies (kJ/mol)
           Bond          Angle    Proper Dih. Per. Imp. Dih.          LJ-14
    6.99479e+03    2.03287e+04    2.56812e+04    1.18959e+03    9.69604e+03
     Coulomb-14        LJ (SR)  Disper. corr.   Coulomb (SR)   Coul. recip.
    1.18979e+05    4.92398e+05   -2.05214e+04   -3.79806e+06    1.07900e+04
 Position Rest.      Potential    Kinetic En.   Total Energy  Conserved En.
    2.45110e+03   -3.13008e+06    5.48946e+05   -2.58113e+06   -2.55855e+06
    Temperature Pres. DC (bar) Pressure (bar)   Constr. rmsd
    2.98841e+02   -1.53962e+02    3.17946e+01    0.00000e+00

           Step           Time
          68500      137.00000

   Energies (kJ/mol)
           Bond          Angle    Proper Dih. Per. Imp. Dih.          LJ-14
    7.53574e+03    2.01345e+04    2.58520e+04    1.18568e+03    9.48571e+03
     Coulomb-14        LJ (SR)  Disper. corr.   Coulomb (SR)   Coul. recip.
    1.18693e+05    4.93300e+05   -2.05418e+04   -3.79697e+06    1.07069e+04
 Position Rest.      Potential    Kinetic En.   Total Energy  Conserved En.
    2.45890e+03   -3.12816e+06    5.49339e+05   -2.57882e+06   -2.55851e+06
    Temperature Pres. DC (bar) Pressure (bar)   Constr. rmsd
    2.99054e+02   -1.54267e+02   -4.78880e+01    0.00000e+00

           Step           Time
          69000      138.00000

   Energies (kJ/mol)
           Bond          Angle    Proper Dih. Per. Imp. Dih.          LJ-14
    7.07550e+03    1.99018e+04    2.58348e+04    1.22446e+03    9.54563e+03
     Coulomb-14        LJ (SR)  Disper. corr.   Coulomb (SR)   Coul. recip.
    1.18923e+05    4.96228e+05   -2.05562e+04   -3.80213e+06    1.07678e+04
 Position Rest.      Potential    Kinetic En.   Total Energy  Conserved En.
    2.40858e+03   -3.13078e+06    5.48184e+05   -2.58259e+06   -2.55854e+06
    Temperature Pres. DC (bar) Pressure (bar)   Constr. rmsd
    2.98426e+02   -1.54483e+02    7.22646e+00    0.00000e+00

           Step           Time
          69500      139.00000

   Energies (kJ/mol)
           Bond          Angle    Proper Dih. Per. Imp. Dih.          LJ-14
    6.92431e+03    2.00428e+04    2.58998e+04    1.17881e+03    9.68662e+03
     Coulomb-14        LJ (SR)  Disper. corr.   Coulomb (SR)   Coul. recip.
    1.19081e+05    4.94314e+05   -2.05143e+04   -3.80025e+06    1.06927e+04
 Position Rest.      Potential    Kinetic En.   Total Energy  Conserved En.
    2.39616e+03   -3.13055e+06    5.49220e+05   -2.58133e+06   -2.55849e+06
    Temperature Pres. DC (bar) Pressure (bar)   Constr. rmsd
    2.98990e+02   -1.53856e+02   -1.62467e+01    0.00000e+00

           Step           Time
          70000      140.00000

   Energies (kJ/mol)
           Bond          Angle    Proper Dih. Per. Imp. Dih.          LJ-14
    7.33032e+03    1.97101e+04    2.56446e+04    1.26242e+03    9.68898e+03
     Coulomb-14        LJ (SR)  Disper. corr.   Coulomb (SR)   Coul. recip.
    1.19209e+05    4.96149e+05   -2.06274e+04   -3.80369e+06    1.06415e+04
 Position Rest.      Potential    Kinetic En.   Total Energy  Conserved En.
    2.46648e+03   -3.13221e+06    5.47057e+05   -2.58515e+06   -2.55837e+06
    Temperature Pres. DC (bar) Pressure (bar)   Constr. rmsd
    2.97812e+02   -1.55555e+02    7.54997e+01    0.00000e+00

           Step           Time
          70500      141.00000

   Energies (kJ/mol)
           Bond          Angle    Proper Dih. Per. Imp. Dih.          LJ-14
    7.18894e+03    1.95843e+04    2.57703e+04    1.23760e+03    9.52367e+03
     Coulomb-14        LJ (SR)  Disper. corr.   Coulomb (SR)   Coul. recip.
    1.19098e+05    4.92467e+05   -2.05472e+04   -3.80108e+06    1.08688e+04
 Position Rest.      Potential    Kinetic En.   Total Energy  Conserved En.
    2.51436e+03   -3.13338e+06    5.45416e+05   -2.58796e+06   -2.55835e+06
    Temperature Pres. DC (bar) Pressure (bar)   Constr. rmsd
    2.96919e+02   -1.54349e+02   -1.20255e+02    0.00000e+00

           Step           Time
          71000      142.00000

   Energies (kJ/mol)
           Bond          Angle    Proper Dih. Per. Imp. Dih.          LJ-14
    7.37873e+03    2.01741e+04    2.57672e+04    1.20297e+03    9.46274e+03
     Coulomb-14        LJ (SR)  Disper. corr.   Coulomb (SR)   Coul. recip.
    1.18645e+05    4.97829e+05   -2.06121e+04   -3.80698e+06    1.07396e+04
 Position Rest.      Potential    Kinetic En.   Total Energy  Conserved En.
    2.42671e+03   -3.13396e+06    5.48679e+05   -2.58528e+06   -2.55829e+06
    Temperature Pres. DC (bar) Pressure (bar)   Constr. rmsd
    2.98696e+02   -1.55324e+02    8.27142e+01    0.00000e+00

           Step           Time
          71500      143.00000

   Energies (kJ/mol)
           Bond          Angle    Proper Dih. Per. Imp. Dih.          LJ-14
    7.04882e+03    2.00285e+04    2.56759e+04    1.22941e+03    9.52447e+03
     Coulomb-14        LJ (SR)  Disper. corr.   Coulomb (SR)   Coul. recip.
    1.18980e+05    4.93023e+05   -2.05491e+04   -3.79957e+06    1.08738e+04
 Position Rest.      Potential    Kinetic En.   Total Energy  Conserved En.
    2.36816e+03   -3.13136e+06    5.48226e+05   -2.58314e+06   -2.55832e+06
    Temperature Pres. DC (bar) Pressure (bar)   Constr. rmsd
    2.98449e+02   -1.54377e+02   -4.59899e+01    0.00000e+00

           Step           Time
          72000      144.00000

   Energies (kJ/mol)
           Bond          Angle    Proper Dih. Per. Imp. Dih.          LJ-14
    7.76996e+03    1.96901e+04    2.58549e+04    1.21751e+03    9.51936e+03
     Coulomb-14        LJ (SR)  Disper. corr.   Coulomb (SR)   Coul. recip.
    1.18824e+05    4.94496e+05   -2.05695e+04   -3.79979e+06    1.06330e+04
 Position Rest.      Potential    Kinetic En.   Total Energy  Conserved En.
    2.37243e+03   -3.12998e+06    5.49012e+05   -2.58097e+06   -2.55827e+06
    Temperature Pres. DC (bar) Pressure (bar)   Constr. rmsd
    2.98877e+02   -1.54684e+02    3.09300e+00    0.00000e+00

           Step           Time
          72500      145.00000

   Energies (kJ/mol)
           Bond          Angle    Proper Dih. Per. Imp. Dih.          LJ-14
    7.48854e+03    1.95714e+04    2.57982e+04    1.20078e+03    9.50795e+03
     Coulomb-14        LJ (SR)  Disper. corr.   Coulomb (SR)   Coul. recip.
    1.18837e+05    4.93706e+05   -2.05274e+04   -3.79928e+06    1.08824e+04
 Position Rest.      Potential    Kinetic En.   Total Energy  Conserved En.
    2.56622e+03   -3.13025e+06    5.48627e+05   -2.58163e+06   -2.55831e+06
    Temperature Pres. DC (bar) Pressure (bar)   Constr. rmsd
    2.98667e+02   -1.54052e+02   -7.17105e+01    0.00000e+00

           Step           Time
          73000      146.00000

   Energies (kJ/mol)
           Bond          Angle    Proper Dih. Per. Imp. Dih.          LJ-14
    7.41955e+03    1.97320e+04    2.57989e+04    1.26588e+03    9.62733e+03
     Coulomb-14        LJ (SR)  Disper. corr.   Coulomb (SR)   Coul. recip.
    1.18947e+05    4.92932e+05   -2.05665e+04   -3.79921e+06    1.07564e+04
 Position Rest.      Potential    Kinetic En.   Total Energy  Conserved En.
    2.49661e+03   -3.13080e+06    5.48478e+05   -2.58232e+06   -2.55829e+06
    Temperature Pres. DC (bar) Pressure (bar)   Constr. rmsd
    2.98586e+02   -1.54639e+02    3.87905e+01    0.00000e+00

           Step           Time
          73500      147.00000

   Energies (kJ/mol)
           Bond          Angle    Proper Dih. Per. Imp. Dih.          LJ-14
    7.14672e+03    1.99814e+04    2.58079e+04    1.21017e+03    9.53666e+03
     Coulomb-14        LJ (SR)  Disper. corr.   Coulomb (SR)   Coul. recip.
    1.19014e+05    4.94392e+05   -2.05952e+04   -3.80066e+06    1.08567e+04
 Position Rest.      Potential    Kinetic En.   Total Energy  Conserved En.
    2.48767e+03   -3.13082e+06    5.46027e+05   -2.58479e+06   -2.55826e+06
    Temperature Pres. DC (bar) Pressure (bar)   Constr. rmsd
    2.97252e+02   -1.55069e+02    6.42120e+01    0.00000e+00

           Step           Time
          74000      148.00000

   Energies (kJ/mol)
           Bond          Angle    Proper Dih. Per. Imp. Dih.          LJ-14
    7.27542e+03    1.99724e+04    2.57616e+04    1.15991e+03    9.55768e+03
     Coulomb-14        LJ (SR)  Disper. corr.   Coulomb (SR)   Coul. recip.
    1.19122e+05    4.96048e+05   -2.05672e+04   -3.80426e+06    1.07777e+04
 Position Rest.      Potential    Kinetic En.   Total Energy  Conserved En.
    2.40321e+03   -3.13274e+06    5.47836e+05   -2.58491e+06   -2.55819e+06
    Temperature Pres. DC (bar) Pressure (bar)   Constr. rmsd
    2.98237e+02   -1.54650e+02    1.26880e+01    0.00000e+00

           Step           Time
          74500      149.00000

   Energies (kJ/mol)
           Bond          Angle    Proper Dih. Per. Imp. Dih.          LJ-14
    7.13693e+03    2.01289e+04    2.57672e+04    1.30631e+03    9.63852e+03
     Coulomb-14        LJ (SR)  Disper. corr.   Coulomb (SR)   Coul. recip.
    1.19059e+05    4.93950e+05   -2.05564e+04   -3.80010e+06    1.08314e+04
 Position Rest.      Potential    Kinetic En.   Total Energy  Conserved En.
    2.38312e+03   -3.13046e+06    5.46629e+05   -2.58383e+06   -2.55821e+06
    Temperature Pres. DC (bar) Pressure (bar)   Constr. rmsd
    2.97579e+02   -1.54486e+02    1.93846e+01    0.00000e+00

           Step           Time
          75000      150.00000

   Energies (kJ/mol)
           Bond          Angle    Proper Dih. Per. Imp. Dih.          LJ-14
    7.11352e+03    1.99196e+04    2.59409e+04    1.14677e+03    9.57626e+03
     Coulomb-14        LJ (SR)  Disper. corr.   Coulomb (SR)   Coul. recip.
    1.18963e+05    4.95056e+05   -2.05836e+04   -3.80161e+06    1.08395e+04
 Position Rest.      Potential    Kinetic En.   Total Energy  Conserved En.
    2.38874e+03   -3.13125e+06    5.47863e+05   -2.58339e+06   -2.55824e+06
    Temperature Pres. DC (bar) Pressure (bar)   Constr. rmsd
    2.98251e+02   -1.54896e+02    6.11330e+01    0.00000e+00

           Step           Time
          75500      151.00000

   Energies (kJ/mol)
           Bond          Angle    Proper Dih. Per. Imp. Dih.          LJ-14
    7.13216e+03    1.97706e+04    2.58371e+04    1.23140e+03    9.69262e+03
     Coulomb-14        LJ (SR)  Disper. corr.   Coulomb (SR)   Coul. recip.
    1.19356e+05    4.95808e+05   -2.05944e+04   -3.80207e+06    1.09074e+04
 Position Rest.      Potential    Kinetic En.   Total Energy  Conserved En.
    2.39930e+03   -3.13053e+06    5.47669e+05   -2.58286e+06   -2.55821e+06
    Temperature Pres. DC (bar) Pressure (bar)   Constr. rmsd
    2.98145e+02   -1.55058e+02    1.01977e+02    0.00000e+00

           Step           Time
          76000      152.00000

   Energies (kJ/mol)
           Bond          Angle    Proper Dih. Per. Imp. Dih.          LJ-14
    7.39855e+03    1.97725e+04    2.58083e+04    1.20016e+03    9.42511e+03
     Coulomb-14        LJ (SR)  Disper. corr.   Coulomb (SR)   Coul. recip.
    1.19019e+05    4.95720e+05   -2.05817e+04   -3.80002e+06    1.09422e+04
 Position Rest.      Potential    Kinetic En.   Total Energy  Conserved En.
    2.48173e+03   -3.12883e+06    5.50158e+05   -2.57867e+06   -2.55817e+06
    Temperature Pres. DC (bar) Pressure (bar)   Constr. rmsd
    2.99500e+02   -1.54867e+02    7.98495e+00    0.00000e+00

           Step           Time
          76500      153.00000

   Energies (kJ/mol)
           Bond          Angle    Proper Dih. Per. Imp. Dih.          LJ-14
    7.30219e+03    2.01194e+04    2.57612e+04    1.17081e+03    9.45181e+03
     Coulomb-14        LJ (SR)  Disper. corr.   Coulomb (SR)   Coul. recip.
    1.18759e+05    4.93751e+05   -2.05361e+04   -3.79891e+06    1.08089e+04
 Position Rest.      Potential    Kinetic En.   Total Energy  Conserved En.
    2.47552e+03   -3.12985e+06    5.49368e+05   -2.58048e+06   -2.55817e+06
    Temperature Pres. DC (bar) Pressure (bar)   Constr. rmsd
    2.99070e+02   -1.54182e+02    2.03104e+01    0.00000e+00

           Step           Time
          77000      154.00000

   Energies (kJ/mol)
           Bond          Angle    Proper Dih. Per. Imp. Dih.          LJ-14
    7.37041e+03    1.96916e+04    2.58766e+04    1.21375e+03    9.42817e+03
     Coulomb-14        LJ (SR)  Disper. corr.   Coulomb (SR)   Coul. recip.
    1.18813e+05    4.96192e+05   -2.05744e+04   -3.80367e+06    1.08225e+04
 Position Rest.      Potential    Kinetic En.   Total Energy  Conserved En.
    2.45846e+03   -3.13238e+06    5.45624e+05   -2.58676e+06   -2.55814e+06
    Temperature Pres. DC (bar) Pressure (bar)   Constr. rmsd
    2.97032e+02   -1.54757e+02    1.03784e+01    0.00000e+00

           Step           Time
          77500      155.00000

   Energies (kJ/mol)
           Bond          Angle    Proper Dih. Per. Imp. Dih.          LJ-14
    7.08177e+03    2.00649e+04    2.58011e+04    1.25444e+03    9.62853e+03
     Coulomb-14        LJ (SR)  Disper. corr.   Coulomb (SR)   Coul. recip.
    1.18716e+05    4.96166e+05   -2.05784e+04   -3.80406e+06    1.08492e+04
 Position Rest.      Potential    Kinetic En.   Total Energy  Conserved En.
    2.60298e+03   -3.13248e+06    5.49074e+05   -2.58340e+06   -2.55816e+06
    Temperature Pres. DC (bar) Pressure (bar)   Constr. rmsd
    2.98910e+02   -1.54817e+02    9.25686e+01    0.00000e+00

           Step           Time
          78000      156.00000

   Energies (kJ/mol)
           Bond          Angle    Proper Dih. Per. Imp. Dih.          LJ-14
    7.22468e+03    1.99493e+04    2.58175e+04    1.26657e+03    9.41279e+03
     Coulomb-14        LJ (SR)  Disper. corr.   Coulomb (SR)   Coul. recip.
    1.19179e+05    4.97071e+05   -2.05632e+04   -3.80437e+06    1.07905e+04
 Position Rest.      Potential    Kinetic En.   Total Energy  Conserved En.
    2.52230e+03   -3.13170e+06    5.46997e+05   -2.58471e+06   -2.55808e+06
    Temperature Pres. DC (bar) Pressure (bar)   Constr. rmsd
    2.97780e+02   -1.54588e+02   -8.21709e+00    0.00000e+00

           Step           Time
          78500      157.00000

   Energies (kJ/mol)
           Bond          Angle    Proper Dih. Per. Imp. Dih.          LJ-14
    7.30951e+03    2.02150e+04    2.56835e+04    1.18839e+03    9.72078e+03
     Coulomb-14        LJ (SR)  Disper. corr.   Coulomb (SR)   Coul. recip.
    1.19035e+05    4.94780e+05   -2.05479e+04   -3.80223e+06    1.06521e+04
 Position Rest.      Potential    Kinetic En.   Total Energy  Conserved En.
    2.42722e+03   -3.13177e+06    5.46945e+05   -2.58482e+06   -2.55807e+06
    Temperature Pres. DC (bar) Pressure (bar)   Constr. rmsd
    2.97751e+02   -1.54359e+02    6.66717e+01    0.00000e+00

           Step           Time
          79000      158.00000

   Energies (kJ/mol)
           Bond          Angle    Proper Dih. Per. Imp. Dih.          LJ-14
    7.11955e+03    2.00688e+04    2.57145e+04    1.18703e+03    9.71173e+03
     Coulomb-14        LJ (SR)  Disper. corr.   Coulomb (SR)   Coul. recip.
    1.19001e+05    4.91717e+05   -2.05462e+04   -3.79692e+06    1.07973e+04
 Position Rest.      Potential    Kinetic En.   Total Energy  Conserved En.
    2.39569e+03   -3.12975e+06    5.46026e+05   -2.58372e+06   -2.55805e+06
    Temperature Pres. DC (bar) Pressure (bar)   Constr. rmsd
    2.97251e+02   -1.54334e+02   -7.95971e+01    0.00000e+00

           Step           Time
          79500      159.00000

   Energies (kJ/mol)
           Bond          Angle    Proper Dih. Per. Imp. Dih.          LJ-14
    7.27763e+03    1.97654e+04    2.57814e+04    1.15102e+03    9.47916e+03
     Coulomb-14        LJ (SR)  Disper. corr.   Coulomb (SR)   Coul. recip.
    1.19023e+05    4.93512e+05   -2.05836e+04   -3.80036e+06    1.08214e+04
 Position Rest.      Potential    Kinetic En.   Total Energy  Conserved En.
    2.47334e+03   -3.13166e+06    5.47824e+05   -2.58384e+06   -2.55810e+06
    Temperature Pres. DC (bar) Pressure (bar)   Constr. rmsd
    2.98230e+02   -1.54896e+02   -1.75382e+01    0.00000e+00

           Step           Time
          80000      160.00000

   Energies (kJ/mol)
           Bond          Angle    Proper Dih. Per. Imp. Dih.          LJ-14
    7.31969e+03    1.95993e+04    2.57175e+04    1.23313e+03    9.65837e+03
     Coulomb-14        LJ (SR)  Disper. corr.   Coulomb (SR)   Coul. recip.
    1.19083e+05    4.94386e+05   -2.05626e+04   -3.80144e+06    1.07966e+04
 Position Rest.      Potential    Kinetic En.   Total Energy  Conserved En.
    2.35232e+03   -3.13185e+06    5.47337e+05   -2.58452e+06   -2.55804e+06
    Temperature Pres. DC (bar) Pressure (bar)   Constr. rmsd
    2.97965e+02   -1.54579e+02    3.30995e+01    0.00000e+00

           Step           Time
          80500      161.00000

   Energies (kJ/mol)
           Bond          Angle    Proper Dih. Per. Imp. Dih.          LJ-14
    7.41893e+03    1.95572e+04    2.56600e+04    1.15656e+03    9.60207e+03
     Coulomb-14        LJ (SR)  Disper. corr.   Coulomb (SR)   Coul. recip.
    1.19294e+05    4.95197e+05   -2.05301e+04   -3.80495e+06    1.08119e+04
 Position Rest.      Potential    Kinetic En.   Total Energy  Conserved En.
    2.52552e+03   -3.13426e+06    5.46554e+05   -2.58771e+06   -2.55802e+06
    Temperature Pres. DC (bar) Pressure (bar)   Constr. rmsd
    2.97539e+02   -1.54093e+02   -4.09192e+01    0.00000e+00

           Step           Time
          81000      162.00000

   Energies (kJ/mol)
           Bond          Angle    Proper Dih. Per. Imp. Dih.          LJ-14
    7.34431e+03    2.00442e+04    2.57666e+04    1.24321e+03    9.75013e+03
     Coulomb-14        LJ (SR)  Disper. corr.   Coulomb (SR)   Coul. recip.
    1.19157e+05    4.96765e+05   -2.05840e+04   -3.80409e+06    1.07973e+04
 Position Rest.      Potential    Kinetic En.   Total Energy  Conserved En.
    2.50218e+03   -3.13130e+06    5.50320e+05   -2.58098e+06   -2.55795e+06
    Temperature Pres. DC (bar) Pressure (bar)   Constr. rmsd
    2.99589e+02   -1.54901e+02    9.53414e+01    0.00000e+00

           Step           Time
          81500      163.00000

   Energies (kJ/mol)
           Bond          Angle    Proper Dih. Per. Imp. Dih.          LJ-14
    7.16685e+03    1.99787e+04    2.57414e+04    1.24875e+03    9.63603e+03
     Coulomb-14        LJ (SR)  Disper. corr.   Coulomb (SR)   Coul. recip.
    1.19322e+05    4.94112e+05   -2.05614e+04   -3.79950e+06    1.05960e+04
 Position Rest.      Potential    Kinetic En.   Total Energy  Conserved En.
    2.51683e+03   -3.12974e+06    5.47990e+05   -2.58175e+06   -2.55793e+06
    Temperature Pres. DC (bar) Pressure (bar)   Constr. rmsd
    2.98320e+02   -1.54563e+02    9.53653e+01    0.00000e+00

           Step           Time
          82000      164.00000

   Energies (kJ/mol)
           Bond          Angle    Proper Dih. Per. Imp. Dih.          LJ-14
    7.14288e+03    2.00560e+04    2.58356e+04    1.22824e+03    9.54562e+03
     Coulomb-14        LJ (SR)  Disper. corr.   Coulomb (SR)   Coul. recip.
    1.18936e+05    4.92722e+05   -2.05987e+04   -3.79910e+06    1.08181e+04
 Position Rest.      Potential    Kinetic En.   Total Energy  Conserved En.
    2.39211e+03   -3.13103e+06    5.48331e+05   -2.58270e+06   -2.55790e+06
    Temperature Pres. DC (bar) Pressure (bar)   Constr. rmsd
    2.98506e+02   -1.55123e+02   -1.09242e+01    0.00000e+00

           Step           Time
          82500      165.00000

   Energies (kJ/mol)
           Bond          Angle    Proper Dih. Per. Imp. Dih.          LJ-14
    7.19803e+03    1.97616e+04    2.58068e+04    1.20740e+03    9.64591e+03
     Coulomb-14        LJ (SR)  Disper. corr.   Coulomb (SR)   Coul. recip.
    1.19196e+05    4.98635e+05   -2.05874e+04   -3.80666e+06    1.06375e+04
 Position Rest.      Potential    Kinetic En.   Total Energy  Conserved En.
    2.36885e+03   -3.13279e+06    5.46405e+05   -2.58638e+06   -2.55789e+06
    Temperature Pres. DC (bar) Pressure (bar)   Constr. rmsd
    2.97457e+02   -1.54952e+02    9.27288e+01    0.00000e+00

           Step           Time
          83000      166.00000

   Energies (kJ/mol)
           Bond          Angle    Proper Dih. Per. Imp. Dih.          LJ-14
    7.10012e+03    1.97398e+04    2.58009e+04    1.20433e+03    9.62971e+03
     Coulomb-14        LJ (SR)  Disper. corr.   Coulomb (SR)   Coul. recip.
    1.19069e+05    4.94024e+05   -2.05597e+04   -3.80254e+06    1.06689e+04
 Position Rest.      Potential    Kinetic En.   Total Energy  Conserved En.
    2.45166e+03   -3.13342e+06    5.47416e+05   -2.58600e+06   -2.55789e+06
    Temperature Pres. DC (bar) Pressure (bar)   Constr. rmsd
    2.98008e+02   -1.54536e+02   -7.95803e-01    0.00000e+00

           Step           Time
          83500      167.00000

   Energies (kJ/mol)
           Bond          Angle    Proper Dih. Per. Imp. Dih.          LJ-14
    7.11616e+03    2.02361e+04    2.58991e+04    1.29151e+03    9.51080e+03
     Coulomb-14        LJ (SR)  Disper. corr.   Coulomb (SR)   Coul. recip.
    1.18958e+05    4.96709e+05   -2.05842e+04   -3.80336e+06    1.08425e+04
 Position Rest.      Potential    Kinetic En.   Total Energy  Conserved En.
    2.41121e+03   -3.13097e+06    5.47827e+05   -2.58314e+06   -2.55782e+06
    Temperature Pres. DC (bar) Pressure (bar)   Constr. rmsd
    2.98231e+02   -1.54904e+02    4.98030e+01    0.00000e+00

           Step           Time
          84000      168.00000

   Energies (kJ/mol)
           Bond          Angle    Proper Dih. Per. Imp. Dih.          LJ-14
    7.11959e+03    2.01131e+04    2.57638e+04    1.18675e+03    9.55330e+03
     Coulomb-14        LJ (SR)  Disper. corr.   Coulomb (SR)   Coul. recip.
    1.18808e+05    4.93979e+05   -2.05571e+04   -3.80245e+06    1.08136e+04
 Position Rest.      Potential    Kinetic En.   Total Energy  Conserved En.
    2.51320e+03   -3.13315e+06    5.44452e+05   -2.58870e+06   -2.55778e+06
    Temperature Pres. DC (bar) Pressure (bar)   Constr. rmsd
    2.96394e+02   -1.54497e+02    5.66447e+00    0.00000e+00

           Step           Time
          84500      169.00000

   Energies (kJ/mol)
           Bond          Angle    Proper Dih. Per. Imp. Dih.          LJ-14
    7.18579e+03    1.97676e+04    2.58401e+04    1.25311e+03    9.52849e+03
     Coulomb-14        LJ (SR)  Disper. corr.   Coulomb (SR)   Coul. recip.
    1.18915e+05    4.99246e+05   -2.05548e+04   -3.80702e+06    1.07989e+04
 Position Rest.      Potential    Kinetic En.   Total Energy  Conserved En.
    2.30534e+03   -3.13273e+06    5.48135e+05   -2.58460e+06   -2.55776e+06
    Temperature Pres. DC (bar) Pressure (bar)   Constr. rmsd
    2.98399e+02   -1.54462e+02    1.11289e+02    0.00000e+00

           Step           Time
          85000      170.00000

   Energies (kJ/mol)
           Bond          Angle    Proper Dih. Per. Imp. Dih.          LJ-14
    7.43797e+03    2.00783e+04    2.59500e+04    1.20676e+03    9.56094e+03
     Coulomb-14        LJ (SR)  Disper. corr.   Coulomb (SR)   Coul. recip.
    1.18856e+05    4.96647e+05   -2.05982e+04   -3.80351e+06    1.07849e+04
 Position Rest.      Potential    Kinetic En.   Total Energy  Conserved En.
    2.37969e+03   -3.13121e+06    5.46939e+05   -2.58427e+06   -2.55772e+06
    Temperature Pres. DC (bar) Pressure (bar)   Constr. rmsd
    2.97748e+02   -1.55116e+02    6.89428e+01    0.00000e+00

           Step           Time
          85500      171.00000

   Energies (kJ/mol)
           Bond          Angle    Proper Dih. Per. Imp. Dih.          LJ-14
    7.19136e+03    2.00760e+04    2.58100e+04    1.26828e+03    9.57721e+03
     Coulomb-14        LJ (SR)  Disper. corr.   Coulomb (SR)   Coul. recip.
    1.18628e+05    4.93671e+05   -2.05865e+04   -3.80091e+06    1.09220e+04
 Position Rest.      Potential    Kinetic En.   Total Energy  Conserved En.
    2.48741e+03   -3.13186e+06    5.49330e+05   -2.58253e+06   -2.55776e+06
    Temperature Pres. DC (bar) Pressure (bar)   Constr. rmsd
    2.99050e+02   -1.54940e+02    1.10953e+00    0.00000e+00

           Step           Time
          86000      172.00000

   Energies (kJ/mol)
           Bond          Angle    Proper Dih. Per. Imp. Dih.          LJ-14
    7.43828e+03    1.99635e+04    2.57470e+04    1.24692e+03    9.43005e+03
     Coulomb-14        LJ (SR)  Disper. corr.   Coulomb (SR)   Coul. recip.
    1.18762e+05    4.93446e+05   -2.05483e+04   -3.79747e+06    1.08346e+04
 Position Rest.      Potential    Kinetic En.   Total Energy  Conserved En.
    2.59321e+03   -3.12856e+06    5.44413e+05   -2.58414e+06   -2.55772e+06
    Temperature Pres. DC (bar) Pressure (bar)   Constr. rmsd
    2.96373e+02   -1.54366e+02   -5.02640e+01    0.00000e+00

           Step           Time
          86500      173.00000

   Energies (kJ/mol)
           Bond          Angle    Proper Dih. Per. Imp. Dih.          LJ-14
    7.43914e+03    1.99138e+04    2.59251e+04    1.18543e+03    9.49802e+03
     Coulomb-14        LJ (SR)  Disper. corr.   Coulomb (SR)   Coul. recip.
    1.18845e+05    4.93395e+05   -2.06083e+04   -3.79914e+06    1.07600e+04
 Position Rest.      Potential    Kinetic En.   Total Energy  Conserved En.
    2.44449e+03   -3.13034e+06    5.47395e+05   -2.58294e+06   -2.55770e+06
    Temperature Pres. DC (bar) Pressure (bar)   Constr. rmsd
    2.97997e+02   -1.55267e+02   -1.67032e+00    0.00000e+00

           Step           Time
          87000      174.00000

   Energies (kJ/mol)
           Bond          Angle    Proper Dih. Per. Imp. Dih.          LJ-14
    7.05157e+03    1.98698e+04    2.59325e+04    1.21069e+03    9.63358e+03
     Coulomb-14        LJ (SR)  Disper. corr.   Coulomb (SR)   Coul. recip.
    1.18858e+05    4.98689e+05   -2.05374e+04   -3.80397e+06    1.07452e+04
 Position Rest.      Potential    Kinetic En.   Total Energy  Conserved En.
    2.55716e+03   -3.12996e+06    5.49030e+05   -2.58093e+06   -2.55770e+06
    Temperature Pres. DC (bar) Pressure (bar)   Constr. rmsd
    2.98886e+02   -1.54202e+02    1.56365e+02    0.00000e+00

           Step           Time
          87500      175.00000

   Energies (kJ/mol)
           Bond          Angle    Proper Dih. Per. Imp. Dih.          LJ-14
    7.36251e+03    1.98615e+04    2.58420e+04    1.20613e+03    9.56961e+03
     Coulomb-14        LJ (SR)  Disper. corr.   Coulomb (SR)   Coul. recip.
    1.18624e+05    4.95239e+05   -2.05770e+04   -3.80186e+06    1.08235e+04
 Position Rest.      Potential    Kinetic En.   Total Energy  Conserved En.
    2.48339e+03   -3.13142e+06    5.47474e+05   -2.58395e+06   -2.55755e+06
    Temperature Pres. DC (bar) Pressure (bar)   Constr. rmsd
    2.98040e+02   -1.54796e+02    9.39183e+00    0.00000e+00

           Step           Time
          88000      176.00000

   Energies (kJ/mol)
           Bond          Angle    Proper Dih. Per. Imp. Dih.          LJ-14
    7.22058e+03    1.97583e+04    2.56488e+04    1.16324e+03    9.50951e+03
     Coulomb-14        LJ (SR)  Disper. corr.   Coulomb (SR)   Coul. recip.
    1.19141e+05    4.95424e+05   -2.05495e+04   -3.80520e+06    1.07624e+04
 Position Rest.      Potential    Kinetic En.   Total Energy  Conserved En.
    2.50277e+03   -3.13462e+06    5.47343e+05   -2.58728e+06   -2.55759e+06
    Temperature Pres. DC (bar) Pressure (bar)   Constr. rmsd
    2.97968e+02   -1.54383e+02   -5.57159e+01    0.00000e+00

           Step           Time
          88500      177.00000

   Energies (kJ/mol)
           Bond          Angle    Proper Dih. Per. Imp. Dih.          LJ-14
    7.10192e+03    1.96969e+04    2.57185e+04    1.25193e+03    9.58387e+03
     Coulomb-14        LJ (SR)  Disper. corr.   Coulomb (SR)   Coul. recip.
    1.18986e+05    4.94110e+05   -2.05336e+04   -3.80283e+06    1.07814e+04
 Position Rest.      Potential    Kinetic En.   Total Energy  Conserved En.
    2.40795e+03   -3.13373e+06    5.48052e+05   -2.58568e+06   -2.55755e+06
    Temperature Pres. DC (bar) Pressure (bar)   Constr. rmsd
    2.98354e+02   -1.54144e+02   -4.89078e+01    0.00000e+00

           Step           Time
          89000      178.00000

   Energies (kJ/mol)
           Bond          Angle    Proper Dih. Per. Imp. Dih.          LJ-14
    6.91299e+03    2.00622e+04    2.56968e+04    1.17258e+03    9.69787e+03
     Coulomb-14        LJ (SR)  Disper. corr.   Coulomb (SR)   Coul. recip.
    1.19228e+05    4.94961e+05   -2.06031e+04   -3.80458e+06    1.09114e+04
 Position Rest.      Potential    Kinetic En.   Total Energy  Conserved En.
    2.36571e+03   -3.13418e+06    5.47090e+05   -2.58709e+06   -2.55747e+06
    Temperature Pres. DC (bar) Pressure (bar)   Constr. rmsd
    2.97830e+02   -1.55189e+02    3.40030e+01    0.00000e+00

           Step           Time
          89500      179.00000

   Energies (kJ/mol)
           Bond          Angle    Proper Dih. Per. Imp. Dih.          LJ-14
    7.25487e+03    2.01106e+04    2.58431e+04    1.22724e+03    9.58541e+03
     Coulomb-14        LJ (SR)  Disper. corr.   Coulomb (SR)   Coul. recip.
    1.19018e+05    4.93457e+05   -2.05207e+04   -3.79868e+06    1.06850e+04
 Position Rest.      Potential    Kinetic En.   Total Energy  Conserved En.
    2.50507e+03   -3.12951e+06    5.48524e+05   -2.58099e+06   -2.55744e+06
    Temperature Pres. DC (bar) Pressure (bar)   Constr. rmsd
    2.98611e+02   -1.53951e+02    2.40384e+01    0.00000e+00

           Step           Time
          90000      180.00000

   Energies (kJ/mol)
           Bond          Angle    Proper Dih. Per. Imp. Dih.          LJ-14
    7.32776e+03    1.99683e+04    2.58942e+04    1.17820e+03    9.46996e+03
     Coulomb-14        LJ (SR)  Disper. corr.   Coulomb (SR)   Coul. recip.
    1.18618e+05    4.96586e+05   -2.06009e+04   -3.80457e+06    1.08552e+04
 Position Rest.      Potential    Kinetic En.   Total Energy  Conserved En.
    2.48803e+03   -3.13279e+06    5.48427e+05   -2.58436e+06   -2.55737e+06
    Temperature Pres. DC (bar) Pressure (bar)   Constr. rmsd
    2.98558e+02   -1.55156e+02   -1.54326e+01    0.00000e+00

           Step           Time
          90500      181.00000

   Energies (kJ/mol)
           Bond          Angle    Proper Dih. Per. Imp. Dih.          LJ-14
    7.14484e+03    1.98084e+04    2.57482e+04    1.22778e+03    9.56428e+03
     Coulomb-14        LJ (SR)  Disper. corr.   Coulomb (SR)   Coul. recip.
    1.18758e+05    4.93658e+05   -2.06016e+04   -3.80185e+06    1.09481e+04
 Position Rest.      Potential    Kinetic En.   Total Energy  Conserved En.
    2.39549e+03   -3.13320e+06    5.49417e+05   -2.58378e+06   -2.55740e+06
    Temperature Pres. DC (bar) Pressure (bar)   Constr. rmsd
    2.99097e+02   -1.55167e+02    6.64007e+01    0.00000e+00

           Step           Time
          91000      182.00000

   Energies (kJ/mol)
           Bond          Angle    Proper Dih. Per. Imp. Dih.          LJ-14
    7.41695e+03    2.00014e+04    2.56813e+04    1.20377e+03    9.70432e+03
     Coulomb-14        LJ (SR)  Disper. corr.   Coulomb (SR)   Coul. recip.
    1.19358e+05    4.91300e+05   -2.05399e+04   -3.79575e+06    1.06854e+04
 Position Rest.      Potential    Kinetic En.   Total Energy  Conserved En.
    2.52548e+03   -3.12842e+06    5.46036e+05   -2.58238e+06   -2.55731e+06
    Temperature Pres. DC (bar) Pressure (bar)   Constr. rmsd
    2.97257e+02   -1.54239e+02   -5.84632e+01    0.00000e+00

           Step           Time
          91500      183.00000

   Energies (kJ/mol)
           Bond          Angle    Proper Dih. Per. Imp. Dih.          LJ-14
    7.24808e+03    2.00460e+04    2.56420e+04    1.15313e+03    9.51296e+03
     Coulomb-14        LJ (SR)  Disper. corr.   Coulomb (SR)   Coul. recip.
    1.19129e+05    4.95087e+05   -2.05688e+04   -3.80015e+06    1.06517e+04
 Position Rest.      Potential    Kinetic En.   Total Energy  Conserved En.
    2.45589e+03   -3.12979e+06    5.48334e+05   -2.58146e+06   -2.55734e+06
    Temperature Pres. DC (bar) Pressure (bar)   Constr. rmsd
    2.98507e+02   -1.54673e+02    1.98053e+01    0.00000e+00

           Step           Time
          92000      184.00000

   Energies (kJ/mol)
           Bond          Angle    Proper Dih. Per. Imp. Dih.          LJ-14
    7.36282e+03    2.00242e+04    2.56140e+04    1.17411e+03    9.63169e+03
     Coulomb-14        LJ (SR)  Disper. corr.   Coulomb (SR)   Coul. recip.
    1.19047e+05    4.90604e+05   -2.05599e+04   -3.79463e+06    1.07575e+04
 Position Rest.      Potential    Kinetic En.   Total Energy  Conserved En.
    2.37603e+03   -3.12860e+06    5.48420e+05   -2.58018e+06   -2.55730e+06
    Temperature Pres. DC (bar) Pressure (bar)   Constr. rmsd
    2.98555e+02   -1.54539e+02   -4.63018e+01    0.00000e+00

           Step           Time
          92500      185.00000

   Energies (kJ/mol)
           Bond          Angle    Proper Dih. Per. Imp. Dih.          LJ-14
    7.26617e+03    1.99571e+04    2.59380e+04    1.16503e+03    9.47382e+03
     Coulomb-14        LJ (SR)  Disper. corr.   Coulomb (SR)   Coul. recip.
    1.18790e+05    4.91426e+05   -2.04854e+04   -3.79451e+06    1.08178e+04
 Position Rest.      Potential    Kinetic En.   Total Energy  Conserved En.
    2.43637e+03   -3.12772e+06    5.47462e+05   -2.58026e+06   -2.55728e+06
    Temperature Pres. DC (bar) Pressure (bar)   Constr. rmsd
    2.98033e+02   -1.53423e+02   -5.20098e+01    0.00000e+00

           Step           Time
          93000      186.00000

   Energies (kJ/mol)
           Bond          Angle    Proper Dih. Per. Imp. Dih.          LJ-14
    7.22114e+03    2.02651e+04    2.57273e+04    1.16820e+03    9.61277e+03
     Coulomb-14        LJ (SR)  Disper. corr.   Coulomb (SR)   Coul. recip.
    1.18800e+05    4.93647e+05   -2.06261e+04   -3.79940e+06    1.08586e+04
 Position Rest.      Potential    Kinetic En.   Total Energy  Conserved En.
    2.57733e+03   -3.13015e+06    5.48108e+05   -2.58204e+06   -2.55716e+06
    Temperature Pres. DC (bar) Pressure (bar)   Constr. rmsd
    2.98384e+02   -1.55535e+02    1.77039e+01    0.00000e+00

           Step           Time
          93500      187.00000

   Energies (kJ/mol)
           Bond          Angle    Proper Dih. Per. Imp. Dih.          LJ-14
    7.07379e+03    1.97840e+04    2.57302e+04    1.22127e+03    9.52193e+03
     Coulomb-14        LJ (SR)  Disper. corr.   Coulomb (SR)   Coul. recip.
    1.18781e+05    4.94096e+05   -2.05224e+04   -3.80241e+06    1.08199e+04
 Position Rest.      Potential    Kinetic En.   Total Energy  Conserved En.
    2.38087e+03   -3.13352e+06    5.44674e+05   -2.58885e+06   -2.55706e+06
    Temperature Pres. DC (bar) Pressure (bar)   Constr. rmsd
    2.96515e+02   -1.53976e+02   -9.83487e+01    0.00000e+00

           Step           Time
          94000      188.00000

   Energies (kJ/mol)
           Bond          Angle    Proper Dih. Per. Imp. Dih.          LJ-14
    7.22217e+03    1.98952e+04    2.57716e+04    1.22534e+03    9.57466e+03
     Coulomb-14        LJ (SR)  Disper. corr.   Coulomb (SR)   Coul. recip.
    1.18654e+05    4.93417e+05   -2.05721e+04   -3.80032e+06    1.06287e+04
 Position Rest.      Potential    Kinetic En.   Total Energy  Conserved En.
    2.36915e+03   -3.13214e+06    5.46275e+05   -2.58586e+06   -2.55702e+06
    Temperature Pres. DC (bar) Pressure (bar)   Constr. rmsd
    2.97387e+02   -1.54723e+02   -6.68877e+01    0.00000e+00

           Step           Time
          94500      189.00000

   Energies (kJ/mol)
           Bond          Angle    Proper Dih. Per. Imp. Dih.          LJ-14
    7.43088e+03    1.97214e+04    2.60093e+04    1.18763e+03    9.57870e+03
     Coulomb-14        LJ (SR)  Disper. corr.   Coulomb (SR)   Coul. recip.
    1.18903e+05    4.95603e+05   -2.05989e+04   -3.80758e+06    1.07353e+04
 Position Rest.      Potential    Kinetic En.   Total Energy  Conserved En.
    2.48675e+03   -3.13652e+06    5.47042e+05   -2.58948e+06   -2.55696e+06
    Temperature Pres. DC (bar) Pressure (bar)   Constr. rmsd
    2.97804e+02   -1.55125e+02    7.69197e+00    0.00000e+00

           Step           Time
          95000      190.00000

   Energies (kJ/mol)
           Bond          Angle    Proper Dih. Per. Imp. Dih.          LJ-14
    7.34367e+03    2.00143e+04    2.57474e+04    1.24521e+03    9.60139e+03
     Coulomb-14        LJ (SR)  Disper. corr.   Coulomb (SR)   Coul. recip.
    1.18986e+05    4.95656e+05   -2.05812e+04   -3.79979e+06    1.06132e+04
 Position Rest.      Potential    Kinetic En.   Total Energy  Conserved En.
    2.33589e+03   -3.12883e+06    5.45549e+05   -2.58328e+06   -2.55695e+06
    Temperature Pres. DC (bar) Pressure (bar)   Constr. rmsd
    2.96991e+02   -1.54859e+02    7.19148e+00    0.00000e+00

           Step           Time
          95500      191.00000

   Energies (kJ/mol)
           Bond          Angle    Proper Dih. Per. Imp. Dih.          LJ-14
    7.22885e+03    2.00549e+04    2.56627e+04    1.24525e+03    9.64225e+03
     Coulomb-14        LJ (SR)  Disper. corr.   Coulomb (SR)   Coul. recip.
    1.19265e+05    4.90322e+05   -2.05214e+04   -3.79325e+06    1.09238e+04
 Position Rest.      Potential    Kinetic En.   Total Energy  Conserved En.
    2.37955e+03   -3.12705e+06    5.46526e+05   -2.58052e+06   -2.55694e+06
    Temperature Pres. DC (bar) Pressure (bar)   Constr. rmsd
    2.97523e+02   -1.53962e+02   -1.04563e+01    0.00000e+00

           Step           Time
          96000      192.00000

   Energies (kJ/mol)
           Bond          Angle    Proper Dih. Per. Imp. Dih.          LJ-14
    7.25478e+03    2.00547e+04    2.58695e+04    1.24637e+03    9.56438e+03
     Coulomb-14        LJ (SR)  Disper. corr.   Coulomb (SR)   Coul. recip.
    1.18798e+05    4.96304e+05   -2.05897e+04   -3.80334e+06    1.07575e+04
 Position Rest.      Potential    Kinetic En.   Total Energy  Conserved En.
    2.42001e+03   -3.13166e+06    5.46517e+05   -2.58514e+06   -2.55691e+06
    Temperature Pres. DC (bar) Pressure (bar)   Constr. rmsd
    2.97518e+02   -1.54987e+02   -4.35529e+01    0.00000e+00

           Step           Time
          96500      193.00000

   Energies (kJ/mol)
           Bond          Angle    Proper Dih. Per. Imp. Dih.          LJ-14
    7.09577e+03    2.04011e+04    2.54864e+04    1.19311e+03    9.63789e+03
     Coulomb-14        LJ (SR)  Disper. corr.   Coulomb (SR)   Coul. recip.
    1.18901e+05    4.92129e+05   -2.05421e+04   -3.79593e+06    1.07101e+04
 Position Rest.      Potential    Kinetic En.   Total Energy  Conserved En.
    2.47388e+03   -3.12845e+06    5.48171e+05   -2.58028e+06   -2.55690e+06
    Temperature Pres. DC (bar) Pressure (bar)   Constr. rmsd
    2.98419e+02   -1.54273e+02   -8.38128e+00    0.00000e+00

           Step           Time
          97000      194.00000

   Energies (kJ/mol)
           Bond          Angle    Proper Dih. Per. Imp. Dih.          LJ-14
    7.28501e+03    2.04612e+04    2.57990e+04    1.21773e+03    9.48456e+03
     Coulomb-14        LJ (SR)  Disper. corr.   Coulomb (SR)   Coul. recip.
    1.18738e+05    4.94891e+05   -2.06339e+04   -3.80255e+06    1.08271e+04
 Position Rest.      Potential    Kinetic En.   Total Energy  Conserved En.
    2.38000e+03   -3.13210e+06    5.47392e+05   -2.58471e+06   -2.55682e+06
    Temperature Pres. DC (bar) Pressure (bar)   Constr. rmsd
    2.97995e+02   -1.55652e+02    7.27123e+01    0.00000e+00

           Step           Time
          97500      195.00000

   Energies (kJ/mol)
           Bond          Angle    Proper Dih. Per. Imp. Dih.          LJ-14
    7.12597e+03    2.00132e+04    2.57572e+04    1.17234e+03    9.49511e+03
     Coulomb-14        LJ (SR)  Disper. corr.   Coulomb (SR)   Coul. recip.
    1.18985e+05    4.94371e+05   -2.05574e+04   -3.79849e+06    1.07291e+04
 Position Rest.      Potential    Kinetic En.   Total Energy  Conserved En.
    2.53640e+03   -3.12887e+06    5.45509e+05   -2.58336e+06   -2.55680e+06
    Temperature Pres. DC (bar) Pressure (bar)   Constr. rmsd
    2.96970e+02   -1.54503e+02    1.66484e+01    0.00000e+00

           Step           Time
          98000      196.00000

   Energies (kJ/mol)
           Bond          Angle    Proper Dih. Per. Imp. Dih.          LJ-14
    7.15110e+03    1.98695e+04    2.56482e+04    1.22928e+03    9.56794e+03
     Coulomb-14        LJ (SR)  Disper. corr.   Coulomb (SR)   Coul. recip.
    1.18955e+05    4.94964e+05   -2.06053e+04   -3.80039e+06    1.08761e+04
 Position Rest.      Potential    Kinetic En.   Total Energy  Conserved En.
    2.43962e+03   -3.13029e+06    5.45832e+05   -2.58446e+06   -2.55678e+06
    Temperature Pres. DC (bar) Pressure (bar)   Constr. rmsd
    2.97145e+02   -1.55222e+02    8.34806e+01    0.00000e+00

           Step           Time
          98500      197.00000

   Energies (kJ/mol)
           Bond          Angle    Proper Dih. Per. Imp. Dih.          LJ-14
    7.12294e+03    1.98496e+04    2.56763e+04    1.17845e+03    9.56552e+03
     Coulomb-14        LJ (SR)  Disper. corr.   Coulomb (SR)   Coul. recip.
    1.19033e+05    4.93199e+05   -2.05084e+04   -3.79696e+06    1.08044e+04
 Position Rest.      Potential    Kinetic En.   Total Energy  Conserved En.
    2.52057e+03   -3.12852e+06    5.47608e+05   -2.58091e+06   -2.55682e+06
    Temperature Pres. DC (bar) Pressure (bar)   Constr. rmsd
    2.98112e+02   -1.53767e+02   -4.45351e+01    0.00000e+00

           Step           Time
          99000      198.00000

   Energies (kJ/mol)
           Bond          Angle    Proper Dih. Per. Imp. Dih.          LJ-14
    7.27648e+03    1.99094e+04    2.59701e+04    1.18898e+03    9.38058e+03
     Coulomb-14        LJ (SR)  Disper. corr.   Coulomb (SR)   Coul. recip.
    1.18948e+05    4.93660e+05   -2.06173e+04   -3.80212e+06    1.08451e+04
 Position Rest.      Potential    Kinetic En.   Total Energy  Conserved En.
    2.35262e+03   -3.13321e+06    5.48335e+05   -2.58487e+06   -2.55674e+06
    Temperature Pres. DC (bar) Pressure (bar)   Constr. rmsd
    2.98508e+02   -1.55402e+02   -1.46248e+01    0.00000e+00

           Step           Time
          99500      199.00000

   Energies (kJ/mol)
           Bond          Angle    Proper Dih. Per. Imp. Dih.          LJ-14
    7.18891e+03    1.98051e+04    2.58874e+04    1.20417e+03    9.51404e+03
     Coulomb-14        LJ (SR)  Disper. corr.   Coulomb (SR)   Coul. recip.
    1.19088e+05    4.89709e+05   -2.04710e+04   -3.79430e+06    1.09502e+04
 Position Rest.      Potential    Kinetic En.   Total Energy  Conserved En.
    2.45345e+03   -3.12897e+06    5.46852e+05   -2.58212e+06   -2.55663e+06
    Temperature Pres. DC (bar) Pressure (bar)   Constr. rmsd
    2.97701e+02   -1.53207e+02   -1.81978e+02    0.00000e+00

           Step           Time
         100000      200.00000

   Energies (kJ/mol)
           Bond          Angle    Proper Dih. Per. Imp. Dih.          LJ-14
    7.32873e+03    1.99750e+04    2.58602e+04    1.23835e+03    9.53029e+03
     Coulomb-14        LJ (SR)  Disper. corr.   Coulomb (SR)   Coul. recip.
    1.19113e+05    4.94142e+05   -2.05880e+04   -3.80150e+06    1.06831e+04
 Position Rest.      Potential    Kinetic En.   Total Energy  Conserved En.
    2.50243e+03   -3.13171e+06    5.46410e+05   -2.58530e+06   -2.55655e+06
    Temperature Pres. DC (bar) Pressure (bar)   Constr. rmsd
    2.97460e+02   -1.54961e+02    2.88493e+01    0.00000e+00

           Step           Time
         100500      201.00000

   Energies (kJ/mol)
           Bond          Angle    Proper Dih. Per. Imp. Dih.          LJ-14
    7.08751e+03    1.96416e+04    2.56666e+04    1.26852e+03    9.69362e+03
     Coulomb-14        LJ (SR)  Disper. corr.   Coulomb (SR)   Coul. recip.
    1.19260e+05    4.90220e+05   -2.05430e+04   -3.79785e+06    1.07412e+04
 Position Rest.      Potential    Kinetic En.   Total Energy  Conserved En.
    2.38934e+03   -3.13242e+06    5.48059e+05   -2.58436e+06   -2.55658e+06
    Temperature Pres. DC (bar) Pressure (bar)   Constr. rmsd
    2.98358e+02   -1.54286e+02   -8.33120e+01    0.00000e+00

           Step           Time
         101000      202.00000

   Energies (kJ/mol)
           Bond          Angle    Proper Dih. Per. Imp. Dih.          LJ-14
    6.95057e+03    1.97263e+04    2.57343e+04    1.07356e+03    9.49771e+03
     Coulomb-14        LJ (SR)  Disper. corr.   Coulomb (SR)   Coul. recip.
    1.19243e+05    4.94764e+05   -2.06114e+04   -3.80464e+06    1.08475e+04
 Position Rest.      Potential    Kinetic En.   Total Energy  Conserved En.
    2.41906e+03   -3.13500e+06    5.45413e+05   -2.58958e+06   -2.55653e+06
    Temperature Pres. DC (bar) Pressure (bar)   Constr. rmsd
    2.96917e+02   -1.55314e+02   -3.65431e+01    0.00000e+00

           Step           Time
         101500      203.00000

   Energies (kJ/mol)
           Bond          Angle    Proper Dih. Per. Imp. Dih.          LJ-14
    7.28960e+03    2.04535e+04    2.57140e+04    1.26902e+03    9.35358e+03
     Coulomb-14        LJ (SR)  Disper. corr.   Coulomb (SR)   Coul. recip.
    1.18951e+05    4.94382e+05   -2.05659e+04   -3.79933e+06    1.09290e+04
 Position Rest.      Potential    Kinetic En.   Total Energy  Conserved En.
    2.39587e+03   -3.12915e+06    5.46916e+05   -2.58224e+06   -2.55645e+06
    Temperature Pres. DC (bar) Pressure (bar)   Constr. rmsd
    2.97736e+02   -1.54630e+02    5.99619e+00    0.00000e+00

           Step           Time
         102000      204.00000

   Energies (kJ/mol)
           Bond          Angle    Proper Dih. Per. Imp. Dih.          LJ-14
    7.29001e+03    1.96432e+04    2.57726e+04    1.14630e+03    9.76514e+03
     Coulomb-14        LJ (SR)  Disper. corr.   Coulomb (SR)   Coul. recip.
    1.19002e+05    4.96130e+05   -2.06130e+04   -3.80514e+06    1.05850e+04
 Position Rest.      Potential    Kinetic En.   Total Energy  Conserved En.
    2.44941e+03   -3.13397e+06    5.47736e+05   -2.58623e+06   -2.55644e+06
    Temperature Pres. DC (bar) Pressure (bar)   Constr. rmsd
    2.98182e+02   -1.55337e+02    1.26941e+02    0.00000e+00

           Step           Time
         102500      205.00000

   Energies (kJ/mol)
           Bond          Angle    Proper Dih. Per. Imp. Dih.          LJ-14
    7.15400e+03    1.95641e+04    2.58290e+04    1.12555e+03    9.57151e+03
     Coulomb-14        LJ (SR)  Disper. corr.   Coulomb (SR)   Coul. recip.
    1.18967e+05    4.90365e+05   -2.04940e+04   -3.79454e+06    1.07689e+04
 Position Rest.      Potential    Kinetic En.   Total Energy  Conserved En.
    2.43511e+03   -3.12925e+06    5.45708e+05   -2.58354e+06   -2.55637e+06
    Temperature Pres. DC (bar) Pressure (bar)   Constr. rmsd
    2.97078e+02   -1.53551e+02   -1.18976e+02    0.00000e+00

           Step           Time
         103000      206.00000

   Energies (kJ/mol)
           Bond          Angle    Proper Dih. Per. Imp. Dih.          LJ-14
    7.38261e+03    1.97872e+04    2.57808e+04    1.30524e+03    9.59140e+03
     Coulomb-14        LJ (SR)  Disper. corr.   Coulomb (SR)   Coul. recip.
    1.18711e+05    4.96992e+05   -2.05995e+04   -3.80704e+06    1.06754e+04
 Position Rest.      Potential    Kinetic En.   Total Energy  Conserved En.
    2.44995e+03   -3.13496e+06    5.48600e+05   -2.58636e+06   -2.55630e+06
    Temperature Pres. DC (bar) Pressure (bar)   Constr. rmsd
    2.98652e+02   -1.55135e+02    1.05770e+02    0.00000e+00

           Step           Time
         103500      207.00000

   Energies (kJ/mol)
           Bond          Angle    Proper Dih. Per. Imp. Dih.          LJ-14
    7.13445e+03    1.98920e+04    2.59913e+04    1.17766e+03    9.54861e+03
     Coulomb-14        LJ (SR)  Disper. corr.   Coulomb (SR)   Coul. recip.
    1.18973e+05    4.96014e+05   -2.05124e+04   -3.80342e+06    1.08201e+04
 Position Rest.      Potential    Kinetic En.   Total Energy  Conserved En.
    2.42414e+03   -3.13196e+06    5.47025e+05   -2.58493e+06   -2.55627e+06
    Temperature Pres. DC (bar) Pressure (bar)   Constr. rmsd
    2.97795e+02   -1.53826e+02    2.44311e+00    0.00000e+00

           Step           Time
         104000      208.00000

   Energies (kJ/mol)
           Bond          Angle    Proper Dih. Per. Imp. Dih.          LJ-14
    7.10201e+03    1.98688e+04    2.58506e+04    1.19771e+03    9.57315e+03
     Coulomb-14        LJ (SR)  Disper. corr.   Coulomb (SR)   Coul. recip.
    1.18902e+05    4.94928e+05   -2.05236e+04   -3.80392e+06    1.08886e+04
 Position Rest.      Potential    Kinetic En.   Total Energy  Conserved En.
    2.56690e+03   -3.13357e+06    5.47560e+05   -2.58601e+06   -2.55629e+06
    Temperature Pres. DC (bar) Pressure (bar)   Constr. rmsd
    2.98086e+02   -1.53994e+02   -8.35941e+01    0.00000e+00

           Step           Time
         104500      209.00000

   Energies (kJ/mol)
           Bond          Angle    Proper Dih. Per. Imp. Dih.          LJ-14
    7.24942e+03    1.98899e+04    2.59494e+04    1.24826e+03    9.55949e+03
     Coulomb-14        LJ (SR)  Disper. corr.   Coulomb (SR)   Coul. recip.
    1.18969e+05    4.96874e+05   -2.05882e+04   -3.80129e+06    1.08676e+04
 Position Rest.      Potential    Kinetic En.   Total Energy  Conserved En.
    2.44496e+03   -3.12883e+06    5.47165e+05   -2.58166e+06   -2.55622e+06
    Temperature Pres. DC (bar) Pressure (bar)   Constr. rmsd
    2.97871e+02   -1.54964e+02    1.44425e+02    0.00000e+00

           Step           Time
         105000      210.00000

   Energies (kJ/mol)
           Bond          Angle    Proper Dih. Per. Imp. Dih.          LJ-14
    7.30952e+03    2.00742e+04    2.58455e+04    1.20331e+03    9.57761e+03
     Coulomb-14        LJ (SR)  Disper. corr.   Coulomb (SR)   Coul. recip.
    1.19184e+05    4.94484e+05   -2.05363e+04   -3.79975e+06    1.08033e+04
 Position Rest.      Potential    Kinetic En.   Total Energy  Conserved En.
    2.58272e+03   -3.12922e+06    5.48248e+05   -2.58098e+06   -2.55616e+06
    Temperature Pres. DC (bar) Pressure (bar)   Constr. rmsd
    2.98461e+02   -1.54185e+02    2.05963e+01    0.00000e+00

           Step           Time
         105500      211.00000

   Energies (kJ/mol)
           Bond          Angle    Proper Dih. Per. Imp. Dih.          LJ-14
    7.08804e+03    1.98368e+04    2.59857e+04    1.17427e+03    9.63807e+03
     Coulomb-14        LJ (SR)  Disper. corr.   Coulomb (SR)   Coul. recip.
    1.19077e+05    4.96896e+05   -2.05755e+04   -3.80310e+06    1.06713e+04
 Position Rest.      Potential    Kinetic En.   Total Energy  Conserved En.
    2.47241e+03   -3.13084e+06    5.47152e+05   -2.58369e+06   -2.55613e+06
    Temperature Pres. DC (bar) Pressure (bar)   Constr. rmsd
    2.97864e+02   -1.54773e+02    1.37463e+02    0.00000e+00

           Step           Time
         106000      212.00000

   Energies (kJ/mol)
           Bond          Angle    Proper Dih. Per. Imp. Dih.          LJ-14
    7.19543e+03    1.96242e+04    2.58911e+04    1.26405e+03    9.52112e+03
     Coulomb-14        LJ (SR)  Disper. corr.   Coulomb (SR)   Coul. recip.
    1.18905e+05    4.97487e+05   -2.05775e+04   -3.80546e+06    1.07937e+04
 Position Rest.      Potential    Kinetic En.   Total Energy  Conserved En.
    2.48463e+03   -3.13287e+06    5.46333e+05   -2.58654e+06   -2.55613e+06
    Temperature Pres. DC (bar) Pressure (bar)   Constr. rmsd
    2.97418e+02   -1.54804e+02    3.83284e+01    0.00000e+00

           Step           Time
         106500      213.00000

   Energies (kJ/mol)
           Bond          Angle    Proper Dih. Per. Imp. Dih.          LJ-14
    7.30832e+03    1.95590e+04    2.59272e+04    1.26037e+03    9.53058e+03
     Coulomb-14        LJ (SR)  Disper. corr.   Coulomb (SR)   Coul. recip.
    1.19383e+05    4.92503e+05   -2.04941e+04   -3.79645e+06    1.08083e+04
 Position Rest.      Potential    Kinetic En.   Total Energy  Conserved En.
    2.48961e+03   -3.12817e+06    5.47804e+05   -2.58037e+06   -2.55612e+06
    Temperature Pres. DC (bar) Pressure (bar)   Constr. rmsd
    2.98219e+02   -1.53552e+02   -6.27238e+01    0.00000e+00

           Step           Time
         107000      214.00000

   Energies (kJ/mol)
           Bond          Angle    Proper Dih. Per. Imp. Dih.          LJ-14
    7.01913e+03    1.99037e+04    2.59687e+04    1.14128e+03    9.60783e+03
     Coulomb-14        LJ (SR)  Disper. corr.   Coulomb (SR)   Coul. recip.
    1.19200e+05    4.94218e+05   -2.05927e+04   -3.80130e+06    1.06998e+04
 Position Rest.      Potential    Kinetic En.   Total Energy  Conserved En.
    2.43797e+03   -3.13169e+06    5.45284e+05   -2.58641e+06   -2.55603e+06
    Temperature Pres. DC (bar) Pressure (bar)   Constr. rmsd
    2.96847e+02   -1.55032e+02    1.45331e+01    0.00000e+00

           Step           Time
         107500      215.00000

   Energies (kJ/mol)
           Bond          Angle    Proper Dih. Per. Imp. Dih.          LJ-14
    7.22139e+03    2.01667e+04    2.57628e+04    1.18600e+03    9.45558e+03
     Coulomb-14        LJ (SR)  Disper. corr.   Coulomb (SR)   Coul. recip.
    1.18771e+05    4.93321e+05   -2.05013e+04   -3.79976e+06    1.08006e+04
 Position Rest.      Potential    Kinetic En.   Total Energy  Conserved En.
    2.41930e+03   -3.13116e+06    5.46746e+05   -2.58441e+06   -2.55598e+06
    Temperature Pres. DC (bar) Pressure (bar)   Constr. rmsd
    2.97643e+02   -1.53661e+02   -1.14077e+02    0.00000e+00

           Step           Time
         108000      216.00000

   Energies (kJ/mol)
           Bond          Angle    Proper Dih. Per. Imp. Dih.          LJ-14
    7.36826e+03    2.01028e+04    2.56050e+04    1.16311e+03    9.61500e+03
     Coulomb-14        LJ (SR)  Disper. corr.   Coulomb (SR)   Coul. recip.
    1.18835e+05    4.93561e+05   -2.06019e+04   -3.79888e+06    1.07832e+04
 Position Rest.      Potential    Kinetic En.   Total Energy  Conserved En.
    2.48839e+03   -3.12996e+06    5.47306e+05   -2.58266e+06   -2.55594e+06
    Temperature Pres. DC (bar) Pressure (bar)   Constr. rmsd
    2.97948e+02   -1.55172e+02   -9.10786e-01    0.00000e+00

           Step           Time
         108500      217.00000

   Energies (kJ/mol)
           Bond          Angle    Proper Dih. Per. Imp. Dih.          LJ-14
    7.24935e+03    1.96762e+04    2.57169e+04    1.18501e+03    9.69425e+03
     Coulomb-14        LJ (SR)  Disper. corr.   Coulomb (SR)   Coul. recip.
    1.19277e+05    4.92156e+05   -2.04937e+04   -3.79620e+06    1.05368e+04
 Position Rest.      Potential    Kinetic En.   Total Energy  Conserved En.
    2.50681e+03   -3.12870e+06    5.46852e+05   -2.58184e+06   -2.55588e+06
    Temperature Pres. DC (bar) Pressure (bar)   Constr. rmsd
    2.97701e+02   -1.53546e+02   -3.88546e+01    0.00000e+00

           Step           Time
         109000      218.00000

   Energies (kJ/mol)
           Bond          Angle    Proper Dih. Per. Imp. Dih.          LJ-14
    7.53011e+03    2.00475e+04    2.58753e+04    1.14126e+03    9.45835e+03
     Coulomb-14        LJ (SR)  Disper. corr.   Coulomb (SR)   Coul. recip.
    1.18633e+05    4.98769e+05   -2.06181e+04   -3.80776e+06    1.07040e+04
 Position Rest.      Potential    Kinetic En.   Total Energy  Conserved En.
    2.47762e+03   -3.13374e+06    5.49359e+05   -2.58438e+06   -2.55582e+06
    Temperature Pres. DC (bar) Pressure (bar)   Constr. rmsd
    2.99065e+02   -1.55415e+02    9.42842e+01    0.00000e+00

           Step           Time
         109500      219.00000

   Energies (kJ/mol)
           Bond          Angle    Proper Dih. Per. Imp. Dih.          LJ-14
    7.36012e+03    1.97130e+04    2.56356e+04    1.23439e+03    9.62354e+03
     Coulomb-14        LJ (SR)  Disper. corr.   Coulomb (SR)   Coul. recip.
    1.18805e+05    4.91333e+05   -2.05729e+04   -3.79610e+06    1.06227e+04
 Position Rest.      Potential    Kinetic En.   Total Energy  Conserved En.
    2.53463e+03   -3.12982e+06    5.45934e+05   -2.58388e+06   -2.55582e+06
    Temperature Pres. DC (bar) Pressure (bar)   Constr. rmsd
    2.97201e+02   -1.54734e+02   -8.76094e+01    0.00000e+00

           Step           Time
         110000      220.00000

   Energies (kJ/mol)
           Bond          Angle    Proper Dih. Per. Imp. Dih.          LJ-14
    7.18537e+03    1.98344e+04    2.59730e+04    1.17888e+03    9.51413e+03
     Coulomb-14        LJ (SR)  Disper. corr.   Coulomb (SR)   Coul. recip.
    1.18891e+05    4.91079e+05   -2.05160e+04   -3.79571e+06    1.08534e+04
 Position Rest.      Potential    Kinetic En.   Total Energy  Conserved En.
    2.39839e+03   -3.12932e+06    5.47928e+05   -2.58139e+06   -2.55583e+06
    Temperature Pres. DC (bar) Pressure (bar)   Constr. rmsd
    2.98286e+02   -1.53880e+02   -7.02691e+01    0.00000e+00

           Step           Time
         110500      221.00000

   Energies (kJ/mol)
           Bond          Angle    Proper Dih. Per. Imp. Dih.          LJ-14
    7.08718e+03    1.93868e+04    2.58634e+04    1.14464e+03    9.59210e+03
     Coulomb-14        LJ (SR)  Disper. corr.   Coulomb (SR)   Coul. recip.
    1.18965e+05    4.93778e+05   -2.05638e+04   -3.80351e+06    1.07853e+04
 Position Rest.      Potential    Kinetic En.   Total Energy  Conserved En.
    2.44807e+03   -3.13502e+06    5.46883e+05   -2.58814e+06   -2.55582e+06
    Temperature Pres. DC (bar) Pressure (bar)   Constr. rmsd
    2.97718e+02   -1.54598e+02   -2.89587e+01    0.00000e+00

           Step           Time
         111000      222.00000

   Energies (kJ/mol)
           Bond          Angle    Proper Dih. Per. Imp. Dih.          LJ-14
    7.29888e+03    1.98864e+04    2.57748e+04    1.20992e+03    9.60166e+03
     Coulomb-14        LJ (SR)  Disper. corr.   Coulomb (SR)   Coul. recip.
    1.19114e+05    4.99105e+05   -2.05773e+04   -3.80584e+06    1.09163e+04
 Position Rest.      Potential    Kinetic En.   Total Energy  Conserved En.
    2.51455e+03   -3.13099e+06    5.47321e+05   -2.58367e+06   -2.55576e+06
    Temperature Pres. DC (bar) Pressure (bar)   Constr. rmsd
    2.97956e+02   -1.54801e+02    1.29123e+02    0.00000e+00

           Step           Time
         111500      223.00000

   Energies (kJ/mol)
           Bond          Angle    Proper Dih. Per. Imp. Dih.          LJ-14
    7.22415e+03    1.98254e+04    2.60076e+04    1.21734e+03    9.44788e+03
     Coulomb-14        LJ (SR)  Disper. corr.   Coulomb (SR)   Coul. recip.
    1.19097e+05    4.91827e+05   -2.05035e+04   -3.79526e+06    1.07925e+04
 Position Rest.      Potential    Kinetic En.   Total Energy  Conserved En.
    2.57412e+03   -3.12775e+06    5.45611e+05   -2.58214e+06   -2.55578e+06
    Temperature Pres. DC (bar) Pressure (bar)   Constr. rmsd
    2.97025e+02   -1.53694e+02   -9.67431e+01    0.00000e+00

           Step           Time
         112000      224.00000

   Energies (kJ/mol)
           Bond          Angle    Proper Dih. Per. Imp. Dih.          LJ-14
    7.31739e+03    1.99869e+04    2.58754e+04    1.20371e+03    9.58052e+03
     Coulomb-14        LJ (SR)  Disper. corr.   Coulomb (SR)   Coul. recip.
    1.18778e+05    4.95870e+05   -2.05825e+04   -3.80211e+06    1.07716e+04
 Position Rest.      Potential    Kinetic En.   Total Energy  Conserved En.
    2.49914e+03   -3.13081e+06    5.46843e+05   -2.58397e+06   -2.55568e+06
    Temperature Pres. DC (bar) Pressure (bar)   Constr. rmsd
    2.97696e+02   -1.54878e+02    3.00282e+01    0.00000e+00

           Step           Time
         112500      225.00000

   Energies (kJ/mol)
           Bond          Angle    Proper Dih. Per. Imp. Dih.          LJ-14
    7.28939e+03    2.00878e+04    2.57082e+04    1.27207e+03    9.54251e+03
     Coulomb-14        LJ (SR)  Disper. corr.   Coulomb (SR)   Coul. recip.
    1.19235e+05    4.92826e+05   -2.05442e+04   -3.79832e+06    1.08741e+04
 Position Rest.      Potential    Kinetic En.   Total Energy  Conserved En.
    2.49861e+03   -3.12953e+06    5.48754e+05   -2.58078e+06   -2.55570e+06
    Temperature Pres. DC (bar) Pressure (bar)   Constr. rmsd
    2.98736e+02   -1.54304e+02   -8.60883e+01    0.00000e+00

           Step           Time
         113000      226.00000

   Energies (kJ/mol)
           Bond          Angle    Proper Dih. Per. Imp. Dih.          LJ-14
    7.60607e+03    1.97880e+04    2.56479e+04    1.25891e+03    9.55058e+03
     Coulomb-14        LJ (SR)  Disper. corr.   Coulomb (SR)   Coul. recip.
    1.18945e+05    4.91416e+05   -2.05181e+04   -3.79680e+06    1.06222e+04
 Position Rest.      Potential    Kinetic En.   Total Energy  Conserved En.
    2.60791e+03   -3.12987e+06    5.47344e+05   -2.58253e+06   -2.55569e+06
    Temperature Pres. DC (bar) Pressure (bar)   Constr. rmsd
    2.97969e+02   -1.53913e+02   -9.15689e+01    0.00000e+00

           Step           Time
         113500      227.00000

   Energies (kJ/mol)
           Bond          Angle    Proper Dih. Per. Imp. Dih.          LJ-14
    7.24336e+03    2.00978e+04    2.57414e+04    1.27386e+03    9.52981e+03
     Coulomb-14        LJ (SR)  Disper. corr.   Coulomb (SR)   Coul. recip.
    1.18952e+05    4.93033e+05   -2.05449e+04   -3.79739e+06    1.07707e+04
 Position Rest.      Potential    Kinetic En.   Total Energy  Conserved En.
    2.39879e+03   -3.12889e+06    5.48239e+05   -2.58066e+06   -2.55572e+06
    Temperature Pres. DC (bar) Pressure (bar)   Constr. rmsd
    2.98456e+02   -1.54314e+02    1.03973e+01    0.00000e+00

           Step           Time
         114000      228.00000

   Energies (kJ/mol)
           Bond          Angle    Proper Dih. Per. Imp. Dih.          LJ-14
    7.16218e+03    2.01874e+04    2.57496e+04    1.25125e+03    9.51935e+03
     Coulomb-14        LJ (SR)  Disper. corr.   Coulomb (SR)   Coul. recip.
    1.18987e+05    4.95069e+05   -2.06488e+04   -3.80140e+06    1.07170e+04
 Position Rest.      Potential    Kinetic En.   Total Energy  Conserved En.
    2.62447e+03   -3.13078e+06    5.48305e+05   -2.58248e+06   -2.55562e+06
    Temperature Pres. DC (bar) Pressure (bar)   Constr. rmsd
    2.98492e+02   -1.55877e+02    1.12754e+02    0.00000e+00

           Step           Time
         114500      229.00000

   Energies (kJ/mol)
           Bond          Angle    Proper Dih. Per. Imp. Dih.          LJ-14
    6.94372e+03    2.00953e+04    2.57166e+04    1.27668e+03    9.81938e+03
     Coulomb-14        LJ (SR)  Disper. corr.   Coulomb (SR)   Coul. recip.
    1.19131e+05    4.91320e+05   -2.05066e+04   -3.79353e+06    1.08522e+04
 Position Rest.      Potential    Kinetic En.   Total Energy  Conserved En.
    2.53347e+03   -3.12635e+06    5.48028e+05   -2.57832e+06   -2.55551e+06
    Temperature Pres. DC (bar) Pressure (bar)   Constr. rmsd
    2.98341e+02   -1.53739e+02   -6.68676e+01    0.00000e+00

           Step           Time
         115000      230.00000

   Energies (kJ/mol)
           Bond          Angle    Proper Dih. Per. Imp. Dih.          LJ-14
    7.13015e+03    2.00302e+04    2.56885e+04    1.27630e+03    9.61243e+03
     Coulomb-14        LJ (SR)  Disper. corr.   Coulomb (SR)   Coul. recip.
    1.19185e+05    4.94286e+05   -2.05562e+04   -3.79884e+06    1.07625e+04
 Position Rest.      Potential    Kinetic En.   Total Energy  Conserved En.
    2.41462e+03   -3.12901e+06    5.49062e+05   -2.57995e+06   -2.55549e+06
    Temperature Pres. DC (bar) Pressure (bar)   Constr. rmsd
    2.98904e+02   -1.54485e+02    6.87828e+01    0.00000e+00

           Step           Time
         115500      231.00000

   Energies (kJ/mol)
           Bond          Angle    Proper Dih. Per. Imp. Dih.          LJ-14
    7.24632e+03    1.98461e+04    2.58751e+04    1.20318e+03    9.68701e+03
     Coulomb-14        LJ (SR)  Disper. corr.   Coulomb (SR)   Coul. recip.
    1.19396e+05    4.95970e+05   -2.06525e+04   -3.80452e+06    1.05919e+04
 Position Rest.      Potential    Kinetic En.   Total Energy  Conserved En.
    2.53650e+03   -3.13282e+06    5.50554e+05   -2.58227e+06   -2.55540e+06
    Temperature Pres. DC (bar) Pressure (bar)   Constr. rmsd
    2.99716e+02   -1.55934e+02    1.16969e+02    0.00000e+00

           Step           Time
         116000      232.00000

   Energies (kJ/mol)
           Bond          Angle    Proper Dih. Per. Imp. Dih.          LJ-14
    7.05583e+03    1.96142e+04    2.59071e+04    1.26951e+03    9.52452e+03
     Coulomb-14        LJ (SR)  Disper. corr.   Coulomb (SR)   Coul. recip.
    1.18594e+05    4.89585e+05   -2.04989e+04   -3.79313e+06    1.08382e+04
 Position Rest.      Potential    Kinetic En.   Total Energy  Conserved En.
    2.57407e+03   -3.12866e+06    5.46579e+05   -2.58208e+06   -2.55532e+06
    Temperature Pres. DC (bar) Pressure (bar)   Constr. rmsd
    2.97552e+02   -1.53625e+02   -1.37249e+02    0.00000e+00

           Step           Time
         116500      233.00000

   Energies (kJ/mol)
           Bond          Angle    Proper Dih. Per. Imp. Dih.          LJ-14
    7.46974e+03    2.00518e+04    2.56067e+04    1.21442e+03    9.61939e+03
     Coulomb-14        LJ (SR)  Disper. corr.   Coulomb (SR)   Coul. recip.
    1.19185e+05    4.94312e+05   -2.05855e+04   -3.79546e+06    1.08866e+04
 Position Rest.      Potential    Kinetic En.   Total Energy  Conserved En.
    2.52294e+03   -3.12517e+06    5.48390e+05   -2.57678e+06   -2.55520e+06
    Temperature Pres. DC (bar) Pressure (bar)   Constr. rmsd
    2.98538e+02   -1.54924e+02    1.06156e+02    0.00000e+00

           Step           Time
         117000      234.00000

   Energies (kJ/mol)
           Bond          Angle    Proper Dih. Per. Imp. Dih.          LJ-14
    7.08979e+03    1.99536e+04    2.58852e+04    1.17354e+03    9.46539e+03
     Coulomb-14        LJ (SR)  Disper. corr.   Coulomb (SR)   Coul. recip.
    1.18980e+05    4.95180e+05   -2.06158e+04   -3.80066e+06    1.07415e+04
 Position Rest.      Potential    Kinetic En.   Total Energy  Conserved En.
    2.51684e+03   -3.13029e+06    5.48375e+05   -2.58192e+06   -2.55522e+06
    Temperature Pres. DC (bar) Pressure (bar)   Constr. rmsd
    2.98530e+02   -1.55381e+02    6.78588e+01    0.00000e+00

           Step           Time
         117500      235.00000

   Energies (kJ/mol)
           Bond          Angle    Proper Dih. Per. Imp. Dih.          LJ-14
    7.34588e+03    1.97693e+04    2.57721e+04    1.18740e+03    9.69633e+03
     Coulomb-14        LJ (SR)  Disper. corr.   Coulomb (SR)   Coul. recip.
    1.19158e+05    4.91606e+05   -2.05292e+04   -3.79853e+06    1.09125e+04
 Position Rest.      Potential    Kinetic En.   Total Energy  Conserved En.
    2.56987e+03   -3.13104e+06    5.51116e+05   -2.57992e+06   -2.55513e+06
    Temperature Pres. DC (bar) Pressure (bar)   Constr. rmsd
    3.00022e+02   -1.54078e+02   -1.43303e+02    0.00000e+00

           Step           Time
         118000      236.00000

   Energies (kJ/mol)
           Bond          Angle    Proper Dih. Per. Imp. Dih.          LJ-14
    7.49773e+03    2.02798e+04    2.56383e+04    1.18633e+03    9.58675e+03
     Coulomb-14        LJ (SR)  Disper. corr.   Coulomb (SR)   Coul. recip.
    1.18942e+05    4.93653e+05   -2.05948e+04   -3.79816e+06    1.08339e+04
 Position Rest.      Potential    Kinetic En.   Total Energy  Conserved En.
    2.55060e+03   -3.12858e+06    5.49514e+05   -2.57907e+06   -2.55507e+06
    Temperature Pres. DC (bar) Pressure (bar)   Constr. rmsd
    2.99150e+02   -1.55064e+02    1.84045e+00    0.00000e+00

           Step           Time
         118500      237.00000

   Energies (kJ/mol)
           Bond          Angle    Proper Dih. Per. Imp. Dih.          LJ-14
    7.32205e+03    1.96205e+04    2.56458e+04    1.20571e+03    9.61828e+03
     Coulomb-14        LJ (SR)  Disper. corr.   Coulomb (SR)   Coul. recip.
    1.18686e+05    4.90483e+05   -2.05257e+04   -3.79374e+06    1.08158e+04
 Position Rest.      Potential    Kinetic En.   Total Energy  Conserved En.
    2.50020e+03   -3.12837e+06    5.47189e+05   -2.58118e+06   -2.55509e+06
    Temperature Pres. DC (bar) Pressure (bar)   Constr. rmsd
    2.97884e+02   -1.54027e+02   -1.02406e+02    0.00000e+00

           Step           Time
         119000      238.00000

   Energies (kJ/mol)
           Bond          Angle    Proper Dih. Per. Imp. Dih.          LJ-14
    7.36702e+03    2.00497e+04    2.57592e+04    1.19913e+03    9.51931e+03
     Coulomb-14        LJ (SR)  Disper. corr.   Coulomb (SR)   Coul. recip.
    1.18823e+05    4.96903e+05   -2.06145e+04   -3.80567e+06    1.08594e+04
 Position Rest.      Potential    Kinetic En.   Total Energy  Conserved En.
    2.49507e+03   -3.13331e+06    5.45100e+05   -2.58821e+06   -2.55500e+06
    Temperature Pres. DC (bar) Pressure (bar)   Constr. rmsd
    2.96747e+02   -1.55360e+02    9.77104e+01    0.00000e+00

           Step           Time
         119500      239.00000

   Energies (kJ/mol)
           Bond          Angle    Proper Dih. Per. Imp. Dih.          LJ-14
    7.16069e+03    1.98269e+04    2.56902e+04    1.28352e+03    9.58873e+03
     Coulomb-14        LJ (SR)  Disper. corr.   Coulomb (SR)   Coul. recip.
    1.19060e+05    4.91019e+05   -2.05338e+04   -3.79359e+06    1.07396e+04
 Position Rest.      Potential    Kinetic En.   Total Energy  Conserved En.
    2.48597e+03   -3.12727e+06    5.46846e+05   -2.58043e+06   -2.55495e+06
    Temperature Pres. DC (bar) Pressure (bar)   Constr. rmsd
    2.97697e+02   -1.54148e+02   -3.04947e+01    0.00000e+00

           Step           Time
         120000      240.00000

   Energies (kJ/mol)
           Bond          Angle    Proper Dih. Per. Imp. Dih.          LJ-14
    7.25666e+03    2.00725e+04    2.56748e+04    1.27485e+03    9.55714e+03
     Coulomb-14        LJ (SR)  Disper. corr.   Coulomb (SR)   Coul. recip.
    1.18630e+05    4.93665e+05   -2.06047e+04   -3.80018e+06    1.07880e+04
 Position Rest.      Potential    Kinetic En.   Total Energy  Conserved En.
    2.49517e+03   -3.13137e+06    5.46394e+05   -2.58498e+06   -2.55493e+06
    Temperature Pres. DC (bar) Pressure (bar)   Constr. rmsd
    2.97451e+02   -1.55212e+02    1.62440e+01    0.00000e+00

           Step           Time
         120500      241.00000

   Energies (kJ/mol)
           Bond          Angle    Proper Dih. Per. Imp. Dih.          LJ-14
    7.25292e+03    2.04230e+04    2.58637e+04    1.25688e+03    9.55066e+03
     Coulomb-14        LJ (SR)  Disper. corr.   Coulomb (SR)   Coul. recip.
    1.18703e+05    4.91116e+05   -2.05464e+04   -3.79516e+06    1.07796e+04
 Position Rest.      Potential    Kinetic En.   Total Energy  Conserved En.
    2.56434e+03   -3.12819e+06    5.47296e+05   -2.58090e+06   -2.55485e+06
    Temperature Pres. DC (bar) Pressure (bar)   Constr. rmsd
    2.97942e+02   -1.54337e+02   -7.46210e+01    0.00000e+00

           Step           Time
         121000      242.00000

   Energies (kJ/mol)
           Bond          Angle    Proper Dih. Per. Imp. Dih.          LJ-14
    7.39018e+03    2.00556e+04    2.60784e+04    1.33345e+03    9.63369e+03
     Coulomb-14        LJ (SR)  Disper. corr.   Coulomb (SR)   Coul. recip.
    1.18891e+05    4.96048e+05   -2.06303e+04   -3.80359e+06    1.06832e+04
 Position Rest.      Potential    Kinetic En.   Total Energy  Conserved En.
    2.55739e+03   -3.13155e+06    5.50071e+05   -2.58148e+06   -2.55486e+06
    Temperature Pres. DC (bar) Pressure (bar)   Constr. rmsd
    2.99453e+02   -1.55598e+02    6.32326e+01    0.00000e+00

           Step           Time
         121500      243.00000

   Energies (kJ/mol)
           Bond          Angle    Proper Dih. Per. Imp. Dih.          LJ-14
    7.28826e+03    1.99272e+04    2.58107e+04    1.25533e+03    9.54278e+03
     Coulomb-14        LJ (SR)  Disper. corr.   Coulomb (SR)   Coul. recip.
    1.18807e+05    4.97041e+05   -2.05738e+04   -3.80494e+06    1.06162e+04
 Position Rest.      Potential    Kinetic En.   Total Energy  Conserved En.
    2.49315e+03   -3.13273e+06    5.50573e+05   -2.58216e+06   -2.55484e+06
    Temperature Pres. DC (bar) Pressure (bar)   Constr. rmsd
    2.99726e+02   -1.54748e+02    9.15699e+01    0.00000e+00

           Step           Time
         122000      244.00000

   Energies (kJ/mol)
           Bond          Angle    Proper Dih. Per. Imp. Dih.          LJ-14
    7.22097e+03    1.96079e+04    2.57715e+04    1.22929e+03    9.45144e+03
     Coulomb-14        LJ (SR)  Disper. corr.   Coulomb (SR)   Coul. recip.
    1.18795e+05    4.96273e+05   -2.05868e+04   -3.80485e+06    1.08460e+04
 Position Rest.      Potential    Kinetic En.   Total Energy  Conserved En.
    2.55953e+03   -3.13368e+06    5.45606e+05   -2.58807e+06   -2.55481e+06
    Temperature Pres. DC (bar) Pressure (bar)   Constr. rmsd
    2.97022e+02   -1.54943e+02   -2.09561e+01    0.00000e+00

           Step           Time
         122500      245.00000

   Energies (kJ/mol)
           Bond          Angle    Proper Dih. Per. Imp. Dih.          LJ-14
    7.27714e+03    1.95875e+04    2.57420e+04    1.22463e+03    9.54036e+03
     Coulomb-14        LJ (SR)  Disper. corr.   Coulomb (SR)   Coul. recip.
    1.18874e+05    4.92246e+05   -2.05561e+04   -3.79923e+06    1.09076e+04
 Position Rest.      Potential    Kinetic En.   Total Energy  Conserved En.
    2.60641e+03   -3.13178e+06    5.47571e+05   -2.58421e+06   -2.55486e+06
    Temperature Pres. DC (bar) Pressure (bar)   Constr. rmsd
    2.98092e+02   -1.54483e+02   -6.39858e+01    0.00000e+00

           Step           Time
         123000      246.00000

   Energies (kJ/mol)
           Bond          Angle    Proper Dih. Per. Imp. Dih.          LJ-14
    7.03964e+03    1.97142e+04    2.57133e+04    1.19930e+03    9.72519e+03
     Coulomb-14        LJ (SR)  Disper. corr.   Coulomb (SR)   Coul. recip.
    1.19260e+05    4.93000e+05   -2.05213e+04   -3.79615e+06    1.08147e+04
 Position Rest.      Potential    Kinetic En.   Total Energy  Conserved En.
    2.59079e+03   -3.12761e+06    5.48906e+05   -2.57871e+06   -2.55479e+06
    Temperature Pres. DC (bar) Pressure (bar)   Constr. rmsd
    2.98819e+02   -1.53961e+02    4.36235e+01    0.00000e+00

           Step           Time
         123500      247.00000

   Energies (kJ/mol)
           Bond          Angle    Proper Dih. Per. Imp. Dih.          LJ-14
    7.26653e+03    1.97824e+04    2.58597e+04    1.29066e+03    9.56494e+03
     Coulomb-14        LJ (SR)  Disper. corr.   Coulomb (SR)   Coul. recip.
    1.19040e+05    4.96185e+05   -2.05581e+04   -3.80141e+06    1.08339e+04
 Position Rest.      Potential    Kinetic En.   Total Energy  Conserved En.
    2.53428e+03   -3.12961e+06    5.46846e+05   -2.58277e+06   -2.55473e+06
    Temperature Pres. DC (bar) Pressure (bar)   Constr. rmsd
    2.97697e+02   -1.54513e+02    1.27587e+01    0.00000e+00

           Step           Time
         124000      248.00000

   Energies (kJ/mol)
           Bond          Angle    Proper Dih. Per. Imp. Dih.          LJ-14
    7.00504e+03    1.98775e+04    2.57927e+04    1.14386e+03    9.59569e+03
     Coulomb-14        LJ (SR)  Disper. corr.   Coulomb (SR)   Coul. recip.
    1.19037e+05    4.93868e+05   -2.05352e+04   -3.79982e+06    1.08698e+04
 Position Rest.      Potential    Kinetic En.   Total Energy  Conserved En.
    2.50103e+03   -3.13066e+06    5.48514e+05   -2.58215e+06   -2.55475e+06
    Temperature Pres. DC (bar) Pressure (bar)   Constr. rmsd
    2.98606e+02   -1.54169e+02    4.74980e+01    0.00000e+00

           Step           Time
         124500      249.00000

   Energies (kJ/mol)
           Bond          Angle    Proper Dih. Per. Imp. Dih.          LJ-14
    7.25662e+03    1.98574e+04    2.58275e+04    1.14396e+03    9.57213e+03
     Coulomb-14        LJ (SR)  Disper. corr.   Coulomb (SR)   Coul. recip.
    1.18690e+05    4.92174e+05   -2.05022e+04   -3.79801e+06    1.09296e+04
 Position Rest.      Potential    Kinetic En.   Total Energy  Conserved En.
    2.49058e+03   -3.13057e+06    5.47043e+05   -2.58353e+06   -2.55465e+06
    Temperature Pres. DC (bar) Pressure (bar)   Constr. rmsd
    2.97805e+02   -1.53674e+02   -8.01347e+01    0.00000e+00

           Step           Time
         125000      250.00000

   Energies (kJ/mol)
           Bond          Angle    Proper Dih. Per. Imp. Dih.          LJ-14
    7.03868e+03    1.97077e+04    2.57703e+04    1.21429e+03    9.61615e+03
     Coulomb-14        LJ (SR)  Disper. corr.   Coulomb (SR)   Coul. recip.
    1.19257e+05    4.96058e+05   -2.05491e+04   -3.80458e+06    1.07832e+04
 Position Rest.      Potential    Kinetic En.   Total Energy  Conserved En.
    2.53079e+03   -3.13315e+06    5.47079e+05   -2.58607e+06   -2.55466e+06
    Temperature Pres. DC (bar) Pressure (bar)   Constr. rmsd
    2.97824e+02   -1.54378e+02    1.86593e+01    0.00000e+00

           Step           Time
         125500      251.00000

   Energies (kJ/mol)
           Bond          Angle    Proper Dih. Per. Imp. Dih.          LJ-14
    7.37015e+03    1.98104e+04    2.57125e+04    1.18306e+03    9.59505e+03
     Coulomb-14        LJ (SR)  Disper. corr.   Coulomb (SR)   Coul. recip.
    1.18878e+05    4.91842e+05   -2.05598e+04   -3.80153e+06    1.07511e+04
 Position Rest.      Potential    Kinetic En.   Total Energy  Conserved En.
    2.43998e+03   -3.13451e+06    5.47054e+05   -2.58746e+06   -2.55462e+06
    Temperature Pres. DC (bar) Pressure (bar)   Constr. rmsd
    2.97811e+02   -1.54538e+02   -1.26829e+02    0.00000e+00

           Step           Time
         126000      252.00000

   Energies (kJ/mol)
           Bond          Angle    Proper Dih. Per. Imp. Dih.          LJ-14
    7.06326e+03    2.01016e+04    2.57248e+04    1.16297e+03    9.67412e+03
     Coulomb-14        LJ (SR)  Disper. corr.   Coulomb (SR)   Coul. recip.
    1.18695e+05    4.95403e+05   -2.05792e+04   -3.80220e+06    1.08835e+04
 Position Rest.      Potential    Kinetic En.   Total Energy  Conserved En.
    2.42891e+03   -3.13164e+06    5.45073e+05   -2.58657e+06   -2.55460e+06
    Temperature Pres. DC (bar) Pressure (bar)   Constr. rmsd
    2.96732e+02   -1.54829e+02    1.07111e+02    0.00000e+00

           Step           Time
         126500      253.00000

   Energies (kJ/mol)
           Bond          Angle    Proper Dih. Per. Imp. Dih.          LJ-14
    7.36540e+03    1.96051e+04    2.57068e+04    1.25234e+03    9.61191e+03
     Coulomb-14        LJ (SR)  Disper. corr.   Coulomb (SR)   Coul. recip.
    1.19263e+05    4.92769e+05   -2.04993e+04   -3.79484e+06    1.07091e+04
 Position Rest.      Potential    Kinetic En.   Total Energy  Conserved En.
    2.43220e+03   -3.12662e+06    5.46720e+05   -2.57990e+06   -2.55463e+06
    Temperature Pres. DC (bar) Pressure (bar)   Constr. rmsd
    2.97629e+02   -1.53631e+02   -4.88659e+01    0.00000e+00

           Step           Time
         127000      254.00000

   Energies (kJ/mol)
           Bond          Angle    Proper Dih. Per. Imp. Dih.          LJ-14
    7.34136e+03    2.01867e+04    2.58182e+04    1.22662e+03    9.56276e+03
     Coulomb-14        LJ (SR)  Disper. corr.   Coulomb (SR)   Coul. recip.
    1.19120e+05    4.97486e+05   -2.05920e+04   -3.80249e+06    1.06891e+04
 Position Rest.      Potential    Kinetic En.   Total Energy  Conserved En.
    2.39411e+03   -3.12926e+06    5.49310e+05   -2.57995e+06   -2.55457e+06
    Temperature Pres. DC (bar) Pressure (bar)   Constr. rmsd
    2.99039e+02   -1.55022e+02    9.43982e+01    0.00000e+00

           Step           Time
         127500      255.00000

   Energies (kJ/mol)
           Bond          Angle    Proper Dih. Per. Imp. Dih.          LJ-14
    7.54021e+03    1.98732e+04    2.57817e+04    1.26364e+03    9.46823e+03
     Coulomb-14        LJ (SR)  Disper. corr.   Coulomb (SR)   Coul. recip.
    1.18809e+05    4.93419e+05   -2.05380e+04   -3.80013e+06    1.06585e+04
 Position Rest.      Potential    Kinetic En.   Total Energy  Conserved En.
    2.54306e+03   -3.13131e+06    5.49050e+05   -2.58226e+06   -2.55459e+06
    Temperature Pres. DC (bar) Pressure (bar)   Constr. rmsd
    2.98897e+02   -1.54211e+02   -3.70095e+01    0.00000e+00

           Step           Time
         128000      256.00000

   Energies (kJ/mol)
           Bond          Angle    Proper Dih. Per. Imp. Dih.          LJ-14
    7.32976e+03    2.01102e+04    2.57253e+04    1.17031e+03    9.68315e+03
     Coulomb-14        LJ (SR)  Disper. corr.   Coulomb (SR)   Coul. recip.
    1.19011e+05    4.96730e+05   -2.05229e+04   -3.80340e+06    1.07390e+04
 Position Rest.      Potential    Kinetic En.   Total Energy  Conserved En.
    2.38176e+03   -3.13104e+06    5.48018e+05   -2.58302e+06   -2.55455e+06
    Temperature Pres. DC (bar) Pressure (bar)   Constr. rmsd
    2.98335e+02   -1.53985e+02    1.26606e+01    0.00000e+00

           Step           Time
         128500      257.00000

   Energies (kJ/mol)
           Bond          Angle    Proper Dih. Per. Imp. Dih.          LJ-14
    7.34164e+03    1.99151e+04    2.58121e+04    1.28696e+03    9.62126e+03
     Coulomb-14        LJ (SR)  Disper. corr.   Coulomb (SR)   Coul. recip.
    1.18870e+05    4.93276e+05   -2.05793e+04   -3.80034e+06    1.07274e+04
 Position Rest.      Potential    Kinetic En.   Total Energy  Conserved En.
    2.50477e+03   -3.13156e+06    5.47381e+05   -2.58418e+06   -2.55449e+06
    Temperature Pres. DC (bar) Pressure (bar)   Constr. rmsd
    2.97989e+02   -1.54831e+02   -6.19583e+00    0.00000e+00

           Step           Time
         129000      258.00000

   Energies (kJ/mol)
           Bond          Angle    Proper Dih. Per. Imp. Dih.          LJ-14
    7.17768e+03    2.00682e+04    2.57886e+04    1.17040e+03    9.62737e+03
     Coulomb-14        LJ (SR)  Disper. corr.   Coulomb (SR)   Coul. recip.
    1.19061e+05    4.95141e+05   -2.05515e+04   -3.80046e+06    1.07862e+04
 Position Rest.      Potential    Kinetic En.   Total Energy  Conserved En.
    2.39511e+03   -3.12979e+06    5.45432e+05   -2.58436e+06   -2.55445e+06
    Temperature Pres. DC (bar) Pressure (bar)   Constr. rmsd
    2.96928e+02   -1.54414e+02   -6.68889e+01    0.00000e+00

           Step           Time
         129500      259.00000

   Energies (kJ/mol)
           Bond          Angle    Proper Dih. Per. Imp. Dih.          LJ-14
    6.97669e+03    1.99305e+04    2.57198e+04    1.22204e+03    9.61912e+03
     Coulomb-14        LJ (SR)  Disper. corr.   Coulomb (SR)   Coul. recip.
    1.19233e+05    4.95054e+05   -2.06200e+04   -3.80392e+06    1.06417e+04
 Position Rest.      Potential    Kinetic En.   Total Energy  Conserved En.
    2.43350e+03   -3.13371e+06    5.47620e+05   -2.58609e+06   -2.55447e+06
    Temperature Pres. DC (bar) Pressure (bar)   Constr. rmsd
    2.98119e+02   -1.55443e+02    7.17918e+01    0.00000e+00

           Step           Time
         130000      260.00000

   Energies (kJ/mol)
           Bond          Angle    Proper Dih. Per. Imp. Dih.          LJ-14
    7.42289e+03    1.99570e+04    2.58855e+04    1.22089e+03    9.65943e+03
     Coulomb-14        LJ (SR)  Disper. corr.   Coulomb (SR)   Coul. recip.
    1.18760e+05    4.92622e+05   -2.05333e+04   -3.79428e+06    1.07650e+04
 Position Rest.      Potential    Kinetic En.   Total Energy  Conserved En.
    2.41683e+03   -3.12611e+06    5.47430e+05   -2.57868e+06   -2.55436e+06
    Temperature Pres. DC (bar) Pressure (bar)   Constr. rmsd
    2.98015e+02   -1.54141e+02    6.41914e+01    0.00000e+00

           Step           Time
         130500      261.00000

   Energies (kJ/mol)
           Bond          Angle    Proper Dih. Per. Imp. Dih.          LJ-14
    7.33392e+03    1.97374e+04    2.58030e+04    1.23709e+03    9.72186e+03
     Coulomb-14        LJ (SR)  Disper. corr.   Coulomb (SR)   Coul. recip.
    1.19217e+05    4.93481e+05   -2.05693e+04   -3.79657e+06    1.08404e+04
 Position Rest.      Potential    Kinetic En.   Total Energy  Conserved En.
    2.40782e+03   -3.12736e+06    5.49313e+05   -2.57805e+06   -2.55441e+06
    Temperature Pres. DC (bar) Pressure (bar)   Constr. rmsd
    2.99040e+02   -1.54681e+02    1.04370e+02    0.00000e+00

           Step           Time
         131000      262.00000

   Energies (kJ/mol)
           Bond          Angle    Proper Dih. Per. Imp. Dih.          LJ-14
    7.32088e+03    2.00012e+04    2.59582e+04    1.18003e+03    9.64077e+03
     Coulomb-14        LJ (SR)  Disper. corr.   Coulomb (SR)   Coul. recip.
    1.19003e+05    4.92449e+05   -2.05415e+04   -3.79644e+06    1.08693e+04
 Position Rest.      Potential    Kinetic En.   Total Energy  Conserved En.
    2.37745e+03   -3.12818e+06    5.47342e+05   -2.58084e+06   -2.55435e+06
    Temperature Pres. DC (bar) Pressure (bar)   Constr. rmsd
    2.97967e+02   -1.54263e+02   -1.64418e+01    0.00000e+00

           Step           Time
         131500      263.00000

   Energies (kJ/mol)
           Bond          Angle    Proper Dih. Per. Imp. Dih.          LJ-14
    7.44763e+03    2.02220e+04    2.57692e+04    1.14726e+03    9.65240e+03
     Coulomb-14        LJ (SR)  Disper. corr.   Coulomb (SR)   Coul. recip.
    1.19074e+05    4.91727e+05   -2.05233e+04   -3.79734e+06    1.07324e+04
 Position Rest.      Potential    Kinetic En.   Total Energy  Conserved En.
    2.39251e+03   -3.12970e+06    5.48179e+05   -2.58152e+06   -2.55431e+06
    Temperature Pres. DC (bar) Pressure (bar)   Constr. rmsd
    2.98423e+02   -1.53990e+02   -7.49731e+01    0.00000e+00

           Step           Time
         132000      264.00000

   Energies (kJ/mol)
           Bond          Angle    Proper Dih. Per. Imp. Dih.          LJ-14
    7.29260e+03    2.00683e+04    2.57541e+04    1.18971e+03    9.58996e+03
     Coulomb-14        LJ (SR)  Disper. corr.   Coulomb (SR)   Coul. recip.
    1.18982e+05    4.96176e+05   -2.05944e+04   -3.80053e+06    1.06321e+04
 Position Rest.      Potential    Kinetic En.   Total Energy  Conserved En.
    2.40454e+03   -3.12903e+06    5.48348e+05   -2.58068e+06   -2.55433e+06
    Temperature Pres. DC (bar) Pressure (bar)   Constr. rmsd
    2.98515e+02   -1.55058e+02    1.46038e+02    0.00000e+00

           Step           Time
         132500      265.00000

   Energies (kJ/mol)
           Bond          Angle    Proper Dih. Per. Imp. Dih.          LJ-14
    7.19988e+03    1.98391e+04    2.58202e+04    1.21082e+03    9.55071e+03
     Coulomb-14        LJ (SR)  Disper. corr.   Coulomb (SR)   Coul. recip.
    1.19140e+05    4.91484e+05   -2.05259e+04   -3.79604e+06    1.07530e+04
 Position Rest.      Potential    Kinetic En.   Total Energy  Conserved En.
    2.43563e+03   -3.12913e+06    5.46159e+05   -2.58298e+06   -2.55429e+06
    Temperature Pres. DC (bar) Pressure (bar)   Constr. rmsd
    2.97323e+02   -1.54029e+02   -7.72368e+01    0.00000e+00

           Step           Time
         133000      266.00000

   Energies (kJ/mol)
           Bond          Angle    Proper Dih. Per. Imp. Dih.          LJ-14
    7.12269e+03    1.97534e+04    2.57509e+04    1.27177e+03    9.42494e+03
     Coulomb-14        LJ (SR)  Disper. corr.   Coulomb (SR)   Coul. recip.
    1.19119e+05    4.95756e+05   -2.06086e+04   -3.80130e+06    1.07678e+04
 Position Rest.      Potential    Kinetic En.   Total Energy  Conserved En.
    2.38034e+03   -3.13056e+06    5.46797e+05   -2.58377e+06   -2.55430e+06
    Temperature Pres. DC (bar) Pressure (bar)   Constr. rmsd
    2.97671e+02   -1.55272e+02    3.33495e+01    0.00000e+00

           Step           Time
         133500      267.00000

   Energies (kJ/mol)
           Bond          Angle    Proper Dih. Per. Imp. Dih.          LJ-14
    7.28251e+03    1.99097e+04    2.58890e+04    1.17920e+03    9.65174e+03
     Coulomb-14        LJ (SR)  Disper. corr.   Coulomb (SR)   Coul. recip.
    1.18855e+05    4.89714e+05   -2.05418e+04   -3.79486e+06    1.07846e+04
 Position Rest.      Potential    Kinetic En.   Total Energy  Conserved En.
    2.42174e+03   -3.12972e+06    5.48176e+05   -2.58154e+06   -2.55423e+06
    Temperature Pres. DC (bar) Pressure (bar)   Constr. rmsd
    2.98421e+02   -1.54268e+02   -8.44440e+01    0.00000e+00

           Step           Time
         134000      268.00000

   Energies (kJ/mol)
           Bond          Angle    Proper Dih. Per. Imp. Dih.          LJ-14
    7.15351e+03    2.01403e+04    2.56972e+04    1.19461e+03    9.59042e+03
     Coulomb-14        LJ (SR)  Disper. corr.   Coulomb (SR)   Coul. recip.
    1.18842e+05    4.92452e+05   -2.05276e+04   -3.79607e+06    1.08178e+04
 Position Rest.      Potential    Kinetic En.   Total Energy  Conserved En.
    2.37741e+03   -3.12833e+06    5.47232e+05   -2.58110e+06   -2.55424e+06
    Temperature Pres. DC (bar) Pressure (bar)   Constr. rmsd
    2.97908e+02   -1.54054e+02    9.95361e+00    0.00000e+00

           Step           Time
         134500      269.00000

   Energies (kJ/mol)
           Bond          Angle    Proper Dih. Per. Imp. Dih.          LJ-14
    7.01962e+03    2.02037e+04    2.57811e+04    1.28753e+03    9.62031e+03
     Coulomb-14        LJ (SR)  Disper. corr.   Coulomb (SR)   Coul. recip.
    1.18784e+05    4.91666e+05   -2.05107e+04   -3.79688e+06    1.09274e+04
 Position Rest.      Potential    Kinetic En.   Total Energy  Conserved En.
    2.47911e+03   -3.12962e+06    5.48872e+05   -2.58075e+06   -2.55423e+06
    Temperature Pres. DC (bar) Pressure (bar)   Constr. rmsd
    2.98801e+02   -1.53801e+02   -9.38110e+01    0.00000e+00

           Step           Time
         135000      270.00000

   Energies (kJ/mol)
           Bond          Angle    Proper Dih. Per. Imp. Dih.          LJ-14
    7.16846e+03    1.98502e+04    2.58526e+04    1.39356e+03    9.65258e+03
     Coulomb-14        LJ (SR)  Disper. corr.   Coulomb (SR)   Coul. recip.
    1.19100e+05    4.93043e+05   -2.05543e+04   -3.80100e+06    1.08561e+04
 Position Rest.      Potential    Kinetic En.   Total Energy  Conserved En.
    2.48507e+03   -3.13216e+06    5.47102e+05   -2.58505e+06   -2.55415e+06
    Temperature Pres. DC (bar) Pressure (bar)   Constr. rmsd
    2.97837e+02   -1.54455e+02   -4.38700e+01    0.00000e+00

           Step           Time
         135500      271.00000

   Energies (kJ/mol)
           Bond          Angle    Proper Dih. Per. Imp. Dih.          LJ-14
    7.34680e+03    2.01306e+04    2.57731e+04    1.13555e+03    9.64581e+03
     Coulomb-14        LJ (SR)  Disper. corr.   Coulomb (SR)   Coul. recip.
    1.18915e+05    4.93971e+05   -2.05382e+04   -3.80077e+06    1.06832e+04
 Position Rest.      Potential    Kinetic En.   Total Energy  Conserved En.
    2.37653e+03   -3.13133e+06    5.48419e+05   -2.58292e+06   -2.55413e+06
    Temperature Pres. DC (bar) Pressure (bar)   Constr. rmsd
    2.98554e+02   -1.54214e+02   -2.51560e+01    0.00000e+00

           Step           Time
         136000      272.00000

   Energies (kJ/mol)
           Bond          Angle    Proper Dih. Per. Imp. Dih.          LJ-14
    7.37384e+03    1.96820e+04    2.60103e+04    1.17544e+03    9.48142e+03
     Coulomb-14        LJ (SR)  Disper. corr.   Coulomb (SR)   Coul. recip.
    1.18721e+05    4.94320e+05   -2.05825e+04   -3.79967e+06    1.08328e+04
 Position Rest.      Potential    Kinetic En.   Total Energy  Conserved En.
    2.41036e+03   -3.13025e+06    5.47087e+05   -2.58316e+06   -2.55414e+06
    Temperature Pres. DC (bar) Pressure (bar)   Constr. rmsd
    2.97828e+02   -1.54879e+02   -1.42890e+01    0.00000e+00

           Step           Time
         136500      273.00000

   Energies (kJ/mol)
           Bond          Angle    Proper Dih. Per. Imp. Dih.          LJ-14
    7.31681e+03    1.97936e+04    2.58289e+04    1.23945e+03    9.53921e+03
     Coulomb-14        LJ (SR)  Disper. corr.   Coulomb (SR)   Coul. recip.
    1.18853e+05    4.94729e+05   -2.05791e+04   -3.80048e+06    1.05592e+04
 Position Rest.      Potential    Kinetic En.   Total Energy  Conserved En.
    2.46029e+03   -3.13074e+06    5.47733e+05   -2.58301e+06   -2.55413e+06
    Temperature Pres. DC (bar) Pressure (bar)   Constr. rmsd
    2.98180e+02   -1.54828e+02    4.45804e+01    0.00000e+00

           Step           Time
         137000      274.00000

   Energies (kJ/mol)
           Bond          Angle    Proper Dih. Per. Imp. Dih.          LJ-14
    7.14825e+03    2.01641e+04    2.57427e+04    1.14526e+03    9.56248e+03
     Coulomb-14        LJ (SR)  Disper. corr.   Coulomb (SR)   Coul. recip.
    1.18995e+05    4.94775e+05   -2.05527e+04   -3.80156e+06    1.06575e+04
 Position Rest.      Potential    Kinetic En.   Total Energy  Conserved En.
    2.45740e+03   -3.13147e+06    5.47167e+05   -2.58430e+06   -2.55406e+06
    Temperature Pres. DC (bar) Pressure (bar)   Constr. rmsd
    2.97872e+02   -1.54431e+02   -5.63739e+00    0.00000e+00

           Step           Time
         137500      275.00000

   Energies (kJ/mol)
           Bond          Angle    Proper Dih. Per. Imp. Dih.          LJ-14
    7.13107e+03    1.99212e+04    2.58930e+04    1.22508e+03    9.58802e+03
     Coulomb-14        LJ (SR)  Disper. corr.   Coulomb (SR)   Coul. recip.
    1.18928e+05    4.94707e+05   -2.05806e+04   -3.80057e+06    1.06517e+04
 Position Rest.      Potential    Kinetic En.   Total Energy  Conserved En.
    2.51979e+03   -3.13058e+06    5.48091e+05   -2.58249e+06   -2.55407e+06
    Temperature Pres. DC (bar) Pressure (bar)   Constr. rmsd
    2.98375e+02   -1.54850e+02    3.64708e+01    0.00000e+00

           Step           Time
         138000      276.00000

   Energies (kJ/mol)
           Bond          Angle    Proper Dih. Per. Imp. Dih.          LJ-14
    7.34241e+03    1.97332e+04    2.60248e+04    1.13785e+03    9.46611e+03
     Coulomb-14        LJ (SR)  Disper. corr.   Coulomb (SR)   Coul. recip.
    1.18933e+05    4.92731e+05   -2.05326e+04   -3.79462e+06    1.06846e+04
 Position Rest.      Potential    Kinetic En.   Total Energy  Conserved En.
    2.59659e+03   -3.12650e+06    5.45968e+05   -2.58053e+06   -2.55406e+06
    Temperature Pres. DC (bar) Pressure (bar)   Constr. rmsd
    2.97219e+02   -1.54130e+02    2.71966e+00    0.00000e+00

           Step           Time
         138500      277.00000

   Energies (kJ/mol)
           Bond          Angle    Proper Dih. Per. Imp. Dih.          LJ-14
    7.15475e+03    2.02871e+04    2.58116e+04    1.18177e+03    9.58644e+03
     Coulomb-14        LJ (SR)  Disper. corr.   Coulomb (SR)   Coul. recip.
    1.18878e+05    4.90573e+05   -2.05579e+04   -3.79470e+06    1.06262e+04
 Position Rest.      Potential    Kinetic En.   Total Energy  Conserved En.
    2.58047e+03   -3.12858e+06    5.48642e+05   -2.57994e+06   -2.55401e+06
    Temperature Pres. DC (bar) Pressure (bar)   Constr. rmsd
    2.98675e+02   -1.54509e+02   -6.38866e+01    0.00000e+00

           Step           Time
         139000      278.00000

   Energies (kJ/mol)
           Bond          Angle    Proper Dih. Per. Imp. Dih.          LJ-14
    7.06791e+03    1.97002e+04    2.58565e+04    1.17888e+03    9.72905e+03
     Coulomb-14        LJ (SR)  Disper. corr.   Coulomb (SR)   Coul. recip.
    1.19034e+05    4.90853e+05   -2.05413e+04   -3.79149e+06    1.07406e+04
 Position Rest.      Potential    Kinetic En.   Total Energy  Conserved En.
    2.43632e+03   -3.12543e+06    5.47412e+05   -2.57802e+06   -2.55400e+06
    Temperature Pres. DC (bar) Pressure (bar)   Constr. rmsd
    2.98006e+02   -1.54260e+02    2.30888e+01    0.00000e+00

           Step           Time
         139500      279.00000

   Energies (kJ/mol)
           Bond          Angle    Proper Dih. Per. Imp. Dih.          LJ-14
    7.19321e+03    1.95698e+04    2.57863e+04    1.20055e+03    9.63563e+03
     Coulomb-14        LJ (SR)  Disper. corr.   Coulomb (SR)   Coul. recip.
    1.18959e+05    4.93619e+05   -2.05160e+04   -3.79701e+06    1.09156e+04
 Position Rest.      Potential    Kinetic En.   Total Energy  Conserved En.
    2.35304e+03   -3.12829e+06    5.47801e+05   -2.58049e+06   -2.55397e+06
    Temperature Pres. DC (bar) Pressure (bar)   Constr. rmsd
    2.98217e+02   -1.53881e+02    2.73979e+01    0.00000e+00

           Step           Time
         140000      280.00000

   Energies (kJ/mol)
           Bond          Angle    Proper Dih. Per. Imp. Dih.          LJ-14
    7.23701e+03    1.99714e+04    2.57754e+04    1.18790e+03    9.45862e+03
     Coulomb-14        LJ (SR)  Disper. corr.   Coulomb (SR)   Coul. recip.
    1.18869e+05    4.93835e+05   -2.05873e+04   -3.79844e+06    1.07673e+04
 Position Rest.      Potential    Kinetic En.   Total Energy  Conserved En.
    2.46319e+03   -3.12946e+06    5.49513e+05   -2.57995e+06   -2.55393e+06
    Temperature Pres. DC (bar) Pressure (bar)   Constr. rmsd
    2.99149e+02   -1.54952e+02    1.75428e+01    0.00000e+00

           Step           Time
         140500      281.00000

   Energies (kJ/mol)
           Bond          Angle    Proper Dih. Per. Imp. Dih.          LJ-14
    7.35308e+03    2.00652e+04    2.58788e+04    1.17959e+03    9.40716e+03
     Coulomb-14        LJ (SR)  Disper. corr.   Coulomb (SR)   Coul. recip.
    1.18999e+05    4.92036e+05   -2.05619e+04   -3.79558e+06    1.07853e+04
 Position Rest.      Potential    Kinetic En.   Total Energy  Conserved En.
    2.52378e+03   -3.12791e+06    5.46734e+05   -2.58118e+06   -2.55385e+06
    Temperature Pres. DC (bar) Pressure (bar)   Constr. rmsd
    2.97637e+02   -1.54570e+02   -4.75972e+01    0.00000e+00

           Step           Time
         141000      282.00000

   Energies (kJ/mol)
           Bond          Angle    Proper Dih. Per. Imp. Dih.          LJ-14
    7.19551e+03    1.99001e+04    2.57569e+04    1.22389e+03    9.57596e+03
     Coulomb-14        LJ (SR)  Disper. corr.   Coulomb (SR)   Coul. recip.
    1.18859e+05    4.95539e+05   -2.05472e+04   -3.80391e+06    1.07493e+04
 Position Rest.      Potential    Kinetic En.   Total Energy  Conserved En.
    2.53204e+03   -3.13312e+06    5.47385e+05   -2.58574e+06   -2.55384e+06
    Temperature Pres. DC (bar) Pressure (bar)   Constr. rmsd
    2.97991e+02   -1.54349e+02    4.34349e+01    0.00000e+00

           Step           Time
         141500      283.00000

   Energies (kJ/mol)
           Bond          Angle    Proper Dih. Per. Imp. Dih.          LJ-14
    7.38239e+03    2.01440e+04    2.56997e+04    1.21200e+03    9.52707e+03
     Coulomb-14        LJ (SR)  Disper. corr.   Coulomb (SR)   Coul. recip.
    1.18735e+05    4.95087e+05   -2.05967e+04   -3.80193e+06    1.07248e+04
 Position Rest.      Potential    Kinetic En.   Total Energy  Conserved En.
    2.43074e+03   -3.13159e+06    5.50375e+05   -2.58121e+06   -2.55386e+06
    Temperature Pres. DC (bar) Pressure (bar)   Constr. rmsd
    2.99619e+02   -1.55093e+02    8.48217e+01    0.00000e+00

           Step           Time
         142000      284.00000

   Energies (kJ/mol)
           Bond          Angle    Proper Dih. Per. Imp. Dih.          LJ-14
    7.33926e+03    1.99973e+04    2.57774e+04    1.19937e+03    9.48141e+03
     Coulomb-14        LJ (SR)  Disper. corr.   Coulomb (SR)   Coul. recip.
    1.18805e+05    4.91554e+05   -2.05227e+04   -3.79650e+06    1.07450e+04
 Position Rest.      Potential    Kinetic En.   Total Energy  Conserved En.
    2.50565e+03   -3.12961e+06    5.46655e+05   -2.58296e+06   -2.55380e+06
    Temperature Pres. DC (bar) Pressure (bar)   Constr. rmsd
    2.97594e+02   -1.53981e+02   -1.28907e+02    0.00000e+00

           Step           Time
         142500      285.00000

   Energies (kJ/mol)
           Bond          Angle    Proper Dih. Per. Imp. Dih.          LJ-14
    7.09425e+03    2.01475e+04    2.58094e+04    1.23849e+03    9.70287e+03
     Coulomb-14        LJ (SR)  Disper. corr.   Coulomb (SR)   Coul. recip.
    1.19076e+05    4.94457e+05   -2.05610e+04   -3.79863e+06    1.06791e+04
 Position Rest.      Potential    Kinetic En.   Total Energy  Conserved En.
    2.47608e+03   -3.12852e+06    5.48677e+05   -2.57984e+06   -2.55382e+06
    Temperature Pres. DC (bar) Pressure (bar)   Constr. rmsd
    2.98694e+02   -1.54556e+02    5.33531e+01    0.00000e+00

           Step           Time
         143000      286.00000

   Energies (kJ/mol)
           Bond          Angle    Proper Dih. Per. Imp. Dih.          LJ-14
    7.39166e+03    1.99229e+04    2.58299e+04    1.12260e+03    9.55391e+03
     Coulomb-14        LJ (SR)  Disper. corr.   Coulomb (SR)   Coul. recip.
    1.18930e+05    4.92577e+05   -2.05921e+04   -3.79876e+06    1.06912e+04
 Position Rest.      Potential    Kinetic En.   Total Energy  Conserved En.
    2.43433e+03   -3.13090e+06    5.48837e+05   -2.58206e+06   -2.55385e+06
    Temperature Pres. DC (bar) Pressure (bar)   Constr. rmsd
    2.98781e+02   -1.55023e+02    2.56306e+01    0.00000e+00

           Step           Time
         143500      287.00000

   Energies (kJ/mol)
           Bond          Angle    Proper Dih. Per. Imp. Dih.          LJ-14
    7.27513e+03    1.99581e+04    2.58608e+04    1.22136e+03    9.57042e+03
     Coulomb-14        LJ (SR)  Disper. corr.   Coulomb (SR)   Coul. recip.
    1.18863e+05    4.91854e+05   -2.05111e+04   -3.79640e+06    1.09763e+04
 Position Rest.      Potential    Kinetic En.   Total Energy  Conserved En.
    2.57904e+03   -3.12875e+06    5.47133e+05   -2.58162e+06   -2.55375e+06
    Temperature Pres. DC (bar) Pressure (bar)   Constr. rmsd
    2.97854e+02   -1.53807e+02   -5.88070e+01    0.00000e+00

           Step           Time
         144000      288.00000

   Energies (kJ/mol)
           Bond          Angle    Proper Dih. Per. Imp. Dih.          LJ-14
    7.27833e+03    1.98646e+04    2.58466e+04    1.26287e+03    9.50818e+03
     Coulomb-14        LJ (SR)  Disper. corr.   Coulomb (SR)   Coul. recip.
    1.18743e+05    4.94357e+05   -2.05438e+04   -3.79907e+06    1.07448e+04
 Position Rest.      Potential    Kinetic En.   Total Energy  Conserved En.
    2.38564e+03   -3.12963e+06    5.46611e+05   -2.58302e+06   -2.55374e+06
    Temperature Pres. DC (bar) Pressure (bar)   Constr. rmsd
    2.97569e+02   -1.54297e+02   -1.12542e+01    0.00000e+00

           Step           Time
         144500      289.00000

   Energies (kJ/mol)
           Bond          Angle    Proper Dih. Per. Imp. Dih.          LJ-14
    6.88633e+03    1.97556e+04    2.56975e+04    1.19828e+03    9.62525e+03
     Coulomb-14        LJ (SR)  Disper. corr.   Coulomb (SR)   Coul. recip.
    1.19142e+05    4.93847e+05   -2.05371e+04   -3.79997e+06    1.06833e+04
 Position Rest.      Potential    Kinetic En.   Total Energy  Conserved En.
    2.42707e+03   -3.13124e+06    5.45980e+05   -2.58526e+06   -2.55372e+06
    Temperature Pres. DC (bar) Pressure (bar)   Constr. rmsd
    2.97226e+02   -1.54197e+02   -1.78204e+01    0.00000e+00

           Step           Time
         145000      290.00000

   Energies (kJ/mol)
           Bond          Angle    Proper Dih. Per. Imp. Dih.          LJ-14
    7.34249e+03    1.93340e+04    2.58767e+04    1.23948e+03    9.66419e+03
     Coulomb-14        LJ (SR)  Disper. corr.   Coulomb (SR)   Coul. recip.
    1.18716e+05    4.94206e+05   -2.05620e+04   -3.80182e+06    1.06920e+04
 Position Rest.      Potential    Kinetic En.   Total Energy  Conserved En.
    2.38673e+03   -3.13292e+06    5.45356e+05   -2.58757e+06   -2.55363e+06
    Temperature Pres. DC (bar) Pressure (bar)   Constr. rmsd
    2.96886e+02   -1.54570e+02   -9.70747e+00    0.00000e+00

           Step           Time
         145500      291.00000

   Energies (kJ/mol)
           Bond          Angle    Proper Dih. Per. Imp. Dih.          LJ-14
    7.16889e+03    1.97363e+04    2.57328e+04    1.22726e+03    9.57714e+03
     Coulomb-14        LJ (SR)  Disper. corr.   Coulomb (SR)   Coul. recip.
    1.18942e+05    4.97272e+05   -2.05631e+04   -3.80363e+06    1.08186e+04
 Position Rest.      Potential    Kinetic En.   Total Energy  Conserved En.
    2.55493e+03   -3.13116e+06    5.45550e+05   -2.58561e+06   -2.55356e+06
    Temperature Pres. DC (bar) Pressure (bar)   Constr. rmsd
    2.96992e+02   -1.54587e+02    1.03718e+02    0.00000e+00

           Step           Time
         146000      292.00000

   Energies (kJ/mol)
           Bond          Angle    Proper Dih. Per. Imp. Dih.          LJ-14
    7.14398e+03    1.98754e+04    2.58162e+04    1.17825e+03    9.49262e+03
     Coulomb-14        LJ (SR)  Disper. corr.   Coulomb (SR)   Coul. recip.
    1.19163e+05    4.94417e+05   -2.05333e+04   -3.80185e+06    1.07762e+04
 Position Rest.      Potential    Kinetic En.   Total Energy  Conserved En.
    2.42190e+03   -3.13210e+06    5.48642e+05   -2.58346e+06   -2.55352e+06
    Temperature Pres. DC (bar) Pressure (bar)   Constr. rmsd
    2.98675e+02   -1.54140e+02    1.69118e+01    0.00000e+00

           Step           Time
         146500      293.00000

   Energies (kJ/mol)
           Bond          Angle    Proper Dih. Per. Imp. Dih.          LJ-14
    7.21940e+03    1.95595e+04    2.57422e+04    1.18933e+03    9.54543e+03
     Coulomb-14        LJ (SR)  Disper. corr.   Coulomb (SR)   Coul. recip.
    1.18579e+05    4.97168e+05   -2.05892e+04   -3.80493e+06    1.08706e+04
 Position Rest.      Potential    Kinetic En.   Total Energy  Conserved En.
    2.47020e+03   -3.13318e+06    5.47175e+05   -2.58600e+06   -2.55352e+06
    Temperature Pres. DC (bar) Pressure (bar)   Constr. rmsd
    2.97876e+02   -1.54980e+02    1.50002e+02    0.00000e+00

           Step           Time
         147000      294.00000

   Energies (kJ/mol)
           Bond          Angle    Proper Dih. Per. Imp. Dih.          LJ-14
    7.39825e+03    1.99704e+04    2.58676e+04    1.24471e+03    9.50690e+03
     Coulomb-14        LJ (SR)  Disper. corr.   Coulomb (SR)   Coul. recip.
    1.18751e+05    4.92941e+05   -2.05204e+04   -3.79707e+06    1.05856e+04
 Position Rest.      Potential    Kinetic En.   Total Energy  Conserved En.
    2.44875e+03   -3.12888e+06    5.48009e+05   -2.58087e+06   -2.55346e+06
    Temperature Pres. DC (bar) Pressure (bar)   Constr. rmsd
    2.98331e+02   -1.53946e+02   -7.40728e+01    0.00000e+00

           Step           Time
         147500      295.00000

   Energies (kJ/mol)
           Bond          Angle    Proper Dih. Per. Imp. Dih.          LJ-14
    7.21700e+03    1.98903e+04    2.57118e+04    1.18758e+03    9.47787e+03
     Coulomb-14        LJ (SR)  Disper. corr.   Coulomb (SR)   Coul. recip.
    1.18528e+05    4.95636e+05   -2.06025e+04   -3.80397e+06    1.06084e+04
 Position Rest.      Potential    Kinetic En.   Total Energy  Conserved En.
    2.45751e+03   -3.13386e+06    5.46327e+05   -2.58753e+06   -2.55349e+06
    Temperature Pres. DC (bar) Pressure (bar)   Constr. rmsd
    2.97415e+02   -1.55180e+02    5.53611e+01    0.00000e+00

           Step           Time
         148000      296.00000

   Energies (kJ/mol)
           Bond          Angle    Proper Dih. Per. Imp. Dih.          LJ-14
    7.14915e+03    1.94893e+04    2.56257e+04    1.21924e+03    9.72135e+03
     Coulomb-14        LJ (SR)  Disper. corr.   Coulomb (SR)   Coul. recip.
    1.19095e+05    4.94291e+05   -2.05540e+04   -3.80072e+06    1.08657e+04
 Position Rest.      Potential    Kinetic En.   Total Energy  Conserved En.
    2.37289e+03   -3.13144e+06    5.47147e+05   -2.58429e+06   -2.55349e+06
    Temperature Pres. DC (bar) Pressure (bar)   Constr. rmsd
    2.97861e+02   -1.54451e+02   -6.46695e+00    0.00000e+00

           Step           Time
         148500      297.00000

   Energies (kJ/mol)
           Bond          Angle    Proper Dih. Per. Imp. Dih.          LJ-14
    7.37386e+03    1.95647e+04    2.56642e+04    1.22557e+03    9.70324e+03
     Coulomb-14        LJ (SR)  Disper. corr.   Coulomb (SR)   Coul. recip.
    1.19331e+05    4.92181e+05   -2.05583e+04   -3.79832e+06    1.09345e+04
 Position Rest.      Potential    Kinetic En.   Total Energy  Conserved En.
    2.37786e+03   -3.13052e+06    5.48438e+05   -2.58208e+06   -2.55347e+06
    Temperature Pres. DC (bar) Pressure (bar)   Constr. rmsd
    2.98564e+02   -1.54516e+02   -3.40196e+01    0.00000e+00

           Step           Time
         149000      298.00000

   Energies (kJ/mol)
           Bond          Angle    Proper Dih. Per. Imp. Dih.          LJ-14
    7.39505e+03    2.01382e+04    2.57437e+04    1.24467e+03    9.46942e+03
     Coulomb-14        LJ (SR)  Disper. corr.   Coulomb (SR)   Coul. recip.
    1.18745e+05    4.94204e+05   -2.06489e+04   -3.80008e+06    1.07961e+04
 Position Rest.      Potential    Kinetic En.   Total Energy  Conserved En.
    2.39339e+03   -3.13060e+06    5.48145e+05   -2.58245e+06   -2.55342e+06
    Temperature Pres. DC (bar) Pressure (bar)   Constr. rmsd
    2.98405e+02   -1.55880e+02    4.05220e+01    0.00000e+00

           Step           Time
         149500      299.00000

   Energies (kJ/mol)
           Bond          Angle    Proper Dih. Per. Imp. Dih.          LJ-14
    7.40348e+03    1.97682e+04    2.56867e+04    1.17706e+03    9.45045e+03
     Coulomb-14        LJ (SR)  Disper. corr.   Coulomb (SR)   Coul. recip.
    1.18961e+05    4.87930e+05   -2.04830e+04   -3.79151e+06    1.07213e+04
 Position Rest.      Potential    Kinetic En.   Total Energy  Conserved En.
    2.43921e+03   -3.12846e+06    5.47464e+05   -2.58099e+06   -2.55330e+06
    Temperature Pres. DC (bar) Pressure (bar)   Constr. rmsd
    2.98034e+02   -1.53386e+02   -2.16164e+02    0.00000e+00

           Step           Time
         150000      300.00000

   Energies (kJ/mol)
           Bond          Angle    Proper Dih. Per. Imp. Dih.          LJ-14
    7.04387e+03    2.04447e+04    2.58470e+04    1.17829e+03    9.60795e+03
     Coulomb-14        LJ (SR)  Disper. corr.   Coulomb (SR)   Coul. recip.
    1.19156e+05    4.92732e+05   -2.05999e+04   -3.79747e+06    1.08599e+04
 Position Rest.      Potential    Kinetic En.   Total Energy  Conserved En.
    2.47961e+03   -3.12872e+06    5.50230e+05   -2.57849e+06   -2.55325e+06
    Temperature Pres. DC (bar) Pressure (bar)   Constr. rmsd
    2.99540e+02   -1.55141e+02    4.32370e+01    0.00000e+00

           Step           Time
         150500      301.00000

   Energies (kJ/mol)
           Bond          Angle    Proper Dih. Per. Imp. Dih.          LJ-14
    7.04754e+03    1.99287e+04    2.56792e+04    1.22229e+03    9.65743e+03
     Coulomb-14        LJ (SR)  Disper. corr.   Coulomb (SR)   Coul. recip.
    1.19157e+05    4.94466e+05   -2.05003e+04   -3.79834e+06    1.07636e+04
 Position Rest.      Potential    Kinetic En.   Total Energy  Conserved En.
    2.53733e+03   -3.12838e+06    5.48072e+05   -2.58031e+06   -2.55322e+06
    Temperature Pres. DC (bar) Pressure (bar)   Constr. rmsd
    2.98365e+02   -1.53646e+02   -3.33875e+01    0.00000e+00

           Step           Time
         151000      302.00000

   Energies (kJ/mol)
           Bond          Angle    Proper Dih. Per. Imp. Dih.          LJ-14
    7.21410e+03    1.99897e+04    2.56764e+04    1.13079e+03    9.57529e+03
     Coulomb-14        LJ (SR)  Disper. corr.   Coulomb (SR)   Coul. recip.
    1.19201e+05    4.96453e+05   -2.05542e+04   -3.80242e+06    1.07677e+04
 Position Rest.      Potential    Kinetic En.   Total Energy  Conserved En.
    2.46686e+03   -3.13050e+06    5.48149e+05   -2.58235e+06   -2.55318e+06
    Temperature Pres. DC (bar) Pressure (bar)   Constr. rmsd
    2.98407e+02   -1.54454e+02    4.36835e+01    0.00000e+00

           Step           Time
         151500      303.00000

   Energies (kJ/mol)
           Bond          Angle    Proper Dih. Per. Imp. Dih.          LJ-14
    7.39183e+03    1.96633e+04    2.56890e+04    1.21347e+03    9.68117e+03
     Coulomb-14        LJ (SR)  Disper. corr.   Coulomb (SR)   Coul. recip.
    1.19382e+05    4.96500e+05   -2.05691e+04   -3.80389e+06    1.07542e+04
 Position Rest.      Potential    Kinetic En.   Total Energy  Conserved En.
    2.53684e+03   -3.13165e+06    5.47280e+05   -2.58437e+06   -2.55311e+06
    Temperature Pres. DC (bar) Pressure (bar)   Constr. rmsd
    2.97934e+02   -1.54677e+02    1.02213e+02    0.00000e+00

           Step           Time
         152000      304.00000

   Energies (kJ/mol)
           Bond          Angle    Proper Dih. Per. Imp. Dih.          LJ-14
    7.34755e+03    1.97181e+04    2.57264e+04    1.20080e+03    9.74711e+03
     Coulomb-14        LJ (SR)  Disper. corr.   Coulomb (SR)   Coul. recip.
    1.19132e+05    4.91888e+05   -2.05398e+04   -3.79868e+06    1.06457e+04
 Position Rest.      Potential    Kinetic En.   Total Energy  Conserved En.
    2.46541e+03   -3.13135e+06    5.47500e+05   -2.58385e+06   -2.55312e+06
    Temperature Pres. DC (bar) Pressure (bar)   Constr. rmsd
    2.98054e+02   -1.54238e+02   -1.11062e+02    0.00000e+00

           Step           Time
         152500      305.00000

   Energies (kJ/mol)
           Bond          Angle    Proper Dih. Per. Imp. Dih.          LJ-14
    7.25214e+03    2.02518e+04    2.58509e+04    1.25017e+03    9.54237e+03
     Coulomb-14        LJ (SR)  Disper. corr.   Coulomb (SR)   Coul. recip.
    1.19126e+05    4.92791e+05   -2.05618e+04   -3.79830e+06    1.07486e+04
 Position Rest.      Potential    Kinetic En.   Total Energy  Conserved En.
    2.45776e+03   -3.12959e+06    5.49177e+05   -2.58041e+06   -2.55305e+06
    Temperature Pres. DC (bar) Pressure (bar)   Constr. rmsd
    2.98967e+02   -1.54569e+02   -1.33026e+01    0.00000e+00

           Step           Time
         153000      306.00000

   Energies (kJ/mol)
           Bond          Angle    Proper Dih. Per. Imp. Dih.          LJ-14
    7.23636e+03    1.98857e+04    2.57551e+04    1.26060e+03    9.47408e+03
     Coulomb-14        LJ (SR)  Disper. corr.   Coulomb (SR)   Coul. recip.
    1.18846e+05    4.93969e+05   -2.05647e+04   -3.79770e+06    1.07830e+04
 Position Rest.      Potential    Kinetic En.   Total Energy  Conserved En.
    2.50525e+03   -3.12855e+06    5.47990e+05   -2.58056e+06   -2.55305e+06
    Temperature Pres. DC (bar) Pressure (bar)   Constr. rmsd
    2.98320e+02   -1.54611e+02    2.94578e+01    0.00000e+00

           Step           Time
         153500      307.00000

   Energies (kJ/mol)
           Bond          Angle    Proper Dih. Per. Imp. Dih.          LJ-14
    7.17335e+03    2.00415e+04    2.58112e+04    1.19892e+03    9.40539e+03
     Coulomb-14        LJ (SR)  Disper. corr.   Coulomb (SR)   Coul. recip.
    1.18846e+05    4.93978e+05   -2.05694e+04   -3.79900e+06    1.06946e+04
 Position Rest.      Potential    Kinetic En.   Total Energy  Conserved En.
    2.45111e+03   -3.12997e+06    5.47576e+05   -2.58239e+06   -2.55302e+06
    Temperature Pres. DC (bar) Pressure (bar)   Constr. rmsd
    2.98095e+02   -1.54682e+02   -7.84925e+00    0.00000e+00

           Step           Time
         154000      308.00000

   Energies (kJ/mol)
           Bond          Angle    Proper Dih. Per. Imp. Dih.          LJ-14
    7.27270e+03    1.97357e+04    2.59945e+04    1.27996e+03    9.53241e+03
     Coulomb-14        LJ (SR)  Disper. corr.   Coulomb (SR)   Coul. recip.
    1.19110e+05    4.94392e+05   -2.05854e+04   -3.80136e+06    1.06902e+04
 Position Rest.      Potential    Kinetic En.   Total Energy  Conserved En.
    2.43814e+03   -3.13150e+06    5.45815e+05   -2.58568e+06   -2.55301e+06
    Temperature Pres. DC (bar) Pressure (bar)   Constr. rmsd
    2.97136e+02   -1.54923e+02   -4.70531e+01    0.00000e+00

           Step           Time
         154500      309.00000

   Energies (kJ/mol)
           Bond          Angle    Proper Dih. Per. Imp. Dih.          LJ-14
    6.96548e+03    2.00140e+04    2.57795e+04    1.17001e+03    9.55282e+03
     Coulomb-14        LJ (SR)  Disper. corr.   Coulomb (SR)   Coul. recip.
    1.18786e+05    4.94330e+05   -2.05931e+04   -3.80376e+06    1.07553e+04
 Position Rest.      Potential    Kinetic En.   Total Energy  Conserved En.
    2.72994e+03   -3.13427e+06    5.49843e+05   -2.58443e+06   -2.55301e+06
    Temperature Pres. DC (bar) Pressure (bar)   Constr. rmsd
    2.99329e+02   -1.55039e+02   -6.70303e+00    0.00000e+00

           Step           Time
         155000      310.00000

   Energies (kJ/mol)
           Bond          Angle    Proper Dih. Per. Imp. Dih.          LJ-14
    7.30606e+03    2.01816e+04    2.56396e+04    1.16784e+03    9.67670e+03
     Coulomb-14        LJ (SR)  Disper. corr.   Coulomb (SR)   Coul. recip.
    1.19186e+05    4.90850e+05   -2.05159e+04   -3.79349e+06    1.08030e+04
 Position Rest.      Potential    Kinetic En.   Total Energy  Conserved En.
    2.42494e+03   -3.12677e+06    5.47158e+05   -2.57961e+06   -2.55289e+06
    Temperature Pres. DC (bar) Pressure (bar)   Constr. rmsd
    2.97867e+02   -1.53879e+02   -2.84508e+01    0.00000e+00

           Step           Time
         155500      311.00000

   Energies (kJ/mol)
           Bond          Angle    Proper Dih. Per. Imp. Dih.          LJ-14
    7.17063e+03    1.96580e+04    2.60053e+04    1.16584e+03    9.71525e+03
     Coulomb-14        LJ (SR)  Disper. corr.   Coulomb (SR)   Coul. recip.
    1.18940e+05    4.93704e+05   -2.06143e+04   -3.80212e+06    1.06452e+04
 Position Rest.      Potential    Kinetic En.   Total Energy  Conserved En.
    2.56299e+03   -3.13316e+06    5.50026e+05   -2.58314e+06   -2.55291e+06
    Temperature Pres. DC (bar) Pressure (bar)   Constr. rmsd
    2.99429e+02   -1.55358e+02    9.55340e+01    0.00000e+00

           Step           Time
         156000      312.00000

   Energies (kJ/mol)
           Bond          Angle    Proper Dih. Per. Imp. Dih.          LJ-14
    7.11371e+03    1.99215e+04    2.56419e+04    1.26649e+03    9.69803e+03
     Coulomb-14        LJ (SR)  Disper. corr.   Coulomb (SR)   Coul. recip.
    1.19207e+05    4.91093e+05   -2.05127e+04   -3.79732e+06    1.07139e+04
 Position Rest.      Potential    Kinetic En.   Total Energy  Conserved En.
    2.37981e+03   -3.13079e+06    5.48374e+05   -2.58242e+06   -2.55281e+06
    Temperature Pres. DC (bar) Pressure (bar)   Constr. rmsd
    2.98529e+02   -1.53831e+02   -1.04136e+02    0.00000e+00

           Step           Time
         156500      313.00000

   Energies (kJ/mol)
           Bond          Angle    Proper Dih. Per. Imp. Dih.          LJ-14
    7.20272e+03    1.99547e+04    2.58195e+04    1.23812e+03    9.67771e+03
     Coulomb-14        LJ (SR)  Disper. corr.   Coulomb (SR)   Coul. recip.
    1.18853e+05    4.91686e+05   -2.05474e+04   -3.79889e+06    1.08445e+04
 Position Rest.      Potential    Kinetic En.   Total Energy  Conserved En.
    2.56864e+03   -3.13159e+06    5.45091e+05   -2.58650e+06   -2.55278e+06
    Temperature Pres. DC (bar) Pressure (bar)   Constr. rmsd
    2.96742e+02   -1.54352e+02   -3.56197e+00    0.00000e+00

           Step           Time
         157000      314.00000

   Energies (kJ/mol)
           Bond          Angle    Proper Dih. Per. Imp. Dih.          LJ-14
    7.12672e+03    1.97613e+04    2.56711e+04    1.20266e+03    9.55462e+03
     Coulomb-14        LJ (SR)  Disper. corr.   Coulomb (SR)   Coul. recip.
    1.18842e+05    4.94036e+05   -2.05875e+04   -3.80321e+06    1.06889e+04
 Position Rest.      Potential    Kinetic En.   Total Energy  Conserved En.
    2.40172e+03   -3.13451e+06    5.45819e+05   -2.58869e+06   -2.55267e+06
    Temperature Pres. DC (bar) Pressure (bar)   Constr. rmsd
    2.97138e+02   -1.54955e+02   -6.47151e+01    0.00000e+00

           Step           Time
         157500      315.00000

   Energies (kJ/mol)
           Bond          Angle    Proper Dih. Per. Imp. Dih.          LJ-14
    7.19422e+03    1.97919e+04    2.57363e+04    1.11549e+03    9.60006e+03
     Coulomb-14        LJ (SR)  Disper. corr.   Coulomb (SR)   Coul. recip.
    1.19286e+05    4.92150e+05   -2.05358e+04   -3.79841e+06    1.07840e+04
 Position Rest.      Potential    Kinetic En.   Total Energy  Conserved En.
    2.51455e+03   -3.13077e+06    5.45639e+05   -2.58513e+06   -2.55266e+06
    Temperature Pres. DC (bar) Pressure (bar)   Constr. rmsd
    2.97041e+02   -1.54177e+02   -7.83213e+01    0.00000e+00

           Step           Time
         158000      316.00000

   Energies (kJ/mol)
           Bond          Angle    Proper Dih. Per. Imp. Dih.          LJ-14
    7.17904e+03    1.97964e+04    2.58747e+04    1.24230e+03    9.66180e+03
     Coulomb-14        LJ (SR)  Disper. corr.   Coulomb (SR)   Coul. recip.
    1.18953e+05    4.93381e+05   -2.05232e+04   -3.79765e+06    1.07100e+04
 Position Rest.      Potential    Kinetic En.   Total Energy  Conserved En.
    2.47440e+03   -3.12890e+06    5.48962e+05   -2.57993e+06   -2.55274e+06
    Temperature Pres. DC (bar) Pressure (bar)   Constr. rmsd
    2.98849e+02   -1.53988e+02   -7.42423e+00    0.00000e+00

           Step           Time
         158500      317.00000

   Energies (kJ/mol)
           Bond          Angle    Proper Dih. Per. Imp. Dih.          LJ-14
    7.31416e+03    2.00629e+04    2.57932e+04    1.15243e+03    9.46906e+03
     Coulomb-14        LJ (SR)  Disper. corr.   Coulomb (SR)   Coul. recip.
    1.18642e+05    4.91683e+05   -2.04865e+04   -3.79448e+06    1.08241e+04
 Position Rest.      Potential    Kinetic En.   Total Energy  Conserved En.
    2.40327e+03   -3.12762e+06    5.47221e+05   -2.58040e+06   -2.55269e+06
    Temperature Pres. DC (bar) Pressure (bar)   Constr. rmsd
    2.97902e+02   -1.53439e+02   -2.75864e+01    0.00000e+00

           Step           Time
         159000      318.00000

   Energies (kJ/mol)
           Bond          Angle    Proper Dih. Per. Imp. Dih.          LJ-14
    7.23941e+03    2.01403e+04    2.58284e+04    1.18982e+03    9.41523e+03
     Coulomb-14        LJ (SR)  Disper. corr.   Coulomb (SR)   Coul. recip.
    1.18958e+05    4.95494e+05   -2.05658e+04   -3.80164e+06    1.08472e+04
 Position Rest.      Potential    Kinetic En.   Total Energy  Conserved En.
    2.48592e+03   -3.13061e+06    5.48173e+05   -2.58244e+06   -2.55261e+06
    Temperature Pres. DC (bar) Pressure (bar)   Constr. rmsd
    2.98420e+02   -1.54628e+02   -1.09527e+00    0.00000e+00

           Step           Time
         159500      319.00000

   Energies (kJ/mol)
           Bond          Angle    Proper Dih. Per. Imp. Dih.          LJ-14
    7.06004e+03    1.98870e+04    2.59328e+04    1.20393e+03    9.62648e+03
     Coulomb-14        LJ (SR)  Disper. corr.   Coulomb (SR)   Coul. recip.
    1.19171e+05    4.94766e+05   -2.05457e+04   -3.79951e+06    1.07656e+04
 Position Rest.      Potential    Kinetic En.   Total Energy  Conserved En.
    2.42235e+03   -3.12922e+06    5.47880e+05   -2.58134e+06   -2.55258e+06
    Temperature Pres. DC (bar) Pressure (bar)   Constr. rmsd
    2.98260e+02   -1.54326e+02    7.78820e+01    0.00000e+00

           Step           Time
         160000      320.00000

   Energies (kJ/mol)
           Bond          Angle    Proper Dih. Per. Imp. Dih.          LJ-14
    7.43519e+03    1.96020e+04    2.58102e+04    1.18997e+03    9.69804e+03
     Coulomb-14        LJ (SR)  Disper. corr.   Coulomb (SR)   Coul. recip.
    1.19063e+05    4.97331e+05   -2.06079e+04   -3.80587e+06    1.07538e+04
 Position Rest.      Potential    Kinetic En.   Total Energy  Conserved En.
    2.49502e+03   -3.13310e+06    5.48432e+05   -2.58467e+06   -2.55254e+06
    Temperature Pres. DC (bar) Pressure (bar)   Constr. rmsd
    2.98561e+02   -1.55262e+02    1.33768e+02    0.00000e+00

           Step           Time
         160500      321.00000

   Energies (kJ/mol)
           Bond          Angle    Proper Dih. Per. Imp. Dih.          LJ-14
    7.12673e+03    1.99265e+04    2.59734e+04    1.21899e+03    9.56328e+03
     Coulomb-14        LJ (SR)  Disper. corr.   Coulomb (SR)   Coul. recip.
    1.18955e+05    4.92054e+05   -2.05532e+04   -3.79831e+06    1.07529e+04
 Position Rest.      Potential    Kinetic En.   Total Energy  Conserved En.
    2.40808e+03   -3.13088e+06    5.46745e+05   -2.58414e+06   -2.55254e+06
    Temperature Pres. DC (bar) Pressure (bar)   Constr. rmsd
    2.97642e+02   -1.54439e+02   -2.14267e+00    0.00000e+00

           Step           Time
         161000      322.00000

   Energies (kJ/mol)
           Bond          Angle    Proper Dih. Per. Imp. Dih.          LJ-14
    7.16528e+03    1.96097e+04    2.57259e+04    1.24155e+03    9.51778e+03
     Coulomb-14        LJ (SR)  Disper. corr.   Coulomb (SR)   Coul. recip.
    1.18916e+05    4.93702e+05   -2.05647e+04   -3.79972e+06    1.07620e+04
 Position Rest.      Potential    Kinetic En.   Total Energy  Conserved En.
    2.51219e+03   -3.13113e+06    5.46239e+05   -2.58489e+06   -2.55259e+06
    Temperature Pres. DC (bar) Pressure (bar)   Constr. rmsd
    2.97367e+02   -1.54611e+02   -2.33400e+01    0.00000e+00

           Step           Time
         161500      323.00000

   Energies (kJ/mol)
           Bond          Angle    Proper Dih. Per. Imp. Dih.          LJ-14
    7.47119e+03    1.93882e+04    2.56422e+04    1.22510e+03    9.55083e+03
     Coulomb-14        LJ (SR)  Disper. corr.   Coulomb (SR)   Coul. recip.
    1.18977e+05    4.96096e+05   -2.05547e+04   -3.80531e+06    1.08632e+04
 Position Rest.      Potential    Kinetic En.   Total Energy  Conserved En.
    2.45597e+03   -3.13420e+06    5.44029e+05   -2.59017e+06   -2.55249e+06
    Temperature Pres. DC (bar) Pressure (bar)   Constr. rmsd
    2.96164e+02   -1.54461e+02   -1.12954e+01    0.00000e+00

           Step           Time
         162000      324.00000

   Energies (kJ/mol)
           Bond          Angle    Proper Dih. Per. Imp. Dih.          LJ-14
    7.33952e+03    1.96464e+04    2.55332e+04    1.22220e+03    9.53436e+03
     Coulomb-14        LJ (SR)  Disper. corr.   Coulomb (SR)   Coul. recip.
    1.18842e+05    4.92534e+05   -2.05332e+04   -3.79963e+06    1.07583e+04
 Position Rest.      Potential    Kinetic En.   Total Energy  Conserved En.
    2.52641e+03   -3.13223e+06    5.47088e+05   -2.58514e+06   -2.55256e+06
    Temperature Pres. DC (bar) Pressure (bar)   Constr. rmsd
    2.97829e+02   -1.54139e+02   -9.86317e+01    0.00000e+00

           Step           Time
         162500      325.00000

   Energies (kJ/mol)
           Bond          Angle    Proper Dih. Per. Imp. Dih.          LJ-14
    7.29854e+03    2.04149e+04    2.57378e+04    1.26176e+03    9.60005e+03
     Coulomb-14        LJ (SR)  Disper. corr.   Coulomb (SR)   Coul. recip.
    1.18629e+05    4.91533e+05   -2.05205e+04   -3.79335e+06    1.08347e+04
 Position Rest.      Potential    Kinetic En.   Total Energy  Conserved En.
    2.49443e+03   -3.12606e+06    5.46757e+05   -2.57930e+06   -2.55244e+06
    Temperature Pres. DC (bar) Pressure (bar)   Constr. rmsd
    2.97649e+02   -1.53948e+02    2.30964e+01    0.00000e+00

           Step           Time
         163000      326.00000

   Energies (kJ/mol)
           Bond          Angle    Proper Dih. Per. Imp. Dih.          LJ-14
    7.11621e+03    1.98343e+04    2.57628e+04    1.29372e+03    9.49280e+03
     Coulomb-14        LJ (SR)  Disper. corr.   Coulomb (SR)   Coul. recip.
    1.18938e+05    4.92521e+05   -2.05848e+04   -3.80218e+06    1.07306e+04
 Position Rest.      Potential    Kinetic En.   Total Energy  Conserved En.
    2.39131e+03   -3.13468e+06    5.47265e+05   -2.58742e+06   -2.55247e+06
    Temperature Pres. DC (bar) Pressure (bar)   Constr. rmsd
    2.97925e+02   -1.54913e+02   -1.04355e+02    0.00000e+00

           Step           Time
         163500      327.00000

   Energies (kJ/mol)
           Bond          Angle    Proper Dih. Per. Imp. Dih.          LJ-14
    7.11354e+03    1.98829e+04    2.58117e+04    1.15875e+03    9.44710e+03
     Coulomb-14        LJ (SR)  Disper. corr.   Coulomb (SR)   Coul. recip.
    1.18717e+05    4.93991e+05   -2.05224e+04   -3.79899e+06    1.08256e+04
 Position Rest.      Potential    Kinetic En.   Total Energy  Conserved En.
    2.51483e+03   -3.13005e+06    5.45506e+05   -2.58454e+06   -2.55248e+06
    Temperature Pres. DC (bar) Pressure (bar)   Constr. rmsd
    2.96968e+02   -1.53977e+02   -7.77405e+01    0.00000e+00

           Step           Time
         164000      328.00000

   Energies (kJ/mol)
           Bond          Angle    Proper Dih. Per. Imp. Dih.          LJ-14
    7.29078e+03    2.01806e+04    2.58050e+04    1.26016e+03    9.55681e+03
     Coulomb-14        LJ (SR)  Disper. corr.   Coulomb (SR)   Coul. recip.
    1.18644e+05    4.96837e+05   -2.05748e+04   -3.80376e+06    1.08345e+04
 Position Rest.      Potential    Kinetic En.   Total Energy  Conserved En.
    2.42721e+03   -3.13149e+06    5.48376e+05   -2.58312e+06   -2.55239e+06
    Temperature Pres. DC (bar) Pressure (bar)   Constr. rmsd
    2.98530e+02   -1.54764e+02    8.04253e+01    0.00000e+00

           Step           Time
         164500      329.00000

   Energies (kJ/mol)
           Bond          Angle    Proper Dih. Per. Imp. Dih.          LJ-14
    7.40120e+03    1.99509e+04    2.58447e+04    1.16877e+03    9.64101e+03
     Coulomb-14        LJ (SR)  Disper. corr.   Coulomb (SR)   Coul. recip.
    1.18875e+05    4.92807e+05   -2.06003e+04   -3.79571e+06    1.07595e+04
 Position Rest.      Potential    Kinetic En.   Total Energy  Conserved En.
    2.31517e+03   -3.12755e+06    5.47950e+05   -2.57960e+06   -2.55241e+06
    Temperature Pres. DC (bar) Pressure (bar)   Constr. rmsd
    2.98299e+02   -1.55147e+02    3.28812e+01    0.00000e+00

           Step           Time
         165000      330.00000

   Energies (kJ/mol)
           Bond          Angle    Proper Dih. Per. Imp. Dih.          LJ-14
    7.19035e+03    1.97482e+04    2.59487e+04    1.28381e+03    9.49508e+03
     Coulomb-14        LJ (SR)  Disper. corr.   Coulomb (SR)   Coul. recip.
    1.18778e+05    4.91105e+05   -2.05719e+04   -3.79636e+06    1.08058e+04
 Position Rest.      Potential    Kinetic En.   Total Energy  Conserved En.
    2.49738e+03   -3.13008e+06    5.46758e+05   -2.58332e+06   -2.55241e+06
    Temperature Pres. DC (bar) Pressure (bar)   Constr. rmsd
    2.97650e+02   -1.54720e+02   -7.10794e+01    0.00000e+00

           Step           Time
         165500      331.00000

   Energies (kJ/mol)
           Bond          Angle    Proper Dih. Per. Imp. Dih.          LJ-14
    7.18023e+03    1.96554e+04    2.58203e+04    1.25145e+03    9.49955e+03
     Coulomb-14        LJ (SR)  Disper. corr.   Coulomb (SR)   Coul. recip.
    1.18586e+05    4.96161e+05   -2.05989e+04   -3.80442e+06    1.07435e+04
 Position Rest.      Potential    Kinetic En.   Total Energy  Conserved En.
    2.43179e+03   -3.13369e+06    5.47313e+05   -2.58637e+06   -2.55242e+06
    Temperature Pres. DC (bar) Pressure (bar)   Constr. rmsd
    2.97952e+02   -1.55126e+02    3.93529e+01    0.00000e+00

           Step           Time
         166000      332.00000

   Energies (kJ/mol)
           Bond          Angle    Proper Dih. Per. Imp. Dih.          LJ-14
    7.40152e+03    1.97529e+04    2.60600e+04    1.33332e+03    9.58049e+03
     Coulomb-14        LJ (SR)  Disper. corr.   Coulomb (SR)   Coul. recip.
    1.18850e+05    4.91734e+05   -2.04907e+04   -3.79669e+06    1.09210e+04
 Position Rest.      Potential    Kinetic En.   Total Energy  Conserved En.
    2.43899e+03   -3.12911e+06    5.46713e+05   -2.58240e+06   -2.55232e+06
    Temperature Pres. DC (bar) Pressure (bar)   Constr. rmsd
    2.97625e+02   -1.53502e+02   -8.51203e+01    0.00000e+00

           Step           Time
         166500      333.00000

   Energies (kJ/mol)
           Bond          Angle    Proper Dih. Per. Imp. Dih.          LJ-14
    7.16045e+03    1.97615e+04    2.60708e+04    1.19573e+03    9.66526e+03
     Coulomb-14        LJ (SR)  Disper. corr.   Coulomb (SR)   Coul. recip.
    1.18970e+05    4.94821e+05   -2.05968e+04   -3.80184e+06    1.09393e+04
 Position Rest.      Potential    Kinetic En.   Total Energy  Conserved En.
    2.42616e+03   -3.13142e+06    5.45107e+05   -2.58632e+06   -2.55224e+06
    Temperature Pres. DC (bar) Pressure (bar)   Constr. rmsd
    2.96751e+02   -1.55094e+02    1.01863e+02    0.00000e+00

           Step           Time
         167000      334.00000

   Energies (kJ/mol)
           Bond          Angle    Proper Dih. Per. Imp. Dih.          LJ-14
    7.02559e+03    2.00497e+04    2.59668e+04    1.16375e+03    9.50467e+03
     Coulomb-14        LJ (SR)  Disper. corr.   Coulomb (SR)   Coul. recip.
    1.19176e+05    4.90355e+05   -2.05644e+04   -3.79494e+06    1.08197e+04
 Position Rest.      Potential    Kinetic En.   Total Energy  Conserved En.
    2.48914e+03   -3.12896e+06    5.49752e+05   -2.57921e+06   -2.55225e+06
    Temperature Pres. DC (bar) Pressure (bar)   Constr. rmsd
    2.99279e+02   -1.54607e+02   -8.72354e+01    0.00000e+00

           Step           Time
         167500      335.00000

   Energies (kJ/mol)
           Bond          Angle    Proper Dih. Per. Imp. Dih.          LJ-14
    7.25783e+03    1.98771e+04    2.57840e+04    1.27054e+03    9.63486e+03
     Coulomb-14        LJ (SR)  Disper. corr.   Coulomb (SR)   Coul. recip.
    1.18864e+05    4.96866e+05   -2.06292e+04   -3.80433e+06    1.07333e+04
 Position Rest.      Potential    Kinetic En.   Total Energy  Conserved En.
    2.49651e+03   -3.13218e+06    5.48393e+05   -2.58378e+06   -2.55218e+06
    Temperature Pres. DC (bar) Pressure (bar)   Constr. rmsd
    2.98540e+02   -1.55582e+02    1.56687e+02    0.00000e+00

           Step           Time
         168000      336.00000

   Energies (kJ/mol)
           Bond          Angle    Proper Dih. Per. Imp. Dih.          LJ-14
    7.28896e+03    1.95359e+04    2.59447e+04    1.29256e+03    9.62920e+03
     Coulomb-14        LJ (SR)  Disper. corr.   Coulomb (SR)   Coul. recip.
    1.19363e+05    4.89806e+05   -2.05491e+04   -3.79720e+06    1.07193e+04
 Position Rest.      Potential    Kinetic En.   Total Energy  Conserved En.
    2.40510e+03   -3.13177e+06    5.49323e+05   -2.58245e+06   -2.55219e+06
    Temperature Pres. DC (bar) Pressure (bar)   Constr. rmsd
    2.99046e+02   -1.54378e+02   -1.09704e+02    0.00000e+00

           Step           Time
         168500      337.00000

   Energies (kJ/mol)
           Bond          Angle    Proper Dih. Per. Imp. Dih.          LJ-14
    7.19335e+03    2.00905e+04    2.60156e+04    1.25583e+03    9.65321e+03
     Coulomb-14        LJ (SR)  Disper. corr.   Coulomb (SR)   Coul. recip.
    1.18928e+05    4.89247e+05   -2.05637e+04   -3.79669e+06    1.07568e+04
 Position Rest.      Potential    Kinetic En.   Total Energy  Conserved En.
    2.49575e+03   -3.13162e+06    5.46301e+05   -2.58532e+06   -2.55215e+06
    Temperature Pres. DC (bar) Pressure (bar)   Constr. rmsd
    2.97401e+02   -1.54596e+02   -6.53569e+01    0.00000e+00

           Step           Time
         169000      338.00000

   Energies (kJ/mol)
           Bond          Angle    Proper Dih. Per. Imp. Dih.          LJ-14
    7.40303e+03    1.97422e+04    2.57742e+04    1.29589e+03    9.60636e+03
     Coulomb-14        LJ (SR)  Disper. corr.   Coulomb (SR)   Coul. recip.
    1.19098e+05    4.98608e+05   -2.06286e+04   -3.80599e+06    1.06849e+04
 Position Rest.      Potential    Kinetic En.   Total Energy  Conserved En.
    2.41553e+03   -3.13199e+06    5.49492e+05   -2.58250e+06   -2.55215e+06
    Temperature Pres. DC (bar) Pressure (bar)   Constr. rmsd
    2.99138e+02   -1.55573e+02    1.36369e+02    0.00000e+00

           Step           Time
         169500      339.00000

   Energies (kJ/mol)
           Bond          Angle    Proper Dih. Per. Imp. Dih.          LJ-14
    7.29846e+03    2.01262e+04    2.57980e+04    1.11791e+03    9.57483e+03
     Coulomb-14        LJ (SR)  Disper. corr.   Coulomb (SR)   Coul. recip.
    1.18717e+05    4.95072e+05   -2.05712e+04   -3.79994e+06    1.06733e+04
 Position Rest.      Potential    Kinetic En.   Total Energy  Conserved En.
    2.55085e+03   -3.12958e+06    5.47105e+05   -2.58248e+06   -2.55204e+06
    Temperature Pres. DC (bar) Pressure (bar)   Constr. rmsd
    2.97838e+02   -1.54709e+02    7.65382e+01    0.00000e+00

           Step           Time
         170000      340.00000

   Energies (kJ/mol)
           Bond          Angle    Proper Dih. Per. Imp. Dih.          LJ-14
    7.36285e+03    1.97252e+04    2.57387e+04    1.23212e+03    9.56382e+03
     Coulomb-14        LJ (SR)  Disper. corr.   Coulomb (SR)   Coul. recip.
    1.18834e+05    4.96297e+05   -2.05290e+04   -3.79896e+06    1.08137e+04
 Position Rest.      Potential    Kinetic En.   Total Energy  Conserved En.
    2.53612e+03   -3.12739e+06    5.48036e+05   -2.57935e+06   -2.55206e+06
    Temperature Pres. DC (bar) Pressure (bar)   Constr. rmsd
    2.98345e+02   -1.54075e+02    2.14351e+01    0.00000e+00

           Step           Time
         170500      341.00000

   Energies (kJ/mol)
           Bond          Angle    Proper Dih. Per. Imp. Dih.          LJ-14
    7.11305e+03    1.99399e+04    2.57476e+04    1.21530e+03    9.54108e+03
     Coulomb-14        LJ (SR)  Disper. corr.   Coulomb (SR)   Coul. recip.
    1.18978e+05    4.92213e+05   -2.06082e+04   -3.79608e+06    1.07525e+04
 Position Rest.      Potential    Kinetic En.   Total Energy  Conserved En.
    2.39451e+03   -3.12879e+06    5.47709e+05   -2.58109e+06   -2.55204e+06
    Temperature Pres. DC (bar) Pressure (bar)   Constr. rmsd
    2.98167e+02   -1.55265e+02    2.04622e+01    0.00000e+00

           Step           Time
         171000      342.00000

   Energies (kJ/mol)
           Bond          Angle    Proper Dih. Per. Imp. Dih.          LJ-14
    7.18583e+03    1.97185e+04    2.59024e+04    1.26828e+03    9.48535e+03
     Coulomb-14        LJ (SR)  Disper. corr.   Coulomb (SR)   Coul. recip.
    1.18538e+05    4.91913e+05   -2.05989e+04   -3.79886e+06    1.09307e+04
 Position Rest.      Potential    Kinetic En.   Total Energy  Conserved En.
    2.56924e+03   -3.13195e+06    5.44492e+05   -2.58746e+06   -2.55198e+06
    Temperature Pres. DC (bar) Pressure (bar)   Constr. rmsd
    2.96416e+02   -1.55126e+02   -1.03267e+02    0.00000e+00

           Step           Time
         171500      343.00000

   Energies (kJ/mol)
           Bond          Angle    Proper Dih. Per. Imp. Dih.          LJ-14
    7.11983e+03    1.99638e+04    2.58147e+04    1.24779e+03    9.51328e+03
     Coulomb-14        LJ (SR)  Disper. corr.   Coulomb (SR)   Coul. recip.
    1.18752e+05    4.92545e+05   -2.05511e+04   -3.79711e+06    1.07314e+04
 Position Rest.      Potential    Kinetic En.   Total Energy  Conserved En.
    2.63914e+03   -3.12933e+06    5.48173e+05   -2.58116e+06   -2.55201e+06
    Temperature Pres. DC (bar) Pressure (bar)   Constr. rmsd
    2.98420e+02   -1.54407e+02   -6.60992e+01    0.00000e+00

           Step           Time
         172000      344.00000

   Energies (kJ/mol)
           Bond          Angle    Proper Dih. Per. Imp. Dih.          LJ-14
    7.29080e+03    2.00760e+04    2.57686e+04    1.19258e+03    9.41566e+03
     Coulomb-14        LJ (SR)  Disper. corr.   Coulomb (SR)   Coul. recip.
    1.18680e+05    4.94007e+05   -2.06259e+04   -3.80249e+06    1.07994e+04
 Position Rest.      Potential    Kinetic En.   Total Energy  Conserved En.
    2.38519e+03   -3.13350e+06    5.48285e+05   -2.58522e+06   -2.55199e+06
    Temperature Pres. DC (bar) Pressure (bar)   Constr. rmsd
    2.98481e+02   -1.55533e+02   -1.80272e+01    0.00000e+00

           Step           Time
         172500      345.00000

   Energies (kJ/mol)
           Bond          Angle    Proper Dih. Per. Imp. Dih.          LJ-14
    7.36351e+03    1.97758e+04    2.57080e+04    1.18433e+03    9.49230e+03
     Coulomb-14        LJ (SR)  Disper. corr.   Coulomb (SR)   Coul. recip.
    1.19025e+05    4.94025e+05   -2.05515e+04   -3.80124e+06    1.06822e+04
 Position Rest.      Potential    Kinetic En.   Total Energy  Conserved En.
    2.38497e+03   -3.13215e+06    5.47628e+05   -2.58452e+06   -2.55193e+06
    Temperature Pres. DC (bar) Pressure (bar)   Constr. rmsd
    2.98123e+02   -1.54413e+02   -5.81178e+01    0.00000e+00

           Step           Time
         173000      346.00000

   Energies (kJ/mol)
           Bond          Angle    Proper Dih. Per. Imp. Dih.          LJ-14
    7.32354e+03    1.97130e+04    2.58105e+04    1.25301e+03    9.47104e+03
     Coulomb-14        LJ (SR)  Disper. corr.   Coulomb (SR)   Coul. recip.
    1.18907e+05    4.97718e+05   -2.05865e+04   -3.80839e+06    1.06713e+04
 Position Rest.      Potential    Kinetic En.   Total Energy  Conserved En.
    2.34120e+03   -3.13576e+06    5.46433e+05   -2.58933e+06   -2.55189e+06
    Temperature Pres. DC (bar) Pressure (bar)   Constr. rmsd
    2.97473e+02   -1.54939e+02    7.11435e+01    0.00000e+00

           Step           Time
         173500      347.00000

   Energies (kJ/mol)
           Bond          Angle    Proper Dih. Per. Imp. Dih.          LJ-14
    7.28044e+03    1.98013e+04    2.58135e+04    1.21758e+03    9.59163e+03
     Coulomb-14        LJ (SR)  Disper. corr.   Coulomb (SR)   Coul. recip.
    1.18864e+05    4.91756e+05   -2.05584e+04   -3.79584e+06    1.07804e+04
 Position Rest.      Potential    Kinetic En.   Total Energy  Conserved En.
    2.47622e+03   -3.12882e+06    5.45682e+05   -2.58313e+06   -2.55190e+06
    Temperature Pres. DC (bar) Pressure (bar)   Constr. rmsd
    2.97064e+02   -1.54517e+02   -6.00077e+01    0.00000e+00

           Step           Time
         174000      348.00000

   Energies (kJ/mol)
           Bond          Angle    Proper Dih. Per. Imp. Dih.          LJ-14
    7.53094e+03    2.00589e+04    2.57277e+04    1.32486e+03    9.66554e+03
     Coulomb-14        LJ (SR)  Disper. corr.   Coulomb (SR)   Coul. recip.
    1.19062e+05    4.93043e+05   -2.05709e+04   -3.79657e+06    1.06588e+04
 Position Rest.      Potential    Kinetic En.   Total Energy  Conserved En.
    2.39596e+03   -3.12767e+06    5.47343e+05   -2.58033e+06   -2.55186e+06
    Temperature Pres. DC (bar) Pressure (bar)   Constr. rmsd
    2.97968e+02   -1.54704e+02   -2.08299e+00    0.00000e+00

           Step           Time
         174500      349.00000

   Energies (kJ/mol)
           Bond          Angle    Proper Dih. Per. Imp. Dih.          LJ-14
    7.30482e+03    1.98665e+04    2.59800e+04    1.18566e+03    9.67919e+03
     Coulomb-14        LJ (SR)  Disper. corr.   Coulomb (SR)   Coul. recip.
    1.19193e+05    4.96558e+05   -2.05423e+04   -3.80546e+06    1.07193e+04
 Position Rest.      Potential    Kinetic En.   Total Energy  Conserved En.
    2.28689e+03   -3.13323e+06    5.47464e+05   -2.58577e+06   -2.55187e+06
    Temperature Pres. DC (bar) Pressure (bar)   Constr. rmsd
    2.98034e+02   -1.54275e+02    5.62143e+01    0.00000e+00

           Step           Time
         175000      350.00000

   Energies (kJ/mol)
           Bond          Angle    Proper Dih. Per. Imp. Dih.          LJ-14
    7.16196e+03    2.00943e+04    2.59215e+04    1.25484e+03    9.64278e+03
     Coulomb-14        LJ (SR)  Disper. corr.   Coulomb (SR)   Coul. recip.
    1.19119e+05    4.93389e+05   -2.05586e+04   -3.79922e+06    1.08380e+04
 Position Rest.      Potential    Kinetic En.   Total Energy  Conserved En.
    2.41120e+03   -3.12995e+06    5.47337e+05   -2.58261e+06   -2.55185e+06
    Temperature Pres. DC (bar) Pressure (bar)   Constr. rmsd
    2.97965e+02   -1.54519e+02    3.18196e+01    0.00000e+00

           Step           Time
         175500      351.00000

   Energies (kJ/mol)
           Bond          Angle    Proper Dih. Per. Imp. Dih.          LJ-14
    7.48100e+03    1.97246e+04    2.56643e+04    1.27314e+03    9.52816e+03
     Coulomb-14        LJ (SR)  Disper. corr.   Coulomb (SR)   Coul. recip.
    1.18876e+05    4.93827e+05   -2.06122e+04   -3.80264e+06    1.08386e+04
 Position Rest.      Potential    Kinetic En.   Total Energy  Conserved En.
    2.49943e+03   -3.13353e+06    5.48198e+05   -2.58534e+06   -2.55183e+06
    Temperature Pres. DC (bar) Pressure (bar)   Constr. rmsd
    2.98434e+02   -1.55326e+02   -1.71324e+01    0.00000e+00

           Step           Time
         176000      352.00000

   Energies (kJ/mol)
           Bond          Angle    Proper Dih. Per. Imp. Dih.          LJ-14
    7.07082e+03    1.98534e+04    2.57142e+04    1.20448e+03    9.50825e+03
     Coulomb-14        LJ (SR)  Disper. corr.   Coulomb (SR)   Coul. recip.
    1.18965e+05    4.94194e+05   -2.05315e+04   -3.80117e+06    1.07267e+04
 Position Rest.      Potential    Kinetic En.   Total Energy  Conserved En.
    2.45447e+03   -3.13201e+06    5.48603e+05   -2.58341e+06   -2.55179e+06
    Temperature Pres. DC (bar) Pressure (bar)   Constr. rmsd
    2.98654e+02   -1.54113e+02   -7.19235e+01    0.00000e+00

           Step           Time
         176500      353.00000

   Energies (kJ/mol)
           Bond          Angle    Proper Dih. Per. Imp. Dih.          LJ-14
    7.12839e+03    1.99219e+04    2.58060e+04    1.18146e+03    9.57063e+03
     Coulomb-14        LJ (SR)  Disper. corr.   Coulomb (SR)   Coul. recip.
    1.18899e+05    4.92080e+05   -2.05445e+04   -3.79825e+06    1.07735e+04
 Position Rest.      Potential    Kinetic En.   Total Energy  Conserved En.
    2.40060e+03   -3.13103e+06    5.47230e+05   -2.58380e+06   -2.55179e+06
    Temperature Pres. DC (bar) Pressure (bar)   Constr. rmsd
    2.97907e+02   -1.54308e+02   -1.01253e+02    0.00000e+00

           Step           Time
         177000      354.00000

   Energies (kJ/mol)
           Bond          Angle    Proper Dih. Per. Imp. Dih.          LJ-14
    6.98828e+03    1.97503e+04    2.56268e+04    1.23179e+03    9.80714e+03
     Coulomb-14        LJ (SR)  Disper. corr.   Coulomb (SR)   Coul. recip.
    1.19330e+05    4.92722e+05   -2.05820e+04   -3.79648e+06    1.07264e+04
 Position Rest.      Potential    Kinetic En.   Total Energy  Conserved En.
    2.42988e+03   -3.12845e+06    5.47443e+05   -2.58101e+06   -2.55180e+06
    Temperature Pres. DC (bar) Pressure (bar)   Constr. rmsd
    2.98023e+02   -1.54871e+02    8.07108e+01    0.00000e+00

           Step           Time
         177500      355.00000

   Energies (kJ/mol)
           Bond          Angle    Proper Dih. Per. Imp. Dih.          LJ-14
    7.55902e+03    2.01649e+04    2.56375e+04    1.21109e+03    9.60475e+03
     Coulomb-14        LJ (SR)  Disper. corr.   Coulomb (SR)   Coul. recip.
    1.18471e+05    4.94515e+05   -2.05713e+04   -3.80113e+06    1.08171e+04
 Position Rest.      Potential    Kinetic En.   Total Energy  Conserved En.
    2.48340e+03   -3.13124e+06    5.47686e+05   -2.58355e+06   -2.55172e+06
    Temperature Pres. DC (bar) Pressure (bar)   Constr. rmsd
    2.98155e+02   -1.54711e+02   -2.92911e+01    0.00000e+00

           Step           Time
         178000      356.00000

   Energies (kJ/mol)
           Bond          Angle    Proper Dih. Per. Imp. Dih.          LJ-14
    7.12518e+03    1.99045e+04    2.58752e+04    1.24896e+03    9.58787e+03
     Coulomb-14        LJ (SR)  Disper. corr.   Coulomb (SR)   Coul. recip.
    1.19030e+05    4.94190e+05   -2.05324e+04   -3.80098e+06    1.09254e+04
 Position Rest.      Potential    Kinetic En.   Total Energy  Conserved En.
    2.45344e+03   -3.13117e+06    5.47023e+05   -2.58415e+06   -2.55175e+06
    Temperature Pres. DC (bar) Pressure (bar)   Constr. rmsd
    2.97794e+02   -1.54127e+02   -5.45371e+00    0.00000e+00

           Step           Time
         178500      357.00000

   Energies (kJ/mol)
           Bond          Angle    Proper Dih. Per. Imp. Dih.          LJ-14
    6.95193e+03    1.97176e+04    2.56742e+04    1.15770e+03    9.54647e+03
     Coulomb-14        LJ (SR)  Disper. corr.   Coulomb (SR)   Coul. recip.
    1.18869e+05    4.96147e+05   -2.05249e+04   -3.80408e+06    1.07346e+04
 Position Rest.      Potential    Kinetic En.   Total Energy  Conserved En.
    2.50838e+03   -3.13330e+06    5.48824e+05   -2.58448e+06   -2.55174e+06
    Temperature Pres. DC (bar) Pressure (bar)   Constr. rmsd
    2.98774e+02   -1.54015e+02    1.64632e+00    0.00000e+00

           Step           Time
         179000      358.00000

   Energies (kJ/mol)
           Bond          Angle    Proper Dih. Per. Imp. Dih.          LJ-14
    7.17362e+03    1.97350e+04    2.56839e+04    1.24129e+03    9.55182e+03
     Coulomb-14        LJ (SR)  Disper. corr.   Coulomb (SR)   Coul. recip.
    1.18922e+05    4.93145e+05   -2.05450e+04   -3.80134e+06    1.07470e+04
 Position Rest.      Potential    Kinetic En.   Total Energy  Conserved En.
    2.49834e+03   -3.13319e+06    5.45909e+05   -2.58728e+06   -2.55170e+06
    Temperature Pres. DC (bar) Pressure (bar)   Constr. rmsd
    2.97187e+02   -1.54316e+02   -4.37597e+01    0.00000e+00

           Step           Time
         179500      359.00000

   Energies (kJ/mol)
           Bond          Angle    Proper Dih. Per. Imp. Dih.          LJ-14
    7.24594e+03    1.97506e+04    2.58071e+04    1.28192e+03    9.65568e+03
     Coulomb-14        LJ (SR)  Disper. corr.   Coulomb (SR)   Coul. recip.
    1.19062e+05    4.94098e+05   -2.05284e+04   -3.80226e+06    1.08009e+04
 Position Rest.      Potential    Kinetic En.   Total Energy  Conserved En.
    2.54401e+03   -3.13254e+06    5.47969e+05   -2.58457e+06   -2.55165e+06
    Temperature Pres. DC (bar) Pressure (bar)   Constr. rmsd
    2.98309e+02   -1.54066e+02   -6.58280e+01    0.00000e+00

           Step           Time
         180000      360.00000

   Energies (kJ/mol)
           Bond          Angle    Proper Dih. Per. Imp. Dih.          LJ-14
    7.19751e+03    1.99269e+04    2.57959e+04    1.18962e+03    9.50106e+03
     Coulomb-14        LJ (SR)  Disper. corr.   Coulomb (SR)   Coul. recip.
    1.18819e+05    4.96446e+05   -2.05228e+04   -3.80178e+06    1.09276e+04
 Position Rest.      Potential    Kinetic En.   Total Energy  Conserved En.
    2.43839e+03   -3.13006e+06    5.46252e+05   -2.58380e+06   -2.55166e+06
    Temperature Pres. DC (bar) Pressure (bar)   Constr. rmsd
    2.97374e+02   -1.53983e+02    5.49685e+00    0.00000e+00

           Step           Time
         180500      361.00000

   Energies (kJ/mol)
           Bond          Angle    Proper Dih. Per. Imp. Dih.          LJ-14
    7.10183e+03    1.96942e+04    2.56843e+04    1.27782e+03    9.55428e+03
     Coulomb-14        LJ (SR)  Disper. corr.   Coulomb (SR)   Coul. recip.
    1.18645e+05    4.97147e+05   -2.06179e+04   -3.80846e+06    1.06913e+04
 Position Rest.      Potential    Kinetic En.   Total Energy  Conserved En.
    2.48414e+03   -3.13679e+06    5.46609e+05   -2.59018e+06   -2.55165e+06
    Temperature Pres. DC (bar) Pressure (bar)   Constr. rmsd
    2.97568e+02   -1.55412e+02    1.17932e+02    0.00000e+00

           Step           Time
         181000      362.00000

   Energies (kJ/mol)
           Bond          Angle    Proper Dih. Per. Imp. Dih.          LJ-14
    7.20620e+03    1.97411e+04    2.58558e+04    1.14961e+03    9.55979e+03
     Coulomb-14        LJ (SR)  Disper. corr.   Coulomb (SR)   Coul. recip.
    1.18907e+05    4.92745e+05   -2.05212e+04   -3.79706e+06    1.08340e+04
 Position Rest.      Potential    Kinetic En.   Total Energy  Conserved En.
    2.42085e+03   -3.12917e+06    5.45090e+05   -2.58408e+06   -2.55159e+06
    Temperature Pres. DC (bar) Pressure (bar)   Constr. rmsd
    2.96742e+02   -1.53958e+02   -3.27009e+01    0.00000e+00

           Step           Time
         181500      363.00000

   Energies (kJ/mol)
           Bond          Angle    Proper Dih. Per. Imp. Dih.          LJ-14
    7.31621e+03    1.96238e+04    2.57676e+04    1.21503e+03    9.57345e+03
     Coulomb-14        LJ (SR)  Disper. corr.   Coulomb (SR)   Coul. recip.
    1.18809e+05    4.91314e+05   -2.06035e+04   -3.79635e+06    1.08080e+04
 Position Rest.      Potential    Kinetic En.   Total Energy  Conserved En.
    2.33010e+03   -3.13019e+06    5.47574e+05   -2.58262e+06   -2.55155e+06
    Temperature Pres. DC (bar) Pressure (bar)   Constr. rmsd
    2.98094e+02   -1.55196e+02   -3.40298e+01    0.00000e+00

           Step           Time
         182000      364.00000

   Energies (kJ/mol)
           Bond          Angle    Proper Dih. Per. Imp. Dih.          LJ-14
    6.96156e+03    1.96408e+04    2.56435e+04    1.16288e+03    9.52159e+03
     Coulomb-14        LJ (SR)  Disper. corr.   Coulomb (SR)   Coul. recip.
    1.19098e+05    4.91952e+05   -2.05920e+04   -3.80038e+06    1.08003e+04
 Position Rest.      Potential    Kinetic En.   Total Energy  Conserved En.
    2.36630e+03   -3.13383e+06    5.45998e+05   -2.58783e+06   -2.55155e+06
    Temperature Pres. DC (bar) Pressure (bar)   Constr. rmsd
    2.97236e+02   -1.55022e+02   -6.29241e+01    0.00000e+00

           Step           Time
         182500      365.00000

   Energies (kJ/mol)
           Bond          Angle    Proper Dih. Per. Imp. Dih.          LJ-14
    7.20641e+03    1.98948e+04    2.56042e+04    1.17270e+03    9.69401e+03
     Coulomb-14        LJ (SR)  Disper. corr.   Coulomb (SR)   Coul. recip.
    1.19170e+05    4.96491e+05   -2.05342e+04   -3.80461e+06    1.08037e+04
 Position Rest.      Potential    Kinetic En.   Total Energy  Conserved En.
    2.37669e+03   -3.13273e+06    5.47434e+05   -2.58530e+06   -2.55152e+06
    Temperature Pres. DC (bar) Pressure (bar)   Constr. rmsd
    2.98018e+02   -1.54154e+02    4.47163e+00    0.00000e+00

           Step           Time
         183000      366.00000

   Energies (kJ/mol)
           Bond          Angle    Proper Dih. Per. Imp. Dih.          LJ-14
    7.06604e+03    1.96763e+04    2.58376e+04    1.23163e+03    9.66200e+03
     Coulomb-14        LJ (SR)  Disper. corr.   Coulomb (SR)   Coul. recip.
    1.19296e+05    4.94657e+05   -2.05804e+04   -3.79997e+06    1.08041e+04
 Position Rest.      Potential    Kinetic En.   Total Energy  Conserved En.
    2.40317e+03   -3.12992e+06    5.48571e+05   -2.58135e+06   -2.55152e+06
    Temperature Pres. DC (bar) Pressure (bar)   Constr. rmsd
    2.98637e+02   -1.54848e+02    6.14512e+01    0.00000e+00

           Step           Time
         183500      367.00000

   Energies (kJ/mol)
           Bond          Angle    Proper Dih. Per. Imp. Dih.          LJ-14
    7.43672e+03    1.97874e+04    2.57310e+04    1.10066e+03    9.56034e+03
     Coulomb-14        LJ (SR)  Disper. corr.   Coulomb (SR)   Coul. recip.
    1.18972e+05    4.92476e+05   -2.05402e+04   -3.79613e+06    1.07715e+04
 Position Rest.      Potential    Kinetic En.   Total Energy  Conserved En.
    2.49006e+03   -3.12835e+06    5.51001e+05   -2.57735e+06   -2.55155e+06
    Temperature Pres. DC (bar) Pressure (bar)   Constr. rmsd
    2.99959e+02   -1.54243e+02   -7.73713e+00    0.00000e+00

           Step           Time
         184000      368.00000

   Energies (kJ/mol)
           Bond          Angle    Proper Dih. Per. Imp. Dih.          LJ-14
    7.37588e+03    1.97459e+04    2.57900e+04    1.25026e+03    9.63742e+03
     Coulomb-14        LJ (SR)  Disper. corr.   Coulomb (SR)   Coul. recip.
    1.18743e+05    4.92814e+05   -2.05412e+04   -3.79618e+06    1.08811e+04
 Position Rest.      Potential    Kinetic En.   Total Energy  Conserved En.
    2.49164e+03   -3.12800e+06    5.47856e+05   -2.58014e+06   -2.55150e+06
    Temperature Pres. DC (bar) Pressure (bar)   Constr. rmsd
    2.98247e+02   -1.54259e+02   -3.91365e+01    0.00000e+00

           Step           Time
         184500      369.00000

   Energies (kJ/mol)
           Bond          Angle    Proper Dih. Per. Imp. Dih.          LJ-14
    7.28260e+03    2.00034e+04    2.57306e+04    1.14730e+03    9.53761e+03
     Coulomb-14        LJ (SR)  Disper. corr.   Coulomb (SR)   Coul. recip.
    1.19059e+05    4.98787e+05   -2.05950e+04   -3.80541e+06    1.06752e+04
 Position Rest.      Potential    Kinetic En.   Total Energy  Conserved En.
    2.44673e+03   -3.13133e+06    5.46714e+05   -2.58462e+06   -2.55142e+06
    Temperature Pres. DC (bar) Pressure (bar)   Constr. rmsd
    2.97626e+02   -1.55067e+02    1.56458e+02    0.00000e+00

           Step           Time
         185000      370.00000

   Energies (kJ/mol)
           Bond          Angle    Proper Dih. Per. Imp. Dih.          LJ-14
    7.18151e+03    2.01013e+04    2.57200e+04    1.21838e+03    9.44848e+03
     Coulomb-14        LJ (SR)  Disper. corr.   Coulomb (SR)   Coul. recip.
    1.18733e+05    4.90841e+05   -2.05071e+04   -3.79608e+06    1.07489e+04
 Position Rest.      Potential    Kinetic En.   Total Energy  Conserved En.
    2.43665e+03   -3.13016e+06    5.47700e+05   -2.58246e+06   -2.55138e+06
    Temperature Pres. DC (bar) Pressure (bar)   Constr. rmsd
    2.98163e+02   -1.53748e+02   -7.35644e+01    0.00000e+00

           Step           Time
         185500      371.00000

   Energies (kJ/mol)
           Bond          Angle    Proper Dih. Per. Imp. Dih.          LJ-14
    7.24053e+03    1.98862e+04    2.56729e+04    1.13774e+03    9.63045e+03
     Coulomb-14        LJ (SR)  Disper. corr.   Coulomb (SR)   Coul. recip.
    1.19493e+05    4.98696e+05   -2.06282e+04   -3.80661e+06    1.08397e+04
 Position Rest.      Potential    Kinetic En.   Total Energy  Conserved En.
    2.33854e+03   -3.13230e+06    5.48068e+05   -2.58424e+06   -2.55131e+06
    Temperature Pres. DC (bar) Pressure (bar)   Constr. rmsd
    2.98363e+02   -1.55568e+02    1.27775e+02    0.00000e+00

           Step           Time
         186000      372.00000

   Energies (kJ/mol)
           Bond          Angle    Proper Dih. Per. Imp. Dih.          LJ-14
    7.53364e+03    1.97599e+04    2.57240e+04    1.18946e+03    9.52604e+03
     Coulomb-14        LJ (SR)  Disper. corr.   Coulomb (SR)   Coul. recip.
    1.18551e+05    4.90724e+05   -2.04924e+04   -3.79577e+06    1.09831e+04
 Position Rest.      Potential    Kinetic En.   Total Energy  Conserved En.
    2.53967e+03   -3.12973e+06    5.50100e+05   -2.57963e+06   -2.55131e+06
    Temperature Pres. DC (bar) Pressure (bar)   Constr. rmsd
    2.99469e+02   -1.53528e+02   -1.30670e+02    0.00000e+00

           Step           Time
         186500      373.00000

   Energies (kJ/mol)
           Bond          Angle    Proper Dih. Per. Imp. Dih.          LJ-14
    7.30387e+03    2.01470e+04    2.55227e+04    1.25446e+03    9.49912e+03
     Coulomb-14        LJ (SR)  Disper. corr.   Coulomb (SR)   Coul. recip.
    1.18743e+05    4.95243e+05   -2.05615e+04   -3.80012e+06    1.07436e+04
 Position Rest.      Potential    Kinetic En.   Total Energy  Conserved En.
    2.50184e+03   -3.12973e+06    5.47322e+05   -2.58241e+06   -2.55125e+06
    Temperature Pres. DC (bar) Pressure (bar)   Constr. rmsd
    2.97957e+02   -1.54563e+02    5.44725e+01    0.00000e+00

           Step           Time
         187000      374.00000

   Energies (kJ/mol)
           Bond          Angle    Proper Dih. Per. Imp. Dih.          LJ-14
    7.25084e+03    1.98706e+04    2.59591e+04    1.23935e+03    9.50481e+03
     Coulomb-14        LJ (SR)  Disper. corr.   Coulomb (SR)   Coul. recip.
    1.18794e+05    4.95411e+05   -2.05217e+04   -3.80080e+06    1.07687e+04
 Position Rest.      Potential    Kinetic En.   Total Energy  Conserved En.
    2.46497e+03   -3.13006e+06    5.46244e+05   -2.58382e+06   -2.55123e+06
    Temperature Pres. DC (bar) Pressure (bar)   Constr. rmsd
    2.97370e+02   -1.53967e+02   -4.44547e+01    0.00000e+00

           Step           Time
         187500      375.00000

   Energies (kJ/mol)
           Bond          Angle    Proper Dih. Per. Imp. Dih.          LJ-14
    7.43628e+03    1.99479e+04    2.59107e+04    1.16245e+03    9.54544e+03
     Coulomb-14        LJ (SR)  Disper. corr.   Coulomb (SR)   Coul. recip.
    1.18700e+05    4.95364e+05   -2.05680e+04   -3.80174e+06    1.08293e+04
 Position Rest.      Potential    Kinetic En.   Total Energy  Conserved En.
    2.49737e+03   -3.13092e+06    5.47695e+05   -2.58322e+06   -2.55117e+06
    Temperature Pres. DC (bar) Pressure (bar)   Constr. rmsd
    2.98160e+02   -1.54661e+02    2.92603e+01    0.00000e+00

           Step           Time
         188000      376.00000

   Energies (kJ/mol)
           Bond          Angle    Proper Dih. Per. Imp. Dih.          LJ-14
    7.14422e+03    1.98440e+04    2.58292e+04    1.19777e+03    9.73833e+03
     Coulomb-14        LJ (SR)  Disper. corr.   Coulomb (SR)   Coul. recip.
    1.19215e+05    4.95110e+05   -2.05430e+04   -3.80306e+06    1.09123e+04
 Position Rest.      Potential    Kinetic En.   Total Energy  Conserved En.
    2.43648e+03   -3.13217e+06    5.49625e+05   -2.58255e+06   -2.55117e+06
    Temperature Pres. DC (bar) Pressure (bar)   Constr. rmsd
    2.99211e+02   -1.54286e+02    2.28462e+01    0.00000e+00

           Step           Time
         188500      377.00000

   Energies (kJ/mol)
           Bond          Angle    Proper Dih. Per. Imp. Dih.          LJ-14
    7.18227e+03    1.97253e+04    2.59172e+04    1.23651e+03    9.44276e+03
     Coulomb-14        LJ (SR)  Disper. corr.   Coulomb (SR)   Coul. recip.
    1.18837e+05    4.91490e+05   -2.05520e+04   -3.79858e+06    1.07647e+04
 Position Rest.      Potential    Kinetic En.   Total Energy  Conserved En.
    2.51205e+03   -3.13203e+06    5.44683e+05   -2.58734e+06   -2.55106e+06
    Temperature Pres. DC (bar) Pressure (bar)   Constr. rmsd
    2.96520e+02   -1.54421e+02   -6.36357e+01    0.00000e+00

           Step           Time
         189000      378.00000

   Energies (kJ/mol)
           Bond          Angle    Proper Dih. Per. Imp. Dih.          LJ-14
    7.38184e+03    1.99940e+04    2.58450e+04    1.20430e+03    9.46367e+03
     Coulomb-14        LJ (SR)  Disper. corr.   Coulomb (SR)   Coul. recip.
    1.18409e+05    4.92912e+05   -2.05456e+04   -3.79748e+06    1.07223e+04
 Position Rest.      Potential    Kinetic En.   Total Energy  Conserved En.
    2.35384e+03   -3.12975e+06    5.46406e+05   -2.58334e+06   -2.55097e+06
    Temperature Pres. DC (bar) Pressure (bar)   Constr. rmsd
    2.97458e+02   -1.54325e+02   -3.35994e+01    0.00000e+00

           Step           Time
         189500      379.00000

   Energies (kJ/mol)
           Bond          Angle    Proper Dih. Per. Imp. Dih.          LJ-14
    7.17378e+03    2.02110e+04    2.57967e+04    1.20569e+03    9.52962e+03
     Coulomb-14        LJ (SR)  Disper. corr.   Coulomb (SR)   Coul. recip.
    1.19120e+05    4.94442e+05   -2.05532e+04   -3.80236e+06    1.07877e+04
 Position Rest.      Potential    Kinetic En.   Total Energy  Conserved En.
    2.38520e+03   -3.13226e+06    5.49806e+05   -2.58245e+06   -2.55093e+06
    Temperature Pres. DC (bar) Pressure (bar)   Constr. rmsd
    2.99309e+02   -1.54440e+02   -1.56116e+01    0.00000e+00

           Step           Time
         190000      380.00000

   Energies (kJ/mol)
           Bond          Angle    Proper Dih. Per. Imp. Dih.          LJ-14
    7.16477e+03    2.02171e+04    2.57450e+04    1.30832e+03    9.60127e+03
     Coulomb-14        LJ (SR)  Disper. corr.   Coulomb (SR)   Coul. recip.
    1.19112e+05    4.93496e+05   -2.06094e+04   -3.80025e+06    1.08246e+04
 Position Rest.      Potential    Kinetic En.   Total Energy  Conserved En.
    2.43630e+03   -3.13096e+06    5.47756e+05   -2.58320e+06   -2.55084e+06
    Temperature Pres. DC (bar) Pressure (bar)   Constr. rmsd
    2.98193e+02   -1.55284e+02    6.04682e+00    0.00000e+00

           Step           Time
         190500      381.00000

   Energies (kJ/mol)
           Bond          Angle    Proper Dih. Per. Imp. Dih.          LJ-14
    7.28508e+03    2.02408e+04    2.59334e+04    1.24419e+03    9.50101e+03
     Coulomb-14        LJ (SR)  Disper. corr.   Coulomb (SR)   Coul. recip.
    1.18815e+05    4.91142e+05   -2.05289e+04   -3.79570e+06    1.07123e+04
 Position Rest.      Potential    Kinetic En.   Total Energy  Conserved En.
    2.49521e+03   -3.12886e+06    5.47190e+05   -2.58167e+06   -2.55086e+06
    Temperature Pres. DC (bar) Pressure (bar)   Constr. rmsd
    2.97885e+02   -1.54074e+02   -2.52846e+01    0.00000e+00

           Step           Time
         191000      382.00000

   Energies (kJ/mol)
           Bond          Angle    Proper Dih. Per. Imp. Dih.          LJ-14
    7.13902e+03    1.97831e+04    2.57146e+04    1.22725e+03    9.73264e+03
     Coulomb-14        LJ (SR)  Disper. corr.   Coulomb (SR)   Coul. recip.
    1.19142e+05    4.94644e+05   -2.05683e+04   -3.79953e+06    1.07650e+04
 Position Rest.      Potential    Kinetic En.   Total Energy  Conserved En.
    2.46184e+03   -3.12949e+06    5.45888e+05   -2.58360e+06   -2.55084e+06
    Temperature Pres. DC (bar) Pressure (bar)   Constr. rmsd
    2.97176e+02   -1.54666e+02    4.10321e+01    0.00000e+00

           Step           Time
         191500      383.00000

   Energies (kJ/mol)
           Bond          Angle    Proper Dih. Per. Imp. Dih.          LJ-14
    7.26434e+03    2.03143e+04    2.60026e+04    1.27588e+03    9.44283e+03
     Coulomb-14        LJ (SR)  Disper. corr.   Coulomb (SR)   Coul. recip.
    1.19005e+05    4.94261e+05   -2.05230e+04   -3.79934e+06    1.08772e+04
 Position Rest.      Potential    Kinetic En.   Total Energy  Conserved En.
    2.43932e+03   -3.12898e+06    5.48487e+05   -2.58050e+06   -2.55084e+06
    Temperature Pres. DC (bar) Pressure (bar)   Constr. rmsd
    2.98591e+02   -1.53986e+02    1.08485e+01    0.00000e+00

           Step           Time
         192000      384.00000

   Energies (kJ/mol)
           Bond          Angle    Proper Dih. Per. Imp. Dih.          LJ-14
    7.51848e+03    2.00092e+04    2.58118e+04    1.27554e+03    9.50288e+03
     Coulomb-14        LJ (SR)  Disper. corr.   Coulomb (SR)   Coul. recip.
    1.18747e+05    4.88596e+05   -2.05682e+04   -3.79411e+06    1.07532e+04
 Position Rest.      Potential    Kinetic En.   Total Energy  Conserved En.
    2.48552e+03   -3.12998e+06    5.47295e+05   -2.58268e+06   -2.55079e+06
    Temperature Pres. DC (bar) Pressure (bar)   Constr. rmsd
    2.97942e+02   -1.54665e+02   -1.09615e+02    0.00000e+00

           Step           Time
         192500      385.00000

   Energies (kJ/mol)
           Bond          Angle    Proper Dih. Per. Imp. Dih.          LJ-14
    7.30275e+03    2.05059e+04    2.57662e+04    1.21509e+03    9.55562e+03
     Coulomb-14        LJ (SR)  Disper. corr.   Coulomb (SR)   Coul. recip.
    1.18666e+05    4.95253e+05   -2.05314e+04   -3.79867e+06    1.08208e+04
 Position Rest.      Potential    Kinetic En.   Total Energy  Conserved En.
    2.44908e+03   -3.12767e+06    5.49780e+05   -2.57789e+06   -2.55079e+06
    Temperature Pres. DC (bar) Pressure (bar)   Constr. rmsd
    2.99295e+02   -1.54111e+02    4.92336e+01    0.00000e+00

           Step           Time
         193000      386.00000

   Energies (kJ/mol)
           Bond          Angle    Proper Dih. Per. Imp. Dih.          LJ-14
    7.44429e+03    1.99012e+04    2.57001e+04    1.25972e+03    9.51048e+03
     Coulomb-14        LJ (SR)  Disper. corr.   Coulomb (SR)   Coul. recip.
    1.18785e+05    4.91305e+05   -2.05821e+04   -3.79620e+06    1.06958e+04
 Position Rest.      Potential    Kinetic En.   Total Energy  Conserved En.
    2.40925e+03   -3.12977e+06    5.48040e+05   -2.58173e+06   -2.55077e+06
    Temperature Pres. DC (bar) Pressure (bar)   Constr. rmsd
    2.98347e+02   -1.54873e+02   -6.62544e+01    0.00000e+00

           Step           Time
         193500      387.00000

   Energies (kJ/mol)
           Bond          Angle    Proper Dih. Per. Imp. Dih.          LJ-14
    7.35468e+03    2.01939e+04    2.58158e+04    1.24337e+03    9.50296e+03
     Coulomb-14        LJ (SR)  Disper. corr.   Coulomb (SR)   Coul. recip.
    1.18579e+05    4.93234e+05   -2.05163e+04   -3.79552e+06    1.09508e+04
 Position Rest.      Potential    Kinetic En.   Total Energy  Conserved En.
    2.53303e+03   -3.12663e+06    5.48074e+05   -2.57855e+06   -2.55071e+06
    Temperature Pres. DC (bar) Pressure (bar)   Constr. rmsd
    2.98366e+02   -1.53885e+02    1.63983e+01    0.00000e+00

           Step           Time
         194000      388.00000

   Energies (kJ/mol)
           Bond          Angle    Proper Dih. Per. Imp. Dih.          LJ-14
    6.98602e+03    1.99195e+04    2.55422e+04    1.24421e+03    9.72649e+03
     Coulomb-14        LJ (SR)  Disper. corr.   Coulomb (SR)   Coul. recip.
    1.18846e+05    4.98981e+05   -2.05736e+04   -3.80356e+06    1.09064e+04
 Position Rest.      Potential    Kinetic En.   Total Energy  Conserved En.
    2.41097e+03   -3.12957e+06    5.49465e+05   -2.58011e+06   -2.55068e+06
    Temperature Pres. DC (bar) Pressure (bar)   Constr. rmsd
    2.99123e+02   -1.54745e+02    1.71061e+02    0.00000e+00

           Step           Time
         194500      389.00000

   Energies (kJ/mol)
           Bond          Angle    Proper Dih. Per. Imp. Dih.          LJ-14
    7.41526e+03    2.02847e+04    2.58397e+04    1.25134e+03    9.44021e+03
     Coulomb-14        LJ (SR)  Disper. corr.   Coulomb (SR)   Coul. recip.
    1.18851e+05    4.93894e+05   -2.05264e+04   -3.79498e+06    1.06584e+04
 Position Rest.      Potential    Kinetic En.   Total Energy  Conserved En.
    2.41836e+03   -3.12546e+06    5.46938e+05   -2.57852e+06   -2.55059e+06
    Temperature Pres. DC (bar) Pressure (bar)   Constr. rmsd
    2.97748e+02   -1.54036e+02   -6.18257e+00    0.00000e+00

           Step           Time
         195000      390.00000

   Energies (kJ/mol)
           Bond          Angle    Proper Dih. Per. Imp. Dih.          LJ-14
    7.32238e+03    1.98760e+04    2.59359e+04    1.26848e+03    9.67976e+03
     Coulomb-14        LJ (SR)  Disper. corr.   Coulomb (SR)   Coul. recip.
    1.18908e+05    4.93069e+05   -2.05822e+04   -3.79793e+06    1.09101e+04
 Position Rest.      Potential    Kinetic En.   Total Energy  Conserved En.
    2.50806e+03   -3.12903e+06    5.48639e+05   -2.58040e+06   -2.55062e+06
    Temperature Pres. DC (bar) Pressure (bar)   Constr. rmsd
    2.98674e+02   -1.54874e+02    5.45616e+01    0.00000e+00

           Step           Time
         195500      391.00000

   Energies (kJ/mol)
           Bond          Angle    Proper Dih. Per. Imp. Dih.          LJ-14
    7.08676e+03    2.00103e+04    2.58748e+04    1.21205e+03    9.59133e+03
     Coulomb-14        LJ (SR)  Disper. corr.   Coulomb (SR)   Coul. recip.
    1.19114e+05    4.91447e+05   -2.04784e+04   -3.79917e+06    1.08026e+04
 Position Rest.      Potential    Kinetic En.   Total Energy  Conserved En.
    2.36836e+03   -3.13214e+06    5.47390e+05   -2.58475e+06   -2.55056e+06
    Temperature Pres. DC (bar) Pressure (bar)   Constr. rmsd
    2.97994e+02   -1.53317e+02   -1.17287e+02    0.00000e+00

           Step           Time
         196000      392.00000

   Energies (kJ/mol)
           Bond          Angle    Proper Dih. Per. Imp. Dih.          LJ-14
    6.99142e+03    2.01254e+04    2.58750e+04    1.26388e+03    9.59014e+03
     Coulomb-14        LJ (SR)  Disper. corr.   Coulomb (SR)   Coul. recip.
    1.19111e+05    4.95632e+05   -2.06001e+04   -3.80299e+06    1.07860e+04
 Position Rest.      Potential    Kinetic En.   Total Energy  Conserved En.
    2.43729e+03   -3.13178e+06    5.51174e+05   -2.58061e+06   -2.55055e+06
    Temperature Pres. DC (bar) Pressure (bar)   Constr. rmsd
    3.00053e+02   -1.55144e+02    3.71161e+01    0.00000e+00

           Step           Time
         196500      393.00000

   Energies (kJ/mol)
           Bond          Angle    Proper Dih. Per. Imp. Dih.          LJ-14
    7.21990e+03    2.00136e+04    2.57574e+04    1.19628e+03    9.57512e+03
     Coulomb-14        LJ (SR)  Disper. corr.   Coulomb (SR)   Coul. recip.
    1.18898e+05    4.87720e+05   -2.04877e+04   -3.78843e+06    1.07736e+04
 Position Rest.      Potential    Kinetic En.   Total Energy  Conserved En.
    2.44061e+03   -3.12532e+06    5.45230e+05   -2.58009e+06   -2.55046e+06
    Temperature Pres. DC (bar) Pressure (bar)   Constr. rmsd
    2.96818e+02   -1.53457e+02   -1.50772e+02    0.00000e+00

           Step           Time
         197000      394.00000

   Energies (kJ/mol)
           Bond          Angle    Proper Dih. Per. Imp. Dih.          LJ-14
    7.31268e+03    1.95423e+04    2.58354e+04    1.20699e+03    9.55432e+03
     Coulomb-14        LJ (SR)  Disper. corr.   Coulomb (SR)   Coul. recip.
    1.18949e+05    4.98262e+05   -2.06415e+04   -3.80689e+06    1.07715e+04
 Position Rest.      Potential    Kinetic En.   Total Energy  Conserved En.
    2.48299e+03   -3.13362e+06    5.47176e+05   -2.58644e+06   -2.55038e+06
    Temperature Pres. DC (bar) Pressure (bar)   Constr. rmsd
    2.97877e+02   -1.55767e+02    1.09731e+02    0.00000e+00

           Step           Time
         197500      395.00000

   Energies (kJ/mol)
           Bond          Angle    Proper Dih. Per. Imp. Dih.          LJ-14
    7.31476e+03    1.97955e+04    2.61076e+04    1.29369e+03    9.63995e+03
     Coulomb-14        LJ (SR)  Disper. corr.   Coulomb (SR)   Coul. recip.
    1.18665e+05    4.90053e+05   -2.04941e+04   -3.79321e+06    1.09085e+04
 Position Rest.      Potential    Kinetic En.   Total Energy  Conserved En.
    2.50283e+03   -3.12742e+06    5.48663e+05   -2.57876e+06   -2.55026e+06
    Temperature Pres. DC (bar) Pressure (bar)   Constr. rmsd
    2.98687e+02   -1.53553e+02   -5.52082e+01    0.00000e+00

           Step           Time
         198000      396.00000

   Energies (kJ/mol)
           Bond          Angle    Proper Dih. Per. Imp. Dih.          LJ-14
    6.95461e+03    2.00212e+04    2.56236e+04    1.20572e+03    9.59990e+03
     Coulomb-14        LJ (SR)  Disper. corr.   Coulomb (SR)   Coul. recip.
    1.18803e+05    4.96923e+05   -2.05791e+04   -3.80450e+06    1.07552e+04
 Position Rest.      Potential    Kinetic En.   Total Energy  Conserved En.
    2.47515e+03   -3.13272e+06    5.46054e+05   -2.58667e+06   -2.55024e+06
    Temperature Pres. DC (bar) Pressure (bar)   Constr. rmsd
    2.97267e+02   -1.54829e+02    6.30343e+01    0.00000e+00

           Step           Time
         198500      397.00000

   Energies (kJ/mol)
           Bond          Angle    Proper Dih. Per. Imp. Dih.          LJ-14
    7.06631e+03    1.95701e+04    2.56758e+04    1.26381e+03    9.61032e+03
     Coulomb-14        LJ (SR)  Disper. corr.   Coulomb (SR)   Coul. recip.
    1.18592e+05    4.94643e+05   -2.05525e+04   -3.80235e+06    1.06846e+04
 Position Rest.      Potential    Kinetic En.   Total Energy  Conserved En.
    2.42992e+03   -3.13337e+06    5.46325e+05   -2.58704e+06   -2.55027e+06
    Temperature Pres. DC (bar) Pressure (bar)   Constr. rmsd
    2.97414e+02   -1.54429e+02   -1.18860e+01    0.00000e+00

           Step           Time
         199000      398.00000

   Energies (kJ/mol)
           Bond          Angle    Proper Dih. Per. Imp. Dih.          LJ-14
    7.16354e+03    2.02366e+04    2.59347e+04    1.18710e+03    9.68469e+03
     Coulomb-14        LJ (SR)  Disper. corr.   Coulomb (SR)   Coul. recip.
    1.18778e+05    4.94029e+05   -2.05779e+04   -3.79970e+06    1.07634e+04
 Position Rest.      Potential    Kinetic En.   Total Energy  Conserved En.
    2.52000e+03   -3.12998e+06    5.49059e+05   -2.58092e+06   -2.55017e+06
    Temperature Pres. DC (bar) Pressure (bar)   Constr. rmsd
    2.98902e+02   -1.54810e+02    9.25117e+01    0.00000e+00

           Step           Time
         199500      399.00000

   Energies (kJ/mol)
           Bond          Angle    Proper Dih. Per. Imp. Dih.          LJ-14
    7.31064e+03    2.00656e+04    2.58218e+04    1.20306e+03    9.54979e+03
     Coulomb-14        LJ (SR)  Disper. corr.   Coulomb (SR)   Coul. recip.
    1.19114e+05    4.95147e+05   -2.06032e+04   -3.80048e+06    1.05977e+04
 Position Rest.      Potential    Kinetic En.   Total Energy  Conserved En.
    2.48366e+03   -3.12979e+06    5.49734e+05   -2.58006e+06   -2.55015e+06
    Temperature Pres. DC (bar) Pressure (bar)   Constr. rmsd
    2.99269e+02   -1.55191e+02    4.03680e+01    0.00000e+00

           Step           Time
         200000      400.00000

   Energies (kJ/mol)
           Bond          Angle    Proper Dih. Per. Imp. Dih.          LJ-14
    7.22555e+03    1.97077e+04    2.58500e+04    1.13018e+03    9.79621e+03
     Coulomb-14        LJ (SR)  Disper. corr.   Coulomb (SR)   Coul. recip.
    1.19089e+05    4.90715e+05   -2.05464e+04   -3.79463e+06    1.09632e+04
 Position Rest.      Potential    Kinetic En.   Total Energy  Conserved En.
    2.52094e+03   -3.12818e+06    5.47168e+05   -2.58101e+06   -2.55014e+06
    Temperature Pres. DC (bar) Pressure (bar)   Constr. rmsd
    2.97873e+02   -1.54337e+02   -4.11278e+01    0.00000e+00

           Step           Time
         200500      401.00000

   Energies (kJ/mol)
           Bond          Angle    Proper Dih. Per. Imp. Dih.          LJ-14
    7.25365e+03    1.99364e+04    2.58158e+04    1.32893e+03    9.55430e+03
     Coulomb-14        LJ (SR)  Disper. corr.   Coulomb (SR)   Coul. recip.
    1.18750e+05    4.89655e+05   -2.05479e+04   -3.79544e+06    1.05664e+04
 Position Rest.      Potential    Kinetic En.   Total Energy  Conserved En.
    2.56822e+03   -3.13056e+06    5.47088e+05   -2.58347e+06   -2.55012e+06
    Temperature Pres. DC (bar) Pressure (bar)   Constr. rmsd
    2.97829e+02   -1.54360e+02   -1.16767e+02    0.00000e+00

           Step           Time
         201000      402.00000

   Energies (kJ/mol)
           Bond          Angle    Proper Dih. Per. Imp. Dih.          LJ-14
    7.42033e+03    2.01691e+04    2.58771e+04    1.18177e+03    9.55245e+03
     Coulomb-14        LJ (SR)  Disper. corr.   Coulomb (SR)   Coul. recip.
    1.18949e+05    4.92669e+05   -2.05731e+04   -3.79846e+06    1.07800e+04
 Position Rest.      Potential    Kinetic En.   Total Energy  Conserved En.
    2.44475e+03   -3.12999e+06    5.48330e+05   -2.58166e+06   -2.55000e+06
    Temperature Pres. DC (bar) Pressure (bar)   Constr. rmsd
    2.98506e+02   -1.54738e+02    1.82981e+01    0.00000e+00

           Step           Time
         201500      403.00000

   Energies (kJ/mol)
           Bond          Angle    Proper Dih. Per. Imp. Dih.          LJ-14
    7.38117e+03    1.98979e+04    2.58474e+04    1.24993e+03    9.61971e+03
     Coulomb-14        LJ (SR)  Disper. corr.   Coulomb (SR)   Coul. recip.
    1.18981e+05    4.95007e+05   -2.05654e+04   -3.80128e+06    1.08912e+04
 Position Rest.      Potential    Kinetic En.   Total Energy  Conserved En.
    2.45731e+03   -3.13051e+06    5.48274e+05   -2.58224e+06   -2.54997e+06
    Temperature Pres. DC (bar) Pressure (bar)   Constr. rmsd
    2.98475e+02   -1.54622e+02    8.97257e+01    0.00000e+00

           Step           Time
         202000      404.00000

   Energies (kJ/mol)
           Bond          Angle    Proper Dih. Per. Imp. Dih.          LJ-14
    7.44492e+03    1.99525e+04    2.56786e+04    1.12545e+03    9.52819e+03
     Coulomb-14        LJ (SR)  Disper. corr.   Coulomb (SR)   Coul. recip.
    1.19057e+05    4.93028e+05   -2.05888e+04   -3.79973e+06    1.07693e+04
 Position Rest.      Potential    Kinetic En.   Total Energy  Conserved En.
    2.46311e+03   -3.13128e+06    5.49435e+05   -2.58184e+06   -2.54997e+06
    Temperature Pres. DC (bar) Pressure (bar)   Constr. rmsd
    2.99107e+02   -1.54974e+02   -4.37388e+01    0.00000e+00

           Step           Time
         202500      405.00000

   Energies (kJ/mol)
           Bond          Angle    Proper Dih. Per. Imp. Dih.          LJ-14
    7.17032e+03    1.98898e+04    2.58229e+04    1.21597e+03    9.65705e+03
     Coulomb-14        LJ (SR)  Disper. corr.   Coulomb (SR)   Coul. recip.
    1.19080e+05    4.90014e+05   -2.05313e+04   -3.79549e+06    1.06507e+04
 Position Rest.      Potential    Kinetic En.   Total Energy  Conserved En.
    2.52033e+03   -3.13000e+06    5.45695e+05   -2.58430e+06   -2.54992e+06
    Temperature Pres. DC (bar) Pressure (bar)   Constr. rmsd
    2.97071e+02   -1.54110e+02   -9.12172e+01    0.00000e+00

           Step           Time
         203000      406.00000

   Energies (kJ/mol)
           Bond          Angle    Proper Dih. Per. Imp. Dih.          LJ-14
    7.15650e+03    1.99847e+04    2.59566e+04    1.20542e+03    9.54869e+03
     Coulomb-14        LJ (SR)  Disper. corr.   Coulomb (SR)   Coul. recip.
    1.18530e+05    4.95279e+05   -2.05990e+04   -3.79995e+06    1.06870e+04
 Position Rest.      Potential    Kinetic En.   Total Energy  Conserved En.
    2.40712e+03   -3.12979e+06    5.48234e+05   -2.58156e+06   -2.54991e+06
    Temperature Pres. DC (bar) Pressure (bar)   Constr. rmsd
    2.98453e+02   -1.55127e+02    1.60196e+02    0.00000e+00

           Step           Time
         203500      407.00000

   Energies (kJ/mol)
           Bond          Angle    Proper Dih. Per. Imp. Dih.          LJ-14
    7.02460e+03    2.01201e+04    2.58459e+04    1.21295e+03    9.54803e+03
     Coulomb-14        LJ (SR)  Disper. corr.   Coulomb (SR)   Coul. recip.
    1.18690e+05    4.93769e+05   -2.05856e+04   -3.80053e+06    1.06936e+04
 Position Rest.      Potential    Kinetic En.   Total Energy  Conserved En.
    2.42006e+03   -3.13179e+06    5.46806e+05   -2.58498e+06   -2.54986e+06
    Temperature Pres. DC (bar) Pressure (bar)   Constr. rmsd
    2.97676e+02   -1.54926e+02    4.34314e+01    0.00000e+00

           Step           Time
         204000      408.00000

   Energies (kJ/mol)
           Bond          Angle    Proper Dih. Per. Imp. Dih.          LJ-14
    7.27259e+03    2.00258e+04    2.58350e+04    1.22863e+03    9.60460e+03
     Coulomb-14        LJ (SR)  Disper. corr.   Coulomb (SR)   Coul. recip.
    1.18929e+05    4.94817e+05   -2.05934e+04   -3.80218e+06    1.08427e+04
 Position Rest.      Potential    Kinetic En.   Total Energy  Conserved En.
    2.43977e+03   -3.13178e+06    5.48166e+05   -2.58362e+06   -2.54984e+06
    Temperature Pres. DC (bar) Pressure (bar)   Constr. rmsd
    2.98416e+02   -1.55042e+02    8.45992e+01    0.00000e+00

           Step           Time
         204500      409.00000

   Energies (kJ/mol)
           Bond          Angle    Proper Dih. Per. Imp. Dih.          LJ-14
    7.13291e+03    1.97007e+04    2.60433e+04    1.21281e+03    9.55183e+03
     Coulomb-14        LJ (SR)  Disper. corr.   Coulomb (SR)   Coul. recip.
    1.18604e+05    4.91945e+05   -2.05311e+04   -3.79730e+06    1.08810e+04
 Position Rest.      Potential    Kinetic En.   Total Energy  Conserved En.
    2.48888e+03   -3.13027e+06    5.49344e+05   -2.58093e+06   -2.54986e+06
    Temperature Pres. DC (bar) Pressure (bar)   Constr. rmsd
    2.99058e+02   -1.54108e+02   -1.55170e+01    0.00000e+00

           Step           Time
         205000      410.00000

   Energies (kJ/mol)
           Bond          Angle    Proper Dih. Per. Imp. Dih.          LJ-14
    7.27457e+03    1.98526e+04    2.57852e+04    1.15276e+03    9.62621e+03
     Coulomb-14        LJ (SR)  Disper. corr.   Coulomb (SR)   Coul. recip.
    1.19029e+05    4.94842e+05   -2.06243e+04   -3.80190e+06    1.08324e+04
 Position Rest.      Potential    Kinetic En.   Total Energy  Conserved En.
    2.50200e+03   -3.13163e+06    5.50502e+05   -2.58113e+06   -2.54981e+06
    Temperature Pres. DC (bar) Pressure (bar)   Constr. rmsd
    2.99688e+02   -1.55509e+02    6.26265e+01    0.00000e+00

           Step           Time
         205500      411.00000

   Energies (kJ/mol)
           Bond          Angle    Proper Dih. Per. Imp. Dih.          LJ-14
    7.19700e+03    1.97767e+04    2.59276e+04    1.26111e+03    9.56816e+03
     Coulomb-14        LJ (SR)  Disper. corr.   Coulomb (SR)   Coul. recip.
    1.18762e+05    4.94452e+05   -2.05248e+04   -3.79950e+06    1.06356e+04
 Position Rest.      Potential    Kinetic En.   Total Energy  Conserved En.
    2.47539e+03   -3.12997e+06    5.46634e+05   -2.58334e+06   -2.54965e+06
    Temperature Pres. DC (bar) Pressure (bar)   Constr. rmsd
    2.97582e+02   -1.54013e+02    3.82283e+01    0.00000e+00

           Step           Time
         206000      412.00000

   Energies (kJ/mol)
           Bond          Angle    Proper Dih. Per. Imp. Dih.          LJ-14
    7.40985e+03    1.99436e+04    2.56473e+04    1.23024e+03    9.55021e+03
     Coulomb-14        LJ (SR)  Disper. corr.   Coulomb (SR)   Coul. recip.
    1.18961e+05    4.97000e+05   -2.05762e+04   -3.80533e+06    1.09252e+04
 Position Rest.      Potential    Kinetic En.   Total Energy  Conserved En.
    2.47446e+03   -3.13276e+06    5.48606e+05   -2.58416e+06   -2.54962e+06
    Temperature Pres. DC (bar) Pressure (bar)   Constr. rmsd
    2.98656e+02   -1.54784e+02    3.80099e+01    0.00000e+00

           Step           Time
         206500      413.00000

   Energies (kJ/mol)
           Bond          Angle    Proper Dih. Per. Imp. Dih.          LJ-14
    7.08066e+03    2.00155e+04    2.58345e+04    1.12687e+03    9.48052e+03
     Coulomb-14        LJ (SR)  Disper. corr.   Coulomb (SR)   Coul. recip.
    1.19288e+05    4.95058e+05   -2.05707e+04   -3.80405e+06    1.07105e+04
 Position Rest.      Potential    Kinetic En.   Total Energy  Conserved En.
    2.38437e+03   -3.13365e+06    5.46121e+05   -2.58752e+06   -2.54962e+06
    Temperature Pres. DC (bar) Pressure (bar)   Constr. rmsd
    2.97303e+02   -1.54701e+02   -2.37851e+01    0.00000e+00

           Step           Time
         207000      414.00000

   Energies (kJ/mol)
           Bond          Angle    Proper Dih. Per. Imp. Dih.          LJ-14
    7.46048e+03    1.99178e+04    2.58447e+04    1.27722e+03    9.63564e+03
     Coulomb-14        LJ (SR)  Disper. corr.   Coulomb (SR)   Coul. recip.
    1.18878e+05    4.95033e+05   -2.05372e+04   -3.80054e+06    1.06816e+04
 Position Rest.      Potential    Kinetic En.   Total Energy  Conserved En.
    2.58998e+03   -3.12976e+06    5.47440e+05   -2.58232e+06   -2.54960e+06
    Temperature Pres. DC (bar) Pressure (bar)   Constr. rmsd
    2.98021e+02   -1.54199e+02   -1.17798e+00    0.00000e+00

           Step           Time
         207500      415.00000

   Energies (kJ/mol)
           Bond          Angle    Proper Dih. Per. Imp. Dih.          LJ-14
    7.33865e+03    2.00060e+04    2.57135e+04    1.17860e+03    9.58472e+03
     Coulomb-14        LJ (SR)  Disper. corr.   Coulomb (SR)   Coul. recip.
    1.19026e+05    4.95961e+05   -2.05509e+04   -3.80042e+06    1.06616e+04
 Position Rest.      Potential    Kinetic En.   Total Energy  Conserved En.
    2.47400e+03   -3.12903e+06    5.47528e+05   -2.58150e+06   -2.54956e+06
    Temperature Pres. DC (bar) Pressure (bar)   Constr. rmsd
    2.98069e+02   -1.54404e+02    3.61573e+01    0.00000e+00

           Step           Time
         208000      416.00000

   Energies (kJ/mol)
           Bond          Angle    Proper Dih. Per. Imp. Dih.          LJ-14
    7.49217e+03    1.96570e+04    2.58242e+04    1.19515e+03    9.45461e+03
     Coulomb-14        LJ (SR)  Disper. corr.   Coulomb (SR)   Coul. recip.
    1.19006e+05    4.94516e+05   -2.05551e+04   -3.80115e+06    1.07552e+04
 Position Rest.      Potential    Kinetic En.   Total Energy  Conserved En.
    2.45359e+03   -3.13135e+06    5.48845e+05   -2.58251e+06   -2.54961e+06
    Temperature Pres. DC (bar) Pressure (bar)   Constr. rmsd
    2.98786e+02   -1.54468e+02   -3.30238e+01    0.00000e+00

           Step           Time
         208500      417.00000

   Energies (kJ/mol)
           Bond          Angle    Proper Dih. Per. Imp. Dih.          LJ-14
    7.03205e+03    2.03706e+04    2.57138e+04    1.20852e+03    9.65809e+03
     Coulomb-14        LJ (SR)  Disper. corr.   Coulomb (SR)   Coul. recip.
    1.18920e+05    4.95558e+05   -2.06113e+04   -3.80082e+06    1.07099e+04
 Position Rest.      Potential    Kinetic En.   Total Energy  Conserved En.
    2.38121e+03   -3.12988e+06    5.46208e+05   -2.58367e+06   -2.54953e+06
    Temperature Pres. DC (bar) Pressure (bar)   Constr. rmsd
    2.97350e+02   -1.55312e+02    1.42042e+02    0.00000e+00

           Step           Time
         209000      418.00000

   Energies (kJ/mol)
           Bond          Angle    Proper Dih. Per. Imp. Dih.          LJ-14
    7.28005e+03    1.99393e+04    2.58028e+04    1.19655e+03    9.51524e+03
     Coulomb-14        LJ (SR)  Disper. corr.   Coulomb (SR)   Coul. recip.
    1.18845e+05    4.95717e+05   -2.05853e+04   -3.80335e+06    1.07130e+04
 Position Rest.      Potential    Kinetic En.   Total Energy  Conserved En.
    2.45368e+03   -3.13247e+06    5.46345e+05   -2.58613e+06   -2.54947e+06
    Temperature Pres. DC (bar) Pressure (bar)   Constr. rmsd
    2.97425e+02   -1.54922e+02    2.69168e+01    0.00000e+00

           Step           Time
         209500      419.00000

   Energies (kJ/mol)
           Bond          Angle    Proper Dih. Per. Imp. Dih.          LJ-14
    7.25426e+03    2.03509e+04    2.56616e+04    1.13982e+03    9.60053e+03
     Coulomb-14        LJ (SR)  Disper. corr.   Coulomb (SR)   Coul. recip.
    1.19158e+05    4.90106e+05   -2.05102e+04   -3.79108e+06    1.08595e+04
 Position Rest.      Potential    Kinetic En.   Total Energy  Conserved En.
    2.44770e+03   -3.12501e+06    5.47412e+05   -2.57760e+06   -2.54937e+06
    Temperature Pres. DC (bar) Pressure (bar)   Constr. rmsd
    2.98006e+02   -1.53794e+02   -8.42301e+01    0.00000e+00

           Step           Time
         210000      420.00000

   Energies (kJ/mol)
           Bond          Angle    Proper Dih. Per. Imp. Dih.          LJ-14
    7.05237e+03    1.99763e+04    2.57977e+04    1.23366e+03    9.54674e+03
     Coulomb-14        LJ (SR)  Disper. corr.   Coulomb (SR)   Coul. recip.
    1.19085e+05    4.94093e+05   -2.06140e+04   -3.80198e+06    1.05972e+04
 Position Rest.      Potential    Kinetic En.   Total Energy  Conserved En.
    2.51715e+03   -3.13270e+06    5.46779e+05   -2.58592e+06   -2.54935e+06
    Temperature Pres. DC (bar) Pressure (bar)   Constr. rmsd
    2.97661e+02   -1.55353e+02   -3.19242e+01    0.00000e+00

           Step           Time
         210500      421.00000

   Energies (kJ/mol)
           Bond          Angle    Proper Dih. Per. Imp. Dih.          LJ-14
    7.33546e+03    1.99216e+04    2.56679e+04    1.18664e+03    9.55073e+03
     Coulomb-14        LJ (SR)  Disper. corr.   Coulomb (SR)   Coul. recip.
    1.18897e+05    4.94133e+05   -2.05443e+04   -3.79850e+06    1.07896e+04
 Position Rest.      Potential    Kinetic En.   Total Energy  Conserved En.
    2.45207e+03   -3.12911e+06    5.49088e+05   -2.58003e+06   -2.54930e+06
    Temperature Pres. DC (bar) Pressure (bar)   Constr. rmsd
    2.98918e+02   -1.54305e+02   -5.13144e+00    0.00000e+00

           Step           Time
         211000      422.00000

   Energies (kJ/mol)
           Bond          Angle    Proper Dih. Per. Imp. Dih.          LJ-14
    7.23431e+03    1.99416e+04    2.57477e+04    1.24728e+03    9.57538e+03
     Coulomb-14        LJ (SR)  Disper. corr.   Coulomb (SR)   Coul. recip.
    1.19303e+05    4.93180e+05   -2.05472e+04   -3.79831e+06    1.07372e+04
 Position Rest.      Potential    Kinetic En.   Total Energy  Conserved En.
    2.52571e+03   -3.12936e+06    5.47369e+05   -2.58199e+06   -2.54923e+06
    Temperature Pres. DC (bar) Pressure (bar)   Constr. rmsd
    2.97982e+02   -1.54348e+02   -6.19021e+01    0.00000e+00

           Step           Time
         211500      423.00000

   Energies (kJ/mol)
           Bond          Angle    Proper Dih. Per. Imp. Dih.          LJ-14
    7.33466e+03    1.98220e+04    2.58174e+04    1.20181e+03    9.46758e+03
     Coulomb-14        LJ (SR)  Disper. corr.   Coulomb (SR)   Coul. recip.
    1.18970e+05    4.95981e+05   -2.05807e+04   -3.80457e+06    1.07613e+04
 Position Rest.      Potential    Kinetic En.   Total Energy  Conserved En.
    2.49632e+03   -3.13330e+06    5.47882e+05   -2.58542e+06   -2.54916e+06
    Temperature Pres. DC (bar) Pressure (bar)   Constr. rmsd
    2.98261e+02   -1.54852e+02   -1.66650e+01    0.00000e+00

           Step           Time
         212000      424.00000

   Energies (kJ/mol)
           Bond          Angle    Proper Dih. Per. Imp. Dih.          LJ-14
    7.43805e+03    1.95958e+04    2.59411e+04    1.26725e+03    9.57763e+03
     Coulomb-14        LJ (SR)  Disper. corr.   Coulomb (SR)   Coul. recip.
    1.19019e+05    4.97701e+05   -2.06107e+04   -3.80629e+06    1.07404e+04
 Position Rest.      Potential    Kinetic En.   Total Energy  Conserved En.
    2.46308e+03   -3.13315e+06    5.45499e+05   -2.58766e+06   -2.54905e+06
    Temperature Pres. DC (bar) Pressure (bar)   Constr. rmsd
    2.96964e+02   -1.55303e+02    1.30806e+02    0.00000e+00

           Step           Time
         212500      425.00000

   Energies (kJ/mol)
           Bond          Angle    Proper Dih. Per. Imp. Dih.          LJ-14
    7.48213e+03    2.00103e+04    2.57314e+04    1.16911e+03    9.49793e+03
     Coulomb-14        LJ (SR)  Disper. corr.   Coulomb (SR)   Coul. recip.
    1.18346e+05    4.94042e+05   -2.04974e+04   -3.79992e+06    1.09583e+04
 Position Rest.      Potential    Kinetic En.   Total Energy  Conserved En.
    2.48797e+03   -3.13069e+06    5.46283e+05   -2.58441e+06   -2.54898e+06
    Temperature Pres. DC (bar) Pressure (bar)   Constr. rmsd
    2.97391e+02   -1.53602e+02   -7.26812e+01    0.00000e+00

           Step           Time
         213000      426.00000

   Energies (kJ/mol)
           Bond          Angle    Proper Dih. Per. Imp. Dih.          LJ-14
    7.25306e+03    1.97792e+04    2.57962e+04    1.22911e+03    9.71236e+03
     Coulomb-14        LJ (SR)  Disper. corr.   Coulomb (SR)   Coul. recip.
    1.19036e+05    4.97545e+05   -2.05554e+04   -3.80232e+06    1.07309e+04
 Position Rest.      Potential    Kinetic En.   Total Energy  Conserved En.
    2.53496e+03   -3.12926e+06    5.47349e+05   -2.58191e+06   -2.54901e+06
    Temperature Pres. DC (bar) Pressure (bar)   Constr. rmsd
    2.97971e+02   -1.54472e+02    8.79664e+01    0.00000e+00

           Step           Time
         213500      427.00000

   Energies (kJ/mol)
           Bond          Angle    Proper Dih. Per. Imp. Dih.          LJ-14
    7.20561e+03    2.00121e+04    2.59618e+04    1.18045e+03    9.59918e+03
     Coulomb-14        LJ (SR)  Disper. corr.   Coulomb (SR)   Coul. recip.
    1.18869e+05    4.95513e+05   -2.05530e+04   -3.79796e+06    1.06646e+04
 Position Rest.      Potential    Kinetic En.   Total Energy  Conserved En.
    2.56340e+03   -3.12694e+06    5.46250e+05   -2.58069e+06   -2.54893e+06
    Temperature Pres. DC (bar) Pressure (bar)   Constr. rmsd
    2.97373e+02   -1.54436e+02    5.68654e+01    0.00000e+00

           Step           Time
         214000      428.00000

   Energies (kJ/mol)
           Bond          Angle    Proper Dih. Per. Imp. Dih.          LJ-14
    7.14988e+03    2.01914e+04    2.58402e+04    1.21606e+03    9.51994e+03
     Coulomb-14        LJ (SR)  Disper. corr.   Coulomb (SR)   Coul. recip.
    1.18982e+05    4.93933e+05   -2.05878e+04   -3.80255e+06    1.08083e+04
 Position Rest.      Potential    Kinetic En.   Total Energy  Conserved En.
    2.48941e+03   -3.13301e+06    5.47939e+05   -2.58507e+06   -2.54890e+06
    Temperature Pres. DC (bar) Pressure (bar)   Constr. rmsd
    2.98292e+02   -1.54959e+02   -1.80218e+01    0.00000e+00

           Step           Time
         214500      429.00000

   Energies (kJ/mol)
           Bond          Angle    Proper Dih. Per. Imp. Dih.          LJ-14
    7.21706e+03    1.96651e+04    2.57137e+04    1.19517e+03    9.60583e+03
     Coulomb-14        LJ (SR)  Disper. corr.   Coulomb (SR)   Coul. recip.
    1.19183e+05    4.93091e+05   -2.05221e+04   -3.79814e+06    1.08661e+04
 Position Rest.      Potential    Kinetic En.   Total Energy  Conserved En.
    2.38567e+03   -3.12974e+06    5.46316e+05   -2.58342e+06   -2.54883e+06
    Temperature Pres. DC (bar) Pressure (bar)   Constr. rmsd
    2.97409e+02   -1.53972e+02   -3.67208e+01    0.00000e+00

           Step           Time
         215000      430.00000

   Energies (kJ/mol)
           Bond          Angle    Proper Dih. Per. Imp. Dih.          LJ-14
    7.25049e+03    2.01836e+04    2.59338e+04    1.32318e+03    9.60921e+03
     Coulomb-14        LJ (SR)  Disper. corr.   Coulomb (SR)   Coul. recip.
    1.18917e+05    4.95814e+05   -2.05760e+04   -3.80093e+06    1.08488e+04
 Position Rest.      Potential    Kinetic En.   Total Energy  Conserved En.
    2.37900e+03   -3.12925e+06    5.47466e+05   -2.58179e+06   -2.54872e+06
    Temperature Pres. DC (bar) Pressure (bar)   Constr. rmsd
    2.98035e+02   -1.54781e+02    5.03036e+01    0.00000e+00

           Step           Time
         215500      431.00000

   Energies (kJ/mol)
           Bond          Angle    Proper Dih. Per. Imp. Dih.          LJ-14
    7.29220e+03    1.96218e+04    2.57511e+04    1.17607e+03    9.45595e+03
     Coulomb-14        LJ (SR)  Disper. corr.   Coulomb (SR)   Coul. recip.
    1.19068e+05    4.98355e+05   -2.05328e+04   -3.80621e+06    1.08918e+04
 Position Rest.      Potential    Kinetic En.   Total Energy  Conserved En.
    2.42212e+03   -3.13271e+06    5.47141e+05   -2.58556e+06   -2.54869e+06
    Temperature Pres. DC (bar) Pressure (bar)   Constr. rmsd
    2.97858e+02   -1.54133e+02    5.41219e+01    0.00000e+00

           Step           Time
         216000      432.00000

   Energies (kJ/mol)
           Bond          Angle    Proper Dih. Per. Imp. Dih.          LJ-14
    7.29714e+03    1.95106e+04    2.58214e+04    1.19336e+03    9.59875e+03
     Coulomb-14        LJ (SR)  Disper. corr.   Coulomb (SR)   Coul. recip.
    1.19306e+05    4.94161e+05   -2.05447e+04   -3.80054e+06    1.07326e+04
 Position Rest.      Potential    Kinetic En.   Total Energy  Conserved En.
    2.48104e+03   -3.13098e+06    5.48730e+05   -2.58225e+06   -2.54864e+06
    Temperature Pres. DC (bar) Pressure (bar)   Constr. rmsd
    2.98723e+02   -1.54311e+02   -2.30099e+01    0.00000e+00

           Step           Time
         216500      433.00000

   Energies (kJ/mol)
           Bond          Angle    Proper Dih. Per. Imp. Dih.          LJ-14
    7.15659e+03    1.99033e+04    2.58679e+04    1.19335e+03    9.55403e+03
     Coulomb-14        LJ (SR)  Disper. corr.   Coulomb (SR)   Coul. recip.
    1.19195e+05    4.93983e+05   -2.05634e+04   -3.80008e+06    1.08227e+04
 Position Rest.      Potential    Kinetic En.   Total Energy  Conserved En.
    2.50663e+03   -3.13046e+06    5.47666e+05   -2.58279e+06   -2.54864e+06
    Temperature Pres. DC (bar) Pressure (bar)   Constr. rmsd
    2.98144e+02   -1.54592e+02    5.60554e+01    0.00000e+00

           Step           Time
         217000      434.00000

   Energies (kJ/mol)
           Bond          Angle    Proper Dih. Per. Imp. Dih.          LJ-14
    7.03221e+03    1.99070e+04    2.58065e+04    1.20163e+03    9.55615e+03
     Coulomb-14        LJ (SR)  Disper. corr.   Coulomb (SR)   Coul. recip.
    1.19176e+05    4.93147e+05   -2.05379e+04   -3.79883e+06    1.09416e+04
 Position Rest.      Potential    Kinetic En.   Total Energy  Conserved En.
    2.53319e+03   -3.13007e+06    5.44786e+05   -2.58528e+06   -2.54861e+06
    Temperature Pres. DC (bar) Pressure (bar)   Constr. rmsd
    2.96576e+02   -1.54209e+02   -7.56579e+01    0.00000e+00

           Step           Time
         217500      435.00000

   Energies (kJ/mol)
           Bond          Angle    Proper Dih. Per. Imp. Dih.          LJ-14
    7.12807e+03    2.05298e+04    2.58515e+04    1.20801e+03    9.58589e+03
     Coulomb-14        LJ (SR)  Disper. corr.   Coulomb (SR)   Coul. recip.
    1.18812e+05    4.92411e+05   -2.06003e+04   -3.79820e+06    1.08724e+04
 Position Rest.      Potential    Kinetic En.   Total Energy  Conserved En.
    2.48334e+03   -3.12992e+06    5.46788e+05   -2.58313e+06   -2.54854e+06
    Temperature Pres. DC (bar) Pressure (bar)   Constr. rmsd
    2.97666e+02   -1.55147e+02    2.38223e+01    0.00000e+00

           Step           Time
         218000      436.00000

   Energies (kJ/mol)
           Bond          Angle    Proper Dih. Per. Imp. Dih.          LJ-14
    7.13727e+03    2.02920e+04    2.58694e+04    1.17243e+03    9.53104e+03
     Coulomb-14        LJ (SR)  Disper. corr.   Coulomb (SR)   Coul. recip.
    1.18913e+05    4.90984e+05   -2.05395e+04   -3.79679e+06    1.07185e+04
 Position Rest.      Potential    Kinetic En.   Total Energy  Conserved En.
    2.45540e+03   -3.13025e+06    5.47719e+05   -2.58254e+06   -2.54855e+06
    Temperature Pres. DC (bar) Pressure (bar)   Constr. rmsd
    2.98173e+02   -1.54233e+02   -1.15577e+02    0.00000e+00

           Step           Time
         218500      437.00000

   Energies (kJ/mol)
           Bond          Angle    Proper Dih. Per. Imp. Dih.          LJ-14
    7.26959e+03    1.98251e+04    2.58665e+04    1.29773e+03    9.47759e+03
     Coulomb-14        LJ (SR)  Disper. corr.   Coulomb (SR)   Coul. recip.
    1.18849e+05    4.92363e+05   -2.05638e+04   -3.80110e+06    1.05666e+04
 Position Rest.      Potential    Kinetic En.   Total Energy  Conserved En.
    2.38099e+03   -3.13377e+06    5.46956e+05   -2.58681e+06   -2.54857e+06
    Temperature Pres. DC (bar) Pressure (bar)   Constr. rmsd
    2.97758e+02   -1.54598e+02   -5.37668e+01    0.00000e+00

           Step           Time
         219000      438.00000

   Energies (kJ/mol)
           Bond          Angle    Proper Dih. Per. Imp. Dih.          LJ-14
    7.40447e+03    2.01624e+04    2.56745e+04    1.24305e+03    9.54624e+03
     Coulomb-14        LJ (SR)  Disper. corr.   Coulomb (SR)   Coul. recip.
    1.19116e+05    4.92231e+05   -2.05838e+04   -3.79832e+06    1.07302e+04
 Position Rest.      Potential    Kinetic En.   Total Energy  Conserved En.
    2.47854e+03   -3.13032e+06    5.48497e+05   -2.58182e+06   -2.54856e+06
    Temperature Pres. DC (bar) Pressure (bar)   Constr. rmsd
    2.98596e+02   -1.54898e+02   -4.63026e+01    0.00000e+00

           Step           Time
         219500      439.00000

   Energies (kJ/mol)
           Bond          Angle    Proper Dih. Per. Imp. Dih.          LJ-14
    7.35940e+03    1.96127e+04    2.57292e+04    1.19375e+03    9.46680e+03
     Coulomb-14        LJ (SR)  Disper. corr.   Coulomb (SR)   Coul. recip.
    1.18959e+05    4.92754e+05   -2.05813e+04   -3.79986e+06    1.08012e+04
 Position Rest.      Potential    Kinetic En.   Total Energy  Conserved En.
    2.47581e+03   -3.13209e+06    5.45846e+05   -2.58624e+06   -2.54858e+06
    Temperature Pres. DC (bar) Pressure (bar)   Constr. rmsd
    2.97153e+02   -1.54862e+02   -2.87032e+01    0.00000e+00

           Step           Time
         220000      440.00000

   Energies (kJ/mol)
           Bond          Angle    Proper Dih. Per. Imp. Dih.          LJ-14
    7.50210e+03    2.01171e+04    2.58519e+04    1.24829e+03    9.54618e+03
     Coulomb-14        LJ (SR)  Disper. corr.   Coulomb (SR)   Coul. recip.
    1.19058e+05    4.91128e+05   -2.04995e+04   -3.79295e+06    1.07706e+04
 Position Rest.      Potential    Kinetic En.   Total Energy  Conserved En.
    2.45036e+03   -3.12577e+06    5.50689e+05   -2.57509e+06   -2.54851e+06
    Temperature Pres. DC (bar) Pressure (bar)   Constr. rmsd
    2.99789e+02   -1.53633e+02   -1.08174e+02    0.00000e+00

           Step           Time
         220500      441.00000

   Energies (kJ/mol)
           Bond          Angle    Proper Dih. Per. Imp. Dih.          LJ-14
    7.24225e+03    2.00986e+04    2.59443e+04    1.23484e+03    9.59757e+03
     Coulomb-14        LJ (SR)  Disper. corr.   Coulomb (SR)   Coul. recip.
    1.18933e+05    4.95448e+05   -2.05927e+04   -3.80043e+06    1.09226e+04
 Position Rest.      Potential    Kinetic En.   Total Energy  Conserved En.
    2.46667e+03   -3.12914e+06    5.46690e+05   -2.58245e+06   -2.54842e+06
    Temperature Pres. DC (bar) Pressure (bar)   Constr. rmsd
    2.97612e+02   -1.55032e+02    8.92392e+01    0.00000e+00

           Step           Time
         221000      442.00000

   Energies (kJ/mol)
           Bond          Angle    Proper Dih. Per. Imp. Dih.          LJ-14
    6.88085e+03    2.01094e+04    2.58201e+04    1.23187e+03    9.54554e+03
     Coulomb-14        LJ (SR)  Disper. corr.   Coulomb (SR)   Coul. recip.
    1.19109e+05    4.93759e+05   -2.05608e+04   -3.79950e+06    1.07721e+04
 Position Rest.      Potential    Kinetic En.   Total Energy  Conserved En.
    2.41518e+03   -3.13042e+06    5.47038e+05   -2.58338e+06   -2.54842e+06
    Temperature Pres. DC (bar) Pressure (bar)   Constr. rmsd
    2.97802e+02   -1.54553e+02   -9.16972e+00    0.00000e+00

           Step           Time
         221500      443.00000

   Energies (kJ/mol)
           Bond          Angle    Proper Dih. Per. Imp. Dih.          LJ-14
    7.12619e+03    2.00307e+04    2.58909e+04    1.13764e+03    9.70003e+03
     Coulomb-14        LJ (SR)  Disper. corr.   Coulomb (SR)   Coul. recip.
    1.19061e+05    4.92844e+05   -2.06141e+04   -3.80080e+06    1.05035e+04
 Position Rest.      Potential    Kinetic En.   Total Energy  Conserved En.
    2.43145e+03   -3.13269e+06    5.48273e+05   -2.58442e+06   -2.54837e+06
    Temperature Pres. DC (bar) Pressure (bar)   Constr. rmsd
    2.98474e+02   -1.55355e+02    4.49949e+01    0.00000e+00

           Step           Time
         222000      444.00000

   Energies (kJ/mol)
           Bond          Angle    Proper Dih. Per. Imp. Dih.          LJ-14
    7.25512e+03    2.00019e+04    2.57885e+04    1.13753e+03    9.53849e+03
     Coulomb-14        LJ (SR)  Disper. corr.   Coulomb (SR)   Coul. recip.
    1.18834e+05    4.91130e+05   -2.04868e+04   -3.79728e+06    1.06636e+04
 Position Rest.      Potential    Kinetic En.   Total Energy  Conserved En.
    2.57652e+03   -3.13084e+06    5.48040e+05   -2.58280e+06   -2.54831e+06
    Temperature Pres. DC (bar) Pressure (bar)   Constr. rmsd
    2.98348e+02   -1.53443e+02   -1.33198e+02    0.00000e+00

           Step           Time
         222500      445.00000

   Energies (kJ/mol)
           Bond          Angle    Proper Dih. Per. Imp. Dih.          LJ-14
    7.21278e+03    1.98384e+04    2.59409e+04    1.07988e+03    9.58303e+03
     Coulomb-14        LJ (SR)  Disper. corr.   Coulomb (SR)   Coul. recip.
    1.18987e+05    4.93348e+05   -2.05910e+04   -3.79968e+06    1.08610e+04
 Position Rest.      Potential    Kinetic En.   Total Energy  Conserved En.
    2.45287e+03   -3.13096e+06    5.48696e+05   -2.58227e+06   -2.54815e+06
    Temperature Pres. DC (bar) Pressure (bar)   Constr. rmsd
    2.98704e+02   -1.55007e+02    3.06975e+00    0.00000e+00

           Step           Time
         223000      446.00000

   Energies (kJ/mol)
           Bond          Angle    Proper Dih. Per. Imp. Dih.          LJ-14
    7.19421e+03    1.98736e+04    2.57352e+04    1.23764e+03    9.50458e+03
     Coulomb-14        LJ (SR)  Disper. corr.   Coulomb (SR)   Coul. recip.
    1.18956e+05    4.89903e+05   -2.05404e+04   -3.79372e+06    1.08295e+04
 Position Rest.      Potential    Kinetic En.   Total Energy  Conserved En.
    2.48744e+03   -3.12854e+06    5.48820e+05   -2.57972e+06   -2.54820e+06
    Temperature Pres. DC (bar) Pressure (bar)   Constr. rmsd
    2.98772e+02   -1.54246e+02   -2.91108e+01    0.00000e+00

           Step           Time
         223500      447.00000

   Energies (kJ/mol)
           Bond          Angle    Proper Dih. Per. Imp. Dih.          LJ-14
    7.05450e+03    2.01191e+04    2.58202e+04    1.15306e+03    9.65755e+03
     Coulomb-14        LJ (SR)  Disper. corr.   Coulomb (SR)   Coul. recip.
    1.18926e+05    4.94948e+05   -2.06041e+04   -3.80256e+06    1.05824e+04
 Position Rest.      Potential    Kinetic En.   Total Energy  Conserved En.
    2.52417e+03   -3.13238e+06    5.49489e+05   -2.58289e+06   -2.54810e+06
    Temperature Pres. DC (bar) Pressure (bar)   Constr. rmsd
    2.99136e+02   -1.55204e+02    7.57654e+01    0.00000e+00

           Step           Time
         224000      448.00000

   Energies (kJ/mol)
           Bond          Angle    Proper Dih. Per. Imp. Dih.          LJ-14
    7.31450e+03    1.99857e+04    2.58761e+04    1.21613e+03    9.64201e+03
     Coulomb-14        LJ (SR)  Disper. corr.   Coulomb (SR)   Coul. recip.
    1.18853e+05    4.91145e+05   -2.05168e+04   -3.79522e+06    1.06916e+04
 Position Rest.      Potential    Kinetic En.   Total Energy  Conserved En.
    2.43192e+03   -3.12858e+06    5.47261e+05   -2.58132e+06   -2.54808e+06
    Temperature Pres. DC (bar) Pressure (bar)   Constr. rmsd
    2.97924e+02   -1.53893e+02   -7.68988e+01    0.00000e+00

           Step           Time
         224500      449.00000

   Energies (kJ/mol)
           Bond          Angle    Proper Dih. Per. Imp. Dih.          LJ-14
    7.13657e+03    1.98797e+04    2.57811e+04    1.16892e+03    9.61121e+03
     Coulomb-14        LJ (SR)  Disper. corr.   Coulomb (SR)   Coul. recip.
    1.18915e+05    4.93927e+05   -2.05734e+04   -3.80363e+06    1.06238e+04
 Position Rest.      Potential    Kinetic En.   Total Energy  Conserved En.
    2.48993e+03   -3.13467e+06    5.47480e+05   -2.58719e+06   -2.54805e+06
    Temperature Pres. DC (bar) Pressure (bar)   Constr. rmsd
    2.98043e+02   -1.54742e+02    3.20621e+01    0.00000e+00

           Step           Time
         225000      450.00000

   Energies (kJ/mol)
           Bond          Angle    Proper Dih. Per. Imp. Dih.          LJ-14
    7.18261e+03    2.00589e+04    2.59012e+04    1.19324e+03    9.61259e+03
     Coulomb-14        LJ (SR)  Disper. corr.   Coulomb (SR)   Coul. recip.
    1.18744e+05    4.93181e+05   -2.05708e+04   -3.80020e+06    1.08359e+04
 Position Rest.      Potential    Kinetic En.   Total Energy  Conserved En.
    2.51724e+03   -3.13154e+06    5.47735e+05   -2.58381e+06   -2.54805e+06
    Temperature Pres. DC (bar) Pressure (bar)   Constr. rmsd
    2.98181e+02   -1.54704e+02    1.42784e+01    0.00000e+00

           Step           Time
         225500      451.00000

   Energies (kJ/mol)
           Bond          Angle    Proper Dih. Per. Imp. Dih.          LJ-14
    7.14988e+03    1.98911e+04    2.59155e+04    1.19063e+03    9.59627e+03
     Coulomb-14        LJ (SR)  Disper. corr.   Coulomb (SR)   Coul. recip.
    1.19185e+05    4.92660e+05   -2.05257e+04   -3.79881e+06    1.07706e+04
 Position Rest.      Potential    Kinetic En.   Total Energy  Conserved En.
    2.52879e+03   -3.13045e+06    5.46744e+05   -2.58370e+06   -2.54798e+06
    Temperature Pres. DC (bar) Pressure (bar)   Constr. rmsd
    2.97642e+02   -1.54026e+02   -4.49509e+01    0.00000e+00

           Step           Time
         226000      452.00000

   Energies (kJ/mol)
           Bond          Angle    Proper Dih. Per. Imp. Dih.          LJ-14
    7.23287e+03    1.94560e+04    2.59811e+04    1.19879e+03    9.52768e+03
     Coulomb-14        LJ (SR)  Disper. corr.   Coulomb (SR)   Coul. recip.
    1.19134e+05    4.93516e+05   -2.06357e+04   -3.80155e+06    1.08627e+04
 Position Rest.      Potential    Kinetic En.   Total Energy  Conserved En.
    2.43649e+03   -3.13283e+06    5.47870e+05   -2.58496e+06   -2.54797e+06
    Temperature Pres. DC (bar) Pressure (bar)   Constr. rmsd
    2.98255e+02   -1.55680e+02    1.24082e+01    0.00000e+00

           Step           Time
         226500      453.00000

   Energies (kJ/mol)
           Bond          Angle    Proper Dih. Per. Imp. Dih.          LJ-14
    7.51225e+03    1.98258e+04    2.57165e+04    1.21335e+03    9.55508e+03
     Coulomb-14        LJ (SR)  Disper. corr.   Coulomb (SR)   Coul. recip.
    1.19051e+05    4.96009e+05   -2.05762e+04   -3.80255e+06    1.06818e+04
 Position Rest.      Potential    Kinetic En.   Total Energy  Conserved En.
    2.42140e+03   -3.13114e+06    5.50066e+05   -2.58107e+06   -2.54791e+06
    Temperature Pres. DC (bar) Pressure (bar)   Constr. rmsd
    2.99451e+02   -1.54784e+02    5.14912e+01    0.00000e+00

           Step           Time
         227000      454.00000

   Energies (kJ/mol)
           Bond          Angle    Proper Dih. Per. Imp. Dih.          LJ-14
    7.34879e+03    2.00205e+04    2.56680e+04    1.14848e+03    9.76274e+03
     Coulomb-14        LJ (SR)  Disper. corr.   Coulomb (SR)   Coul. recip.
    1.18821e+05    4.93453e+05   -2.05435e+04   -3.79673e+06    1.09560e+04
 Position Rest.      Potential    Kinetic En.   Total Energy  Conserved En.
    2.45190e+03   -3.12764e+06    5.48616e+05   -2.57903e+06   -2.54783e+06
    Temperature Pres. DC (bar) Pressure (bar)   Constr. rmsd
    2.98661e+02   -1.54293e+02   -1.65753e+01    0.00000e+00

           Step           Time
         227500      455.00000

   Energies (kJ/mol)
           Bond          Angle    Proper Dih. Per. Imp. Dih.          LJ-14
    7.25879e+03    1.98661e+04    2.57822e+04    1.24940e+03    9.49784e+03
     Coulomb-14        LJ (SR)  Disper. corr.   Coulomb (SR)   Coul. recip.
    1.18927e+05    4.97300e+05   -2.06312e+04   -3.80325e+06    1.07929e+04
 Position Rest.      Potential    Kinetic En.   Total Energy  Conserved En.
    2.54984e+03   -3.13065e+06    5.47447e+05   -2.58321e+06   -2.54773e+06
    Temperature Pres. DC (bar) Pressure (bar)   Constr. rmsd
    2.98025e+02   -1.55612e+02    1.21225e+02    0.00000e+00

           Step           Time
         228000      456.00000

   Energies (kJ/mol)
           Bond          Angle    Proper Dih. Per. Imp. Dih.          LJ-14
    7.28823e+03    2.04780e+04    2.57949e+04    1.19399e+03    9.56515e+03
     Coulomb-14        LJ (SR)  Disper. corr.   Coulomb (SR)   Coul. recip.
    1.18820e+05    4.90637e+05   -2.05804e+04   -3.79487e+06    1.09531e+04
 Position Rest.      Potential    Kinetic En.   Total Energy  Conserved En.
    2.56172e+03   -3.12816e+06    5.47718e+05   -2.58044e+06   -2.54767e+06
    Temperature Pres. DC (bar) Pressure (bar)   Constr. rmsd
    2.98172e+02   -1.54848e+02   -4.35384e-02    0.00000e+00

           Step           Time
         228500      457.00000

   Energies (kJ/mol)
           Bond          Angle    Proper Dih. Per. Imp. Dih.          LJ-14
    7.24538e+03    1.98064e+04    2.58649e+04    1.22107e+03    9.57987e+03
     Coulomb-14        LJ (SR)  Disper. corr.   Coulomb (SR)   Coul. recip.
    1.19025e+05    4.94517e+05   -2.06025e+04   -3.80057e+06    1.07080e+04
 Position Rest.      Potential    Kinetic En.   Total Energy  Conserved En.
    2.44865e+03   -3.13075e+06    5.46289e+05   -2.58446e+06   -2.54763e+06
    Temperature Pres. DC (bar) Pressure (bar)   Constr. rmsd
    2.97394e+02   -1.55179e+02   -1.21271e+01    0.00000e+00

           Step           Time
         229000      458.00000

   Energies (kJ/mol)
           Bond          Angle    Proper Dih. Per. Imp. Dih.          LJ-14
    7.45643e+03    2.00303e+04    2.59448e+04    1.11810e+03    9.65453e+03
     Coulomb-14        LJ (SR)  Disper. corr.   Coulomb (SR)   Coul. recip.
    1.18855e+05    4.92969e+05   -2.05004e+04   -3.79510e+06    1.09844e+04
 Position Rest.      Potential    Kinetic En.   Total Energy  Conserved En.
    2.50245e+03   -3.12608e+06    5.46633e+05   -2.57945e+06   -2.54758e+06
    Temperature Pres. DC (bar) Pressure (bar)   Constr. rmsd
    2.97582e+02   -1.53647e+02   -5.15271e+00    0.00000e+00

           Step           Time
         229500      459.00000

   Energies (kJ/mol)
           Bond          Angle    Proper Dih. Per. Imp. Dih.          LJ-14
    6.96339e+03    2.00193e+04    2.56711e+04    1.23500e+03    9.59563e+03
     Coulomb-14        LJ (SR)  Disper. corr.   Coulomb (SR)   Coul. recip.
    1.19014e+05    4.93506e+05   -2.06146e+04   -3.79949e+06    1.07923e+04
 Position Rest.      Potential    Kinetic En.   Total Energy  Conserved En.
    2.44340e+03   -3.13087e+06    5.49091e+05   -2.58178e+06   -2.54761e+06
    Temperature Pres. DC (bar) Pressure (bar)   Constr. rmsd
    2.98920e+02   -1.55362e+02    2.56717e+01    0.00000e+00

           Step           Time
         230000      460.00000

   Energies (kJ/mol)
           Bond          Angle    Proper Dih. Per. Imp. Dih.          LJ-14
    7.12732e+03    1.99532e+04    2.58844e+04    1.15463e+03    9.61036e+03
     Coulomb-14        LJ (SR)  Disper. corr.   Coulomb (SR)   Coul. recip.
    1.18688e+05    4.91824e+05   -2.05525e+04   -3.79592e+06    1.07022e+04
 Position Rest.      Potential    Kinetic En.   Total Energy  Conserved En.
    2.48620e+03   -3.12904e+06    5.48254e+05   -2.58079e+06   -2.54756e+06
    Temperature Pres. DC (bar) Pressure (bar)   Constr. rmsd
    2.98464e+02   -1.54428e+02    6.77787e+00    0.00000e+00

           Step           Time
         230500      461.00000

   Energies (kJ/mol)
           Bond          Angle    Proper Dih. Per. Imp. Dih.          LJ-14
    7.56371e+03    1.99450e+04    2.56468e+04    1.29553e+03    9.58501e+03
     Coulomb-14        LJ (SR)  Disper. corr.   Coulomb (SR)   Coul. recip.
    1.18768e+05    4.95340e+05   -2.06104e+04   -3.80472e+06    1.06295e+04
 Position Rest.      Potential    Kinetic En.   Total Energy  Conserved En.
    2.46949e+03   -3.13408e+06    5.48696e+05   -2.58539e+06   -2.54745e+06
    Temperature Pres. DC (bar) Pressure (bar)   Constr. rmsd
    2.98704e+02   -1.55299e+02    3.79409e+01    0.00000e+00

           Step           Time
         231000      462.00000

   Energies (kJ/mol)
           Bond          Angle    Proper Dih. Per. Imp. Dih.          LJ-14
    7.17473e+03    1.97362e+04    2.57934e+04    1.20245e+03    9.62031e+03
     Coulomb-14        LJ (SR)  Disper. corr.   Coulomb (SR)   Coul. recip.
    1.18836e+05    4.90986e+05   -2.05784e+04   -3.79622e+06    1.08527e+04
 Position Rest.      Potential    Kinetic En.   Total Energy  Conserved En.
    2.43957e+03   -3.13015e+06    5.46277e+05   -2.58388e+06   -2.54752e+06
    Temperature Pres. DC (bar) Pressure (bar)   Constr. rmsd
    2.97388e+02   -1.54818e+02   -1.30495e+02    0.00000e+00

           Step           Time
         231500      463.00000

   Energies (kJ/mol)
           Bond          Angle    Proper Dih. Per. Imp. Dih.          LJ-14
    7.18241e+03    1.97801e+04    2.59714e+04    1.22423e+03    9.68904e+03
     Coulomb-14        LJ (SR)  Disper. corr.   Coulomb (SR)   Coul. recip.
    1.18975e+05    4.96139e+05   -2.05519e+04   -3.80362e+06    1.07787e+04
 Position Rest.      Potential    Kinetic En.   Total Energy  Conserved En.
    2.45430e+03   -3.13198e+06    5.46205e+05   -2.58578e+06   -2.54749e+06
    Temperature Pres. DC (bar) Pressure (bar)   Constr. rmsd
    2.97348e+02   -1.54420e+02    9.75022e+01    0.00000e+00

           Step           Time
         232000      464.00000

   Energies (kJ/mol)
           Bond          Angle    Proper Dih. Per. Imp. Dih.          LJ-14
    7.25406e+03    1.99174e+04    2.57522e+04    1.25761e+03    9.58617e+03
     Coulomb-14        LJ (SR)  Disper. corr.   Coulomb (SR)   Coul. recip.
    1.18980e+05    4.93343e+05   -2.05539e+04   -3.80085e+06    1.06864e+04
 Position Rest.      Potential    Kinetic En.   Total Energy  Conserved En.
    2.46471e+03   -3.13216e+06    5.48001e+05   -2.58416e+06   -2.54746e+06
    Temperature Pres. DC (bar) Pressure (bar)   Constr. rmsd
    2.98326e+02   -1.54449e+02   -1.18133e+01    0.00000e+00

           Step           Time
         232500      465.00000

   Energies (kJ/mol)
           Bond          Angle    Proper Dih. Per. Imp. Dih.          LJ-14
    7.19440e+03    1.99510e+04    2.58450e+04    1.26780e+03    9.58121e+03
     Coulomb-14        LJ (SR)  Disper. corr.   Coulomb (SR)   Coul. recip.
    1.18895e+05    4.93415e+05   -2.05703e+04   -3.80251e+06    1.06017e+04
 Position Rest.      Potential    Kinetic En.   Total Energy  Conserved En.
    2.46463e+03   -3.13386e+06    5.46588e+05   -2.58727e+06   -2.54745e+06
    Temperature Pres. DC (bar) Pressure (bar)   Constr. rmsd
    2.97557e+02   -1.54696e+02   -1.22298e+02    0.00000e+00

           Step           Time
         233000      466.00000

   Energies (kJ/mol)
           Bond          Angle    Proper Dih. Per. Imp. Dih.          LJ-14
    7.49829e+03    1.97900e+04    2.58980e+04    1.21064e+03    9.70026e+03
     Coulomb-14        LJ (SR)  Disper. corr.   Coulomb (SR)   Coul. recip.
    1.18781e+05    4.91060e+05   -2.05652e+04   -3.79500e+06    1.07525e+04
 Position Rest.      Potential    Kinetic En.   Total Energy  Conserved En.
    2.53675e+03   -3.12834e+06    5.50462e+05   -2.57787e+06   -2.54743e+06
    Temperature Pres. DC (bar) Pressure (bar)   Constr. rmsd
    2.99666e+02   -1.54619e+02   -2.63382e+01    0.00000e+00

           Step           Time
         233500      467.00000

   Energies (kJ/mol)
           Bond          Angle    Proper Dih. Per. Imp. Dih.          LJ-14
    7.10379e+03    1.98772e+04    2.60673e+04    1.20533e+03    9.60665e+03
     Coulomb-14        LJ (SR)  Disper. corr.   Coulomb (SR)   Coul. recip.
    1.19356e+05    4.91267e+05   -2.05946e+04   -3.79672e+06    1.07332e+04
 Position Rest.      Potential    Kinetic En.   Total Energy  Conserved En.
    2.58960e+03   -3.12950e+06    5.49982e+05   -2.57952e+06   -2.54745e+06
    Temperature Pres. DC (bar) Pressure (bar)   Constr. rmsd
    2.99405e+02   -1.55062e+02   -6.03044e+01    0.00000e+00

           Step           Time
         234000      468.00000

   Energies (kJ/mol)
           Bond          Angle    Proper Dih. Per. Imp. Dih.          LJ-14
    7.32043e+03    1.98251e+04    2.57002e+04    1.16999e+03    9.66323e+03
     Coulomb-14        LJ (SR)  Disper. corr.   Coulomb (SR)   Coul. recip.
    1.19095e+05    4.92082e+05   -2.05360e+04   -3.79586e+06    1.08340e+04
 Position Rest.      Potential    Kinetic En.   Total Energy  Conserved En.
    2.41699e+03   -3.12829e+06    5.47313e+05   -2.58098e+06   -2.54740e+06
    Temperature Pres. DC (bar) Pressure (bar)   Constr. rmsd
    2.97952e+02   -1.54181e+02   -2.87138e+01    0.00000e+00

           Step           Time
         234500      469.00000

   Energies (kJ/mol)
           Bond          Angle    Proper Dih. Per. Imp. Dih.          LJ-14
    7.54091e+03    1.98569e+04    2.57232e+04    1.24475e+03    9.48182e+03
     Coulomb-14        LJ (SR)  Disper. corr.   Coulomb (SR)   Coul. recip.
    1.18782e+05    4.94474e+05   -2.05184e+04   -3.79700e+06    1.08134e+04
 Position Rest.      Potential    Kinetic En.   Total Energy  Conserved En.
    2.35931e+03   -3.12724e+06    5.47190e+05   -2.58005e+06   -2.54737e+06
    Temperature Pres. DC (bar) Pressure (bar)   Constr. rmsd
    2.97885e+02   -1.53917e+02   -4.82530e+01    0.00000e+00

           Step           Time
         235000      470.00000

   Energies (kJ/mol)
           Bond          Angle    Proper Dih. Per. Imp. Dih.          LJ-14
    7.24400e+03    1.98002e+04    2.56716e+04    1.22121e+03    9.64149e+03
     Coulomb-14        LJ (SR)  Disper. corr.   Coulomb (SR)   Coul. recip.
    1.19162e+05    4.95562e+05   -2.05879e+04   -3.80151e+06    1.06405e+04
 Position Rest.      Potential    Kinetic En.   Total Energy  Conserved En.
    2.53282e+03   -3.13062e+06    5.45865e+05   -2.58476e+06   -2.54732e+06
    Temperature Pres. DC (bar) Pressure (bar)   Constr. rmsd
    2.97164e+02   -1.54961e+02    1.18966e+02    0.00000e+00

           Step           Time
         235500      471.00000

   Energies (kJ/mol)
           Bond          Angle    Proper Dih. Per. Imp. Dih.          LJ-14
    7.23919e+03    1.99596e+04    2.56496e+04    1.17420e+03    9.54337e+03
     Coulomb-14        LJ (SR)  Disper. corr.   Coulomb (SR)   Coul. recip.
    1.19046e+05    4.94026e+05   -2.05502e+04   -3.80201e+06    1.08757e+04
 Position Rest.      Potential    Kinetic En.   Total Energy  Conserved En.
    2.52344e+03   -3.13252e+06    5.48711e+05   -2.58381e+06   -2.54735e+06
    Temperature Pres. DC (bar) Pressure (bar)   Constr. rmsd
    2.98713e+02   -1.54393e+02   -9.45873e+01    0.00000e+00

           Step           Time
         236000      472.00000

   Energies (kJ/mol)
           Bond          Angle    Proper Dih. Per. Imp. Dih.          LJ-14
    7.18477e+03    1.96296e+04    2.57638e+04    1.13562e+03    9.65344e+03
     Coulomb-14        LJ (SR)  Disper. corr.   Coulomb (SR)   Coul. recip.
    1.19240e+05    4.90057e+05   -2.05000e+04   -3.79578e+06    1.07784e+04
 Position Rest.      Potential    Kinetic En.   Total Energy  Conserved En.
    2.46364e+03   -3.13037e+06    5.45465e+05   -2.58491e+06   -2.54733e+06
    Temperature Pres. DC (bar) Pressure (bar)   Constr. rmsd
    2.96946e+02   -1.53641e+02   -1.26321e+02    0.00000e+00

           Step           Time
         236500      473.00000

   Energies (kJ/mol)
           Bond          Angle    Proper Dih. Per. Imp. Dih.          LJ-14
    7.20984e+03    1.98601e+04    2.56671e+04    1.21800e+03    9.62088e+03
     Coulomb-14        LJ (SR)  Disper. corr.   Coulomb (SR)   Coul. recip.
    1.18930e+05    4.98615e+05   -2.05684e+04   -3.80772e+06    1.06048e+04
 Position Rest.      Potential    Kinetic En.   Total Energy  Conserved En.
    2.36264e+03   -3.13420e+06    5.49004e+05   -2.58520e+06   -2.54721e+06
    Temperature Pres. DC (bar) Pressure (bar)   Constr. rmsd
    2.98872e+02   -1.54668e+02    8.91255e+01    0.00000e+00

           Step           Time
         237000      474.00000

   Energies (kJ/mol)
           Bond          Angle    Proper Dih. Per. Imp. Dih.          LJ-14
    7.21324e+03    1.96733e+04    2.57863e+04    1.24844e+03    9.64055e+03
     Coulomb-14        LJ (SR)  Disper. corr.   Coulomb (SR)   Coul. recip.
    1.18939e+05    4.95322e+05   -2.06217e+04   -3.80230e+06    1.06678e+04
 Position Rest.      Potential    Kinetic En.   Total Energy  Conserved En.
    2.53736e+03   -3.13189e+06    5.45347e+05   -2.58655e+06   -2.54716e+06
    Temperature Pres. DC (bar) Pressure (bar)   Constr. rmsd
    2.96881e+02   -1.55469e+02    3.23731e+01    0.00000e+00

           Step           Time
         237500      475.00000

   Energies (kJ/mol)
           Bond          Angle    Proper Dih. Per. Imp. Dih.          LJ-14
    7.11825e+03    1.99774e+04    2.58195e+04    1.20697e+03    9.66978e+03
     Coulomb-14        LJ (SR)  Disper. corr.   Coulomb (SR)   Coul. recip.
    1.18829e+05    4.91909e+05   -2.05566e+04   -3.79553e+06    1.07907e+04
 Position Rest.      Potential    Kinetic En.   Total Energy  Conserved En.
    2.47114e+03   -3.12830e+06    5.49757e+05   -2.57854e+06   -2.54713e+06
    Temperature Pres. DC (bar) Pressure (bar)   Constr. rmsd
    2.99282e+02   -1.54490e+02    3.50576e+01    0.00000e+00

           Step           Time
         238000      476.00000

   Energies (kJ/mol)
           Bond          Angle    Proper Dih. Per. Imp. Dih.          LJ-14
    7.25628e+03    1.98757e+04    2.58400e+04    1.22672e+03    9.55628e+03
     Coulomb-14        LJ (SR)  Disper. corr.   Coulomb (SR)   Coul. recip.
    1.18786e+05    4.93966e+05   -2.05240e+04   -3.79838e+06    1.09191e+04
 Position Rest.      Potential    Kinetic En.   Total Energy  Conserved En.
    2.56285e+03   -3.12891e+06    5.46994e+05   -2.58192e+06   -2.54713e+06
    Temperature Pres. DC (bar) Pressure (bar)   Constr. rmsd
    2.97778e+02   -1.54001e+02   -1.19884e+01    0.00000e+00

           Step           Time
         238500      477.00000

   Energies (kJ/mol)
           Bond          Angle    Proper Dih. Per. Imp. Dih.          LJ-14
    7.46496e+03    1.99879e+04    2.56225e+04    1.32293e+03    9.56954e+03
     Coulomb-14        LJ (SR)  Disper. corr.   Coulomb (SR)   Coul. recip.
    1.18888e+05    4.94701e+05   -2.05757e+04   -3.79870e+06    1.08844e+04
 Position Rest.      Potential    Kinetic En.   Total Energy  Conserved En.
    2.57708e+03   -3.12826e+06    5.45462e+05   -2.58279e+06   -2.54702e+06
    Temperature Pres. DC (bar) Pressure (bar)   Constr. rmsd
    2.96944e+02   -1.54776e+02    1.05315e+01    0.00000e+00

           Step           Time
         239000      478.00000

   Energies (kJ/mol)
           Bond          Angle    Proper Dih. Per. Imp. Dih.          LJ-14
    7.34729e+03    2.02797e+04    2.58154e+04    1.21964e+03    9.63726e+03
     Coulomb-14        LJ (SR)  Disper. corr.   Coulomb (SR)   Coul. recip.
    1.19246e+05    4.92256e+05   -2.05787e+04   -3.79657e+06    1.08240e+04
 Position Rest.      Potential    Kinetic En.   Total Energy  Conserved En.
    2.48142e+03   -3.12804e+06    5.47883e+05   -2.58016e+06   -2.54704e+06
    Temperature Pres. DC (bar) Pressure (bar)   Constr. rmsd
    2.98262e+02   -1.54822e+02    2.09699e+01    0.00000e+00

           Step           Time
         239500      479.00000

   Energies (kJ/mol)
           Bond          Angle    Proper Dih. Per. Imp. Dih.          LJ-14
    7.29922e+03    1.94643e+04    2.57472e+04    1.25165e+03    9.71050e+03
     Coulomb-14        LJ (SR)  Disper. corr.   Coulomb (SR)   Coul. recip.
    1.19063e+05    4.91581e+05   -2.05534e+04   -3.79585e+06    1.05349e+04
 Position Rest.      Potential    Kinetic En.   Total Energy  Conserved En.
    2.46819e+03   -3.12928e+06    5.46326e+05   -2.58296e+06   -2.54702e+06
    Temperature Pres. DC (bar) Pressure (bar)   Constr. rmsd
    2.97414e+02   -1.54442e+02   -4.47113e+01    0.00000e+00

           Step           Time
         240000      480.00000

   Energies (kJ/mol)
           Bond          Angle    Proper Dih. Per. Imp. Dih.          LJ-14
    7.30129e+03    2.01203e+04    2.58488e+04    1.15662e+03    9.52865e+03
     Coulomb-14        LJ (SR)  Disper. corr.   Coulomb (SR)   Coul. recip.
    1.18477e+05    4.90844e+05   -2.05942e+04   -3.79466e+06    1.08428e+04
 Position Rest.      Potential    Kinetic En.   Total Energy  Conserved En.
    2.46007e+03   -3.12867e+06    5.47169e+05   -2.58150e+06   -2.54696e+06
    Temperature Pres. DC (bar) Pressure (bar)   Constr. rmsd
    2.97873e+02   -1.55055e+02   -4.32183e+01    0.00000e+00

           Step           Time
         240500      481.00000

   Energies (kJ/mol)
           Bond          Angle    Proper Dih. Per. Imp. Dih.          LJ-14
    7.20729e+03    2.02172e+04    2.58336e+04    1.14417e+03    9.70711e+03
     Coulomb-14        LJ (SR)  Disper. corr.   Coulomb (SR)   Coul. recip.
    1.18986e+05    4.90970e+05   -2.05832e+04   -3.79667e+06    1.08387e+04
 Position Rest.      Potential    Kinetic En.   Total Energy  Conserved En.
    2.47507e+03   -3.12988e+06    5.46276e+05   -2.58360e+06   -2.54691e+06
    Temperature Pres. DC (bar) Pressure (bar)   Constr. rmsd
    2.97387e+02   -1.54890e+02   -5.83952e+01    0.00000e+00

           Step           Time
         241000      482.00000

   Energies (kJ/mol)
           Bond          Angle    Proper Dih. Per. Imp. Dih.          LJ-14
    7.42044e+03    1.99898e+04    2.56917e+04    1.22352e+03    9.44627e+03
     Coulomb-14        LJ (SR)  Disper. corr.   Coulomb (SR)   Coul. recip.
    1.18943e+05    4.94624e+05   -2.05866e+04   -3.79950e+06    1.08122e+04
 Position Rest.      Potential    Kinetic En.   Total Energy  Conserved En.
    2.45138e+03   -3.12949e+06    5.50215e+05   -2.57927e+06   -2.54692e+06
    Temperature Pres. DC (bar) Pressure (bar)   Constr. rmsd
    2.99531e+02   -1.54941e+02    5.92313e+01    0.00000e+00

           Step           Time
         241500      483.00000

   Energies (kJ/mol)
           Bond          Angle    Proper Dih. Per. Imp. Dih.          LJ-14
    7.48454e+03    1.99929e+04    2.59172e+04    1.10626e+03    9.37524e+03
     Coulomb-14        LJ (SR)  Disper. corr.   Coulomb (SR)   Coul. recip.
    1.18753e+05    4.91729e+05   -2.06165e+04   -3.79881e+06    1.08495e+04
 Position Rest.      Potential    Kinetic En.   Total Energy  Conserved En.
    2.49515e+03   -3.13172e+06    5.48371e+05   -2.58335e+06   -2.54691e+06
    Temperature Pres. DC (bar) Pressure (bar)   Constr. rmsd
    2.98528e+02   -1.55391e+02   -8.65516e+01    0.00000e+00

           Step           Time
         242000      484.00000

   Energies (kJ/mol)
           Bond          Angle    Proper Dih. Per. Imp. Dih.          LJ-14
    7.23620e+03    2.01349e+04    2.58714e+04    1.12696e+03    9.57394e+03
     Coulomb-14        LJ (SR)  Disper. corr.   Coulomb (SR)   Coul. recip.
    1.19116e+05    4.97455e+05   -2.05676e+04   -3.80447e+06    1.08211e+04
 Position Rest.      Potential    Kinetic En.   Total Energy  Conserved En.
    2.45750e+03   -3.13124e+06    5.48125e+05   -2.58312e+06   -2.54677e+06
    Temperature Pres. DC (bar) Pressure (bar)   Constr. rmsd
    2.98394e+02   -1.54654e+02    1.27962e+02    0.00000e+00

           Step           Time
         242500      485.00000

   Energies (kJ/mol)
           Bond          Angle    Proper Dih. Per. Imp. Dih.          LJ-14
    7.48389e+03    1.99922e+04    2.57097e+04    1.17276e+03    9.72040e+03
     Coulomb-14        LJ (SR)  Disper. corr.   Coulomb (SR)   Coul. recip.
    1.18835e+05    4.98455e+05   -2.06102e+04   -3.80579e+06    1.07041e+04
 Position Rest.      Potential    Kinetic En.   Total Energy  Conserved En.
    2.46978e+03   -3.13186e+06    5.48283e+05   -2.58357e+06   -2.54675e+06
    Temperature Pres. DC (bar) Pressure (bar)   Constr. rmsd
    2.98480e+02   -1.55296e+02    1.18281e+02    0.00000e+00

           Step           Time
         243000      486.00000

   Energies (kJ/mol)
           Bond          Angle    Proper Dih. Per. Imp. Dih.          LJ-14
    7.40253e+03    2.01521e+04    2.55953e+04    1.25991e+03    9.55615e+03
     Coulomb-14        LJ (SR)  Disper. corr.   Coulomb (SR)   Coul. recip.
    1.19106e+05    4.92218e+05   -2.04947e+04   -3.79581e+06    1.08793e+04
 Position Rest.      Potential    Kinetic En.   Total Energy  Conserved En.
    2.55945e+03   -3.12758e+06    5.49579e+05   -2.57800e+06   -2.54678e+06
    Temperature Pres. DC (bar) Pressure (bar)   Constr. rmsd
    2.99185e+02   -1.53562e+02   -4.95820e+01    0.00000e+00

           Step           Time
         243500      487.00000

   Energies (kJ/mol)
           Bond          Angle    Proper Dih. Per. Imp. Dih.          LJ-14
    7.16723e+03    1.92877e+04    2.57639e+04    1.27471e+03    9.63936e+03
     Coulomb-14        LJ (SR)  Disper. corr.   Coulomb (SR)   Coul. recip.
    1.18867e+05    4.91464e+05   -2.05477e+04   -3.79840e+06    1.06369e+04
 Position Rest.      Potential    Kinetic En.   Total Energy  Conserved En.
    2.55915e+03   -3.13229e+06    5.46771e+05   -2.58551e+06   -2.54675e+06
    Temperature Pres. DC (bar) Pressure (bar)   Constr. rmsd
    2.97657e+02   -1.54356e+02   -1.01848e+02    0.00000e+00

           Step           Time
         244000      488.00000

   Energies (kJ/mol)
           Bond          Angle    Proper Dih. Per. Imp. Dih.          LJ-14
    7.23172e+03    1.97186e+04    2.58544e+04    1.26549e+03    9.63025e+03
     Coulomb-14        LJ (SR)  Disper. corr.   Coulomb (SR)   Coul. recip.
    1.18849e+05    4.94235e+05   -2.05598e+04   -3.79971e+06    1.06810e+04
 Position Rest.      Potential    Kinetic En.   Total Energy  Conserved En.
    2.38670e+03   -3.13042e+06    5.47040e+05   -2.58338e+06   -2.54665e+06
    Temperature Pres. DC (bar) Pressure (bar)   Constr. rmsd
    2.97803e+02   -1.54538e+02    4.19719e+01    0.00000e+00

           Step           Time
         244500      489.00000

   Energies (kJ/mol)
           Bond          Angle    Proper Dih. Per. Imp. Dih.          LJ-14
    7.46642e+03    1.96107e+04    2.57167e+04    1.29928e+03    9.53817e+03
     Coulomb-14        LJ (SR)  Disper. corr.   Coulomb (SR)   Coul. recip.
    1.18953e+05    4.95090e+05   -2.05833e+04   -3.80174e+06    1.07119e+04
 Position Rest.      Potential    Kinetic En.   Total Energy  Conserved En.
    2.46480e+03   -3.13147e+06    5.48398e+05   -2.58308e+06   -2.54659e+06
    Temperature Pres. DC (bar) Pressure (bar)   Constr. rmsd
    2.98543e+02   -1.54891e+02    1.91563e+01    0.00000e+00

           Step           Time
         245000      490.00000

   Energies (kJ/mol)
           Bond          Angle    Proper Dih. Per. Imp. Dih.          LJ-14
    7.05273e+03    1.97690e+04    2.57735e+04    1.17454e+03    9.54753e+03
     Coulomb-14        LJ (SR)  Disper. corr.   Coulomb (SR)   Coul. recip.
    1.18981e+05    4.93368e+05   -2.05287e+04   -3.80106e+06    1.07829e+04
 Position Rest.      Potential    Kinetic En.   Total Energy  Conserved En.
    2.34826e+03   -3.13279e+06    5.48041e+05   -2.58475e+06   -2.54659e+06
    Temperature Pres. DC (bar) Pressure (bar)   Constr. rmsd
    2.98348e+02   -1.54071e+02   -1.62372e+01    0.00000e+00

           Step           Time
         245500      491.00000

   Energies (kJ/mol)
           Bond          Angle    Proper Dih. Per. Imp. Dih.          LJ-14
    7.20909e+03    2.00017e+04    2.58210e+04    1.23248e+03    9.50672e+03
     Coulomb-14        LJ (SR)  Disper. corr.   Coulomb (SR)   Coul. recip.
    1.18975e+05    4.94019e+05   -2.05359e+04   -3.79905e+06    1.07733e+04
 Position Rest.      Potential    Kinetic En.   Total Energy  Conserved En.
    2.49214e+03   -3.12956e+06    5.47374e+05   -2.58218e+06   -2.54643e+06
    Temperature Pres. DC (bar) Pressure (bar)   Constr. rmsd
    2.97985e+02   -1.54180e+02   -2.79877e+01    0.00000e+00

           Step           Time
         246000      492.00000

   Energies (kJ/mol)
           Bond          Angle    Proper Dih. Per. Imp. Dih.          LJ-14
    7.47551e+03    1.96940e+04    2.57809e+04    1.19227e+03    9.51463e+03
     Coulomb-14        LJ (SR)  Disper. corr.   Coulomb (SR)   Coul. recip.
    1.18851e+05    4.93465e+05   -2.05404e+04   -3.79973e+06    1.08061e+04
 Position Rest.      Potential    Kinetic En.   Total Energy  Conserved En.
    2.53421e+03   -3.13096e+06    5.47312e+05   -2.58365e+06   -2.54633e+06
    Temperature Pres. DC (bar) Pressure (bar)   Constr. rmsd
    2.97951e+02   -1.54247e+02   -1.10723e+02    0.00000e+00

           Step           Time
         246500      493.00000

   Energies (kJ/mol)
           Bond          Angle    Proper Dih. Per. Imp. Dih.          LJ-14
    7.03628e+03    1.98311e+04    2.57296e+04    1.09393e+03    9.61420e+03
     Coulomb-14        LJ (SR)  Disper. corr.   Coulomb (SR)   Coul. recip.
    1.18909e+05    4.95501e+05   -2.06121e+04   -3.80592e+06    1.09152e+04
 Position Rest.      Potential    Kinetic En.   Total Energy  Conserved En.
    2.49936e+03   -3.13540e+06    5.47152e+05   -2.58825e+06   -2.54631e+06
    Temperature Pres. DC (bar) Pressure (bar)   Constr. rmsd
    2.97864e+02   -1.55324e+02    5.98024e+01    0.00000e+00

           Step           Time
         247000      494.00000

   Energies (kJ/mol)
           Bond          Angle    Proper Dih. Per. Imp. Dih.          LJ-14
    7.09076e+03    1.98151e+04    2.57821e+04    1.25293e+03    9.55430e+03
     Coulomb-14        LJ (SR)  Disper. corr.   Coulomb (SR)   Coul. recip.
    1.18875e+05    4.96349e+05   -2.05404e+04   -3.80219e+06    1.08524e+04
 Position Rest.      Potential    Kinetic En.   Total Energy  Conserved En.
    2.52612e+03   -3.13063e+06    5.46608e+05   -2.58403e+06   -2.54629e+06
    Temperature Pres. DC (bar) Pressure (bar)   Constr. rmsd
    2.97568e+02   -1.54247e+02    6.48935e+01    0.00000e+00

           Step           Time
         247500      495.00000

   Energies (kJ/mol)
           Bond          Angle    Proper Dih. Per. Imp. Dih.          LJ-14
    7.48549e+03    2.01910e+04    2.57545e+04    1.23112e+03    9.41222e+03
     Coulomb-14        LJ (SR)  Disper. corr.   Coulomb (SR)   Coul. recip.
    1.18673e+05    4.94899e+05   -2.05976e+04   -3.79973e+06    1.07455e+04
 Position Rest.      Potential    Kinetic En.   Total Energy  Conserved En.
    2.44745e+03   -3.12949e+06    5.47896e+05   -2.58159e+06   -2.54621e+06
    Temperature Pres. DC (bar) Pressure (bar)   Constr. rmsd
    2.98269e+02   -1.55106e+02    1.24728e+01    0.00000e+00

           Step           Time
         248000      496.00000

   Energies (kJ/mol)
           Bond          Angle    Proper Dih. Per. Imp. Dih.          LJ-14
    7.18285e+03    1.99345e+04    2.57898e+04    1.24737e+03    9.61838e+03
     Coulomb-14        LJ (SR)  Disper. corr.   Coulomb (SR)   Coul. recip.
    1.18771e+05    4.92223e+05   -2.05057e+04   -3.79692e+06    1.07667e+04
 Position Rest.      Potential    Kinetic En.   Total Energy  Conserved En.
    2.58704e+03   -3.12931e+06    5.46797e+05   -2.58251e+06   -2.54624e+06
    Temperature Pres. DC (bar) Pressure (bar)   Constr. rmsd
    2.97671e+02   -1.53726e+02   -1.06449e+02    0.00000e+00

           Step           Time
         248500      497.00000

   Energies (kJ/mol)
           Bond          Angle    Proper Dih. Per. Imp. Dih.          LJ-14
    7.33989e+03    1.99511e+04    2.58840e+04    1.20985e+03    9.52671e+03
     Coulomb-14        LJ (SR)  Disper. corr.   Coulomb (SR)   Coul. recip.
    1.19193e+05    4.92425e+05   -2.05550e+04   -3.79768e+06    1.07407e+04
 Position Rest.      Potential    Kinetic En.   Total Energy  Conserved En.
    2.52996e+03   -3.12943e+06    5.49705e+05   -2.57973e+06   -2.54623e+06
    Temperature Pres. DC (bar) Pressure (bar)   Constr. rmsd
    2.99254e+02   -1.54466e+02   -2.23445e+01    0.00000e+00

           Step           Time
         249000      498.00000

   Energies (kJ/mol)
           Bond          Angle    Proper Dih. Per. Imp. Dih.          LJ-14
    7.19392e+03    2.00526e+04    2.57636e+04    1.18146e+03    9.42526e+03
     Coulomb-14        LJ (SR)  Disper. corr.   Coulomb (SR)   Coul. recip.
    1.18773e+05    4.92406e+05   -2.05252e+04   -3.79750e+06    1.06391e+04
 Position Rest.      Potential    Kinetic En.   Total Energy  Conserved En.
    2.46050e+03   -3.13013e+06    5.46788e+05   -2.58335e+06   -2.54618e+06
    Temperature Pres. DC (bar) Pressure (bar)   Constr. rmsd
    2.97666e+02   -1.54019e+02   -9.32249e+01    0.00000e+00

           Step           Time
         249500      499.00000

   Energies (kJ/mol)
           Bond          Angle    Proper Dih. Per. Imp. Dih.          LJ-14
    7.21824e+03    2.01503e+04    2.56587e+04    1.21281e+03    9.45853e+03
     Coulomb-14        LJ (SR)  Disper. corr.   Coulomb (SR)   Coul. recip.
    1.18909e+05    4.93266e+05   -2.05601e+04   -3.79856e+06    1.06920e+04
 Position Rest.      Potential    Kinetic En.   Total Energy  Conserved En.
    2.55144e+03   -3.13000e+06    5.48263e+05   -2.58174e+06   -2.54613e+06
    Temperature Pres. DC (bar) Pressure (bar)   Constr. rmsd
    2.98469e+02   -1.54542e+02   -2.86609e+01    0.00000e+00

           Step           Time
         250000      500.00000

   Energies (kJ/mol)
           Bond          Angle    Proper Dih. Per. Imp. Dih.          LJ-14
    7.11978e+03    1.97835e+04    2.57615e+04    1.25982e+03    9.61923e+03
     Coulomb-14        LJ (SR)  Disper. corr.   Coulomb (SR)   Coul. recip.
    1.18875e+05    4.94951e+05   -2.05562e+04   -3.80027e+06    1.07930e+04
 Position Rest.      Potential    Kinetic En.   Total Energy  Conserved En.
    2.50511e+03   -3.13016e+06    5.46645e+05   -2.58352e+06   -2.54611e+06
    Temperature Pres. DC (bar) Pressure (bar)   Constr. rmsd
    2.97588e+02   -1.54484e+02    4.20526e+01    0.00000e+00

           Step           Time
         250500      501.00000

   Energies (kJ/mol)
           Bond          Angle    Proper Dih. Per. Imp. Dih.          LJ-14
    7.02791e+03    1.97403e+04    2.56990e+04    1.26064e+03    9.61900e+03
     Coulomb-14        LJ (SR)  Disper. corr.   Coulomb (SR)   Coul. recip.
    1.19176e+05    4.96496e+05   -2.05417e+04   -3.80083e+06    1.07489e+04
 Position Rest.      Potential    Kinetic En.   Total Energy  Conserved En.
    2.46852e+03   -3.12913e+06    5.46389e+05   -2.58274e+06   -2.54609e+06
    Temperature Pres. DC (bar) Pressure (bar)   Constr. rmsd
    2.97449e+02   -1.54266e+02    5.45031e+01    0.00000e+00

           Step           Time
         251000      502.00000

   Energies (kJ/mol)
           Bond          Angle    Proper Dih. Per. Imp. Dih.          LJ-14
    6.96242e+03    1.98730e+04    2.56798e+04    1.21287e+03    9.51489e+03
     Coulomb-14        LJ (SR)  Disper. corr.   Coulomb (SR)   Coul. recip.
    1.19148e+05    4.94655e+05   -2.05105e+04   -3.80315e+06    1.08664e+04
 Position Rest.      Potential    Kinetic En.   Total Energy  Conserved En.
    2.40288e+03   -3.13335e+06    5.48848e+05   -2.58450e+06   -2.54609e+06
    Temperature Pres. DC (bar) Pressure (bar)   Constr. rmsd
    2.98787e+02   -1.53799e+02    3.85132e+01    0.00000e+00

           Step           Time
         251500      503.00000

   Energies (kJ/mol)
           Bond          Angle    Proper Dih. Per. Imp. Dih.          LJ-14
    7.35256e+03    1.96713e+04    2.55683e+04    1.20125e+03    9.61732e+03
     Coulomb-14        LJ (SR)  Disper. corr.   Coulomb (SR)   Coul. recip.
    1.19046e+05    4.96803e+05   -2.06319e+04   -3.80601e+06    1.07960e+04
 Position Rest.      Potential    Kinetic En.   Total Energy  Conserved En.
    2.49518e+03   -3.13409e+06    5.48274e+05   -2.58582e+06   -2.54596e+06
    Temperature Pres. DC (bar) Pressure (bar)   Constr. rmsd
    2.98475e+02   -1.55622e+02    1.05093e+02    0.00000e+00

           Step           Time
         252000      504.00000

   Energies (kJ/mol)
           Bond          Angle    Proper Dih. Per. Imp. Dih.          LJ-14
    7.45339e+03    2.01432e+04    2.57297e+04    1.22979e+03    9.47441e+03
     Coulomb-14        LJ (SR)  Disper. corr.   Coulomb (SR)   Coul. recip.
    1.19006e+05    4.92626e+05   -2.05392e+04   -3.80004e+06    1.09063e+04
 Position Rest.      Potential    Kinetic En.   Total Energy  Conserved En.
    2.45657e+03   -3.13155e+06    5.48842e+05   -2.58271e+06   -2.54595e+06
    Temperature Pres. DC (bar) Pressure (bar)   Constr. rmsd
    2.98784e+02   -1.54228e+02   -9.15743e+01    0.00000e+00

           Step           Time
         252500      505.00000

   Energies (kJ/mol)
           Bond          Angle    Proper Dih. Per. Imp. Dih.          LJ-14
    7.03207e+03    1.96828e+04    2.60386e+04    1.19864e+03    9.51569e+03
     Coulomb-14        LJ (SR)  Disper. corr.   Coulomb (SR)   Coul. recip.
    1.18862e+05    4.91088e+05   -2.05156e+04   -3.79679e+06    1.07063e+04
 Position Rest.      Potential    Kinetic En.   Total Energy  Conserved En.
    2.50259e+03   -3.13068e+06    5.47257e+05   -2.58342e+06   -2.54597e+06
    Temperature Pres. DC (bar) Pressure (bar)   Constr. rmsd
    2.97921e+02   -1.53875e+02   -1.13712e+02    0.00000e+00

           Step           Time
         253000      506.00000

   Energies (kJ/mol)
           Bond          Angle    Proper Dih. Per. Imp. Dih.          LJ-14
    7.44810e+03    1.97791e+04    2.56129e+04    1.23842e+03    9.62282e+03
     Coulomb-14        LJ (SR)  Disper. corr.   Coulomb (SR)   Coul. recip.
    1.19047e+05    4.95625e+05   -2.05835e+04   -3.80233e+06    1.08098e+04
 Position Rest.      Potential    Kinetic En.   Total Energy  Conserved En.
    2.50213e+03   -3.13123e+06    5.49057e+05   -2.58217e+06   -2.54592e+06
    Temperature Pres. DC (bar) Pressure (bar)   Constr. rmsd
    2.98901e+02   -1.54894e+02    7.82568e+01    0.00000e+00

           Step           Time
         253500      507.00000

   Energies (kJ/mol)
           Bond          Angle    Proper Dih. Per. Imp. Dih.          LJ-14
    7.00895e+03    1.99800e+04    2.58406e+04    1.23492e+03    9.63673e+03
     Coulomb-14        LJ (SR)  Disper. corr.   Coulomb (SR)   Coul. recip.
    1.18805e+05    4.95112e+05   -2.06204e+04   -3.80129e+06    1.07280e+04
 Position Rest.      Potential    Kinetic En.   Total Energy  Conserved En.
    2.47265e+03   -3.13109e+06    5.47750e+05   -2.58334e+06   -2.54592e+06
    Temperature Pres. DC (bar) Pressure (bar)   Constr. rmsd
    2.98190e+02   -1.55450e+02    6.98220e+01    0.00000e+00

           Step           Time
         254000      508.00000

   Energies (kJ/mol)
           Bond          Angle    Proper Dih. Per. Imp. Dih.          LJ-14
    7.18167e+03    1.96501e+04    2.58880e+04    1.19471e+03    9.56123e+03
     Coulomb-14        LJ (SR)  Disper. corr.   Coulomb (SR)   Coul. recip.
    1.18841e+05    4.96273e+05   -2.05751e+04   -3.80492e+06    1.06151e+04
 Position Rest.      Potential    Kinetic En.   Total Energy  Conserved En.
    2.51812e+03   -3.13377e+06    5.46311e+05   -2.58746e+06   -2.54592e+06
    Temperature Pres. DC (bar) Pressure (bar)   Constr. rmsd
    2.97406e+02   -1.54768e+02    2.49899e+01    0.00000e+00

           Step           Time
         254500      509.00000

   Energies (kJ/mol)
           Bond          Angle    Proper Dih. Per. Imp. Dih.          LJ-14
    7.45714e+03    2.00866e+04    2.56444e+04    1.23992e+03    9.60238e+03
     Coulomb-14        LJ (SR)  Disper. corr.   Coulomb (SR)   Coul. recip.
    1.18774e+05    4.93450e+05   -2.05254e+04   -3.79781e+06    1.07949e+04
 Position Rest.      Potential    Kinetic En.   Total Energy  Conserved En.
    2.43773e+03   -3.12885e+06    5.46521e+05   -2.58233e+06   -2.54585e+06
    Temperature Pres. DC (bar) Pressure (bar)   Constr. rmsd
    2.97521e+02   -1.54021e+02    1.04805e+01    0.00000e+00

           Step           Time
         255000      510.00000

   Energies (kJ/mol)
           Bond          Angle    Proper Dih. Per. Imp. Dih.          LJ-14
    7.13009e+03    1.99936e+04    2.57733e+04    1.28244e+03    9.74360e+03
     Coulomb-14        LJ (SR)  Disper. corr.   Coulomb (SR)   Coul. recip.
    1.19099e+05    4.94319e+05   -2.05773e+04   -3.79916e+06    1.07715e+04
 Position Rest.      Potential    Kinetic En.   Total Energy  Conserved En.
    2.44254e+03   -3.12918e+06    5.47158e+05   -2.58203e+06   -2.54585e+06
    Temperature Pres. DC (bar) Pressure (bar)   Constr. rmsd
    2.97867e+02   -1.54801e+02    1.05742e+02    0.00000e+00

           Step           Time
         255500      511.00000

   Energies (kJ/mol)
           Bond          Angle    Proper Dih. Per. Imp. Dih.          LJ-14
    7.10784e+03    1.98985e+04    2.58235e+04    1.20353e+03    9.66781e+03
     Coulomb-14        LJ (SR)  Disper. corr.   Coulomb (SR)   Coul. recip.
    1.18928e+05    4.90294e+05   -2.05470e+04   -3.79558e+06    1.06931e+04
 Position Rest.      Potential    Kinetic En.   Total Energy  Conserved En.
    2.37156e+03   -3.13014e+06    5.47522e+05   -2.58262e+06   -2.54586e+06
    Temperature Pres. DC (bar) Pressure (bar)   Constr. rmsd
    2.98065e+02   -1.54346e+02   -6.34663e+01    0.00000e+00

           Step           Time
         256000      512.00000

   Energies (kJ/mol)
           Bond          Angle    Proper Dih. Per. Imp. Dih.          LJ-14
    7.14893e+03    1.97139e+04    2.58211e+04    1.21204e+03    9.53877e+03
     Coulomb-14        LJ (SR)  Disper. corr.   Coulomb (SR)   Coul. recip.
    1.18695e+05    4.91200e+05   -2.05190e+04   -3.79648e+06    1.07099e+04
 Position Rest.      Potential    Kinetic En.   Total Energy  Conserved En.
    2.43686e+03   -3.13052e+06    5.46941e+05   -2.58358e+06   -2.54584e+06
    Temperature Pres. DC (bar) Pressure (bar)   Constr. rmsd
    2.97749e+02   -1.53926e+02   -6.83376e+01    0.00000e+00

           Step           Time
         256500      513.00000

   Energies (kJ/mol)
           Bond          Angle    Proper Dih. Per. Imp. Dih.          LJ-14
    7.47658e+03    1.96126e+04    2.58115e+04    1.26323e+03    9.45634e+03
     Coulomb-14        LJ (SR)  Disper. corr.   Coulomb (SR)   Coul. recip.
    1.18697e+05    4.90519e+05   -2.05356e+04   -3.79604e+06    1.06830e+04
 Position Rest.      Potential    Kinetic En.   Total Energy  Conserved En.
    2.47601e+03   -3.13058e+06    5.44591e+05   -2.58599e+06   -2.54576e+06
    Temperature Pres. DC (bar) Pressure (bar)   Constr. rmsd
    2.96470e+02   -1.54174e+02   -9.51560e+01    0.00000e+00

           Step           Time
         257000      514.00000

   Energies (kJ/mol)
           Bond          Angle    Proper Dih. Per. Imp. Dih.          LJ-14
    7.45061e+03    2.01323e+04    2.58490e+04    1.20237e+03    9.52975e+03
     Coulomb-14        LJ (SR)  Disper. corr.   Coulomb (SR)   Coul. recip.
    1.19093e+05    4.94135e+05   -2.05559e+04   -3.80008e+06    1.07644e+04
 Position Rest.      Potential    Kinetic En.   Total Energy  Conserved En.
    2.42581e+03   -3.13005e+06    5.46840e+05   -2.58321e+06   -2.54573e+06
    Temperature Pres. DC (bar) Pressure (bar)   Constr. rmsd
    2.97694e+02   -1.54479e+02    1.71741e+01    0.00000e+00

           Step           Time
         257500      515.00000

   Energies (kJ/mol)
           Bond          Angle    Proper Dih. Per. Imp. Dih.          LJ-14
    7.30893e+03    2.00402e+04    2.57970e+04    1.18405e+03    9.49943e+03
     Coulomb-14        LJ (SR)  Disper. corr.   Coulomb (SR)   Coul. recip.
    1.19287e+05    4.98350e+05   -2.06083e+04   -3.80728e+06    1.07721e+04
 Position Rest.      Potential    Kinetic En.   Total Energy  Conserved En.
    2.39232e+03   -3.13326e+06    5.49768e+05   -2.58349e+06   -2.54577e+06
    Temperature Pres. DC (bar) Pressure (bar)   Constr. rmsd
    2.99288e+02   -1.55267e+02    6.76229e+01    0.00000e+00

           Step           Time
         258000      516.00000

   Energies (kJ/mol)
           Bond          Angle    Proper Dih. Per. Imp. Dih.          LJ-14
    7.12644e+03    2.01886e+04    2.57606e+04    1.13378e+03    9.64271e+03
     Coulomb-14        LJ (SR)  Disper. corr.   Coulomb (SR)   Coul. recip.
    1.19156e+05    4.93174e+05   -2.05324e+04   -3.79797e+06    1.06435e+04
 Position Rest.      Potential    Kinetic En.   Total Energy  Conserved En.
    2.50724e+03   -3.12917e+06    5.45551e+05   -2.58362e+06   -2.54571e+06
    Temperature Pres. DC (bar) Pressure (bar)   Constr. rmsd
    2.96993e+02   -1.54127e+02    1.09802e+00    0.00000e+00

           Step           Time
         258500      517.00000

   Energies (kJ/mol)
           Bond          Angle    Proper Dih. Per. Imp. Dih.          LJ-14
    7.40103e+03    2.00247e+04    2.58284e+04    1.24999e+03    9.52594e+03
     Coulomb-14        LJ (SR)  Disper. corr.   Coulomb (SR)   Coul. recip.
    1.19010e+05    4.93900e+05   -2.05595e+04   -3.80160e+06    1.08043e+04
 Position Rest.      Potential    Kinetic En.   Total Energy  Conserved En.
    2.40691e+03   -3.13200e+06    5.47300e+05   -2.58470e+06   -2.54565e+06
    Temperature Pres. DC (bar) Pressure (bar)   Constr. rmsd
    2.97945e+02   -1.54534e+02   -1.09866e+01    0.00000e+00

           Step           Time
         259000      518.00000

   Energies (kJ/mol)
           Bond          Angle    Proper Dih. Per. Imp. Dih.          LJ-14
    7.14734e+03    1.93933e+04    2.57073e+04    1.19923e+03    9.62531e+03
     Coulomb-14        LJ (SR)  Disper. corr.   Coulomb (SR)   Coul. recip.
    1.19357e+05    4.95150e+05   -2.05210e+04   -3.80739e+06    1.07029e+04
 Position Rest.      Potential    Kinetic En.   Total Energy  Conserved En.
    2.36405e+03   -3.13726e+06    5.46143e+05   -2.59112e+06   -2.54573e+06
    Temperature Pres. DC (bar) Pressure (bar)   Constr. rmsd
    2.97315e+02   -1.53956e+02   -3.09664e+01    0.00000e+00

           Step           Time
         259500      519.00000

   Energies (kJ/mol)
           Bond          Angle    Proper Dih. Per. Imp. Dih.          LJ-14
    7.20081e+03    1.98269e+04    2.56639e+04    1.26337e+03    9.46342e+03
     Coulomb-14        LJ (SR)  Disper. corr.   Coulomb (SR)   Coul. recip.
    1.19408e+05    4.94498e+05   -2.06086e+04   -3.80063e+06    1.07039e+04
 Position Rest.      Potential    Kinetic En.   Total Energy  Conserved En.
    2.45551e+03   -3.13075e+06    5.47135e+05   -2.58362e+06   -2.54563e+06
    Temperature Pres. DC (bar) Pressure (bar)   Constr. rmsd
    2.97855e+02   -1.55271e+02    1.05092e+01    0.00000e+00

           Step           Time
         260000      520.00000

   Energies (kJ/mol)
           Bond          Angle    Proper Dih. Per. Imp. Dih.          LJ-14
    7.33934e+03    1.97930e+04    2.57482e+04    1.13197e+03    9.51429e+03
     Coulomb-14        LJ (SR)  Disper. corr.   Coulomb (SR)   Coul. recip.
    1.18951e+05    4.94109e+05   -2.05629e+04   -3.80191e+06    1.07981e+04
 Position Rest.      Potential    Kinetic En.   Total Energy  Conserved En.
    2.39688e+03   -3.13269e+06    5.46844e+05   -2.58585e+06   -2.54564e+06
    Temperature Pres. DC (bar) Pressure (bar)   Constr. rmsd
    2.97696e+02   -1.54584e+02   -6.20293e+01    0.00000e+00

           Step           Time
         260500      521.00000

   Energies (kJ/mol)
           Bond          Angle    Proper Dih. Per. Imp. Dih.          LJ-14
    7.22078e+03    1.97766e+04    2.58082e+04    1.21764e+03    9.68379e+03
     Coulomb-14        LJ (SR)  Disper. corr.   Coulomb (SR)   Coul. recip.
    1.19321e+05    4.90587e+05   -2.05375e+04   -3.79451e+06    1.08025e+04
 Position Rest.      Potential    Kinetic En.   Total Energy  Conserved En.
    2.40279e+03   -3.12822e+06    5.49850e+05   -2.57837e+06   -2.54567e+06
    Temperature Pres. DC (bar) Pressure (bar)   Constr. rmsd
    2.99333e+02   -1.54202e+02    1.65934e+01    0.00000e+00

           Step           Time
         261000      522.00000

   Energies (kJ/mol)
           Bond          Angle    Proper Dih. Per. Imp. Dih.          LJ-14
    7.14708e+03    2.00880e+04    2.57708e+04    1.24817e+03    9.55616e+03
     Coulomb-14        LJ (SR)  Disper. corr.   Coulomb (SR)   Coul. recip.
    1.18609e+05    4.93578e+05   -2.05564e+04   -3.79979e+06    1.08171e+04
 Position Rest.      Potential    Kinetic En.   Total Energy  Conserved En.
    2.44821e+03   -3.13109e+06    5.47663e+05   -2.58342e+06   -2.54558e+06
    Temperature Pres. DC (bar) Pressure (bar)   Constr. rmsd
    2.98142e+02   -1.54487e+02   -3.94189e+01    0.00000e+00

           Step           Time
         261500      523.00000

   Energies (kJ/mol)
           Bond          Angle    Proper Dih. Per. Imp. Dih.          LJ-14
    7.21951e+03    1.98706e+04    2.58521e+04    1.24840e+03    9.47875e+03
     Coulomb-14        LJ (SR)  Disper. corr.   Coulomb (SR)   Coul. recip.
    1.18670e+05    4.93711e+05   -2.05705e+04   -3.80125e+06    1.06799e+04
 Position Rest.      Potential    Kinetic En.   Total Energy  Conserved En.
    2.37468e+03   -3.13271e+06    5.47725e+05   -2.58499e+06   -2.54560e+06
    Temperature Pres. DC (bar) Pressure (bar)   Constr. rmsd
    2.98176e+02   -1.54699e+02   -3.17628e+00    0.00000e+00

           Step           Time
         262000      524.00000

   Energies (kJ/mol)
           Bond          Angle    Proper Dih. Per. Imp. Dih.          LJ-14
    7.18154e+03    1.97956e+04    2.57045e+04    1.18167e+03    9.56975e+03
     Coulomb-14        LJ (SR)  Disper. corr.   Coulomb (SR)   Coul. recip.
    1.19007e+05    4.91624e+05   -2.05685e+04   -3.79934e+06    1.07417e+04
 Position Rest.      Potential    Kinetic En.   Total Energy  Conserved En.
    2.42775e+03   -3.13268e+06    5.47060e+05   -2.58562e+06   -2.54559e+06
    Temperature Pres. DC (bar) Pressure (bar)   Constr. rmsd
    2.97814e+02   -1.54669e+02   -1.01116e+02    0.00000e+00

           Step           Time
         262500      525.00000

   Energies (kJ/mol)
           Bond          Angle    Proper Dih. Per. Imp. Dih.          LJ-14
    7.04464e+03    1.98766e+04    2.59019e+04    1.18884e+03    9.64939e+03
     Coulomb-14        LJ (SR)  Disper. corr.   Coulomb (SR)   Coul. recip.
    1.18889e+05    4.93655e+05   -2.05685e+04   -3.80359e+06    1.07217e+04
 Position Rest.      Potential    Kinetic En.   Total Energy  Conserved En.
    2.41991e+03   -3.13481e+06    5.47812e+05   -2.58700e+06   -2.54555e+06
    Temperature Pres. DC (bar) Pressure (bar)   Constr. rmsd
    2.98224e+02   -1.54669e+02    8.83499e+00    0.00000e+00

           Step           Time
         263000      526.00000

   Energies (kJ/mol)
           Bond          Angle    Proper Dih. Per. Imp. Dih.          LJ-14
    7.11259e+03    1.98648e+04    2.57714e+04    1.18282e+03    9.58552e+03
     Coulomb-14        LJ (SR)  Disper. corr.   Coulomb (SR)   Coul. recip.
    1.18898e+05    4.94604e+05   -2.05862e+04   -3.80104e+06    1.08083e+04
 Position Rest.      Potential    Kinetic En.   Total Energy  Conserved En.
    2.37665e+03   -3.13142e+06    5.43757e+05   -2.58766e+06   -2.54545e+06
    Temperature Pres. DC (bar) Pressure (bar)   Constr. rmsd
    2.96016e+02   -1.54935e+02   -1.13101e+01    0.00000e+00

           Step           Time
         263500      527.00000

   Energies (kJ/mol)
           Bond          Angle    Proper Dih. Per. Imp. Dih.          LJ-14
    7.28274e+03    1.99340e+04    2.57171e+04    1.26939e+03    9.62155e+03
     Coulomb-14        LJ (SR)  Disper. corr.   Coulomb (SR)   Coul. recip.
    1.18733e+05    4.94041e+05   -2.05599e+04   -3.80227e+06    1.06936e+04
 Position Rest.      Potential    Kinetic En.   Total Energy  Conserved En.
    2.40942e+03   -3.13313e+06    5.48309e+05   -2.58482e+06   -2.54545e+06
    Temperature Pres. DC (bar) Pressure (bar)   Constr. rmsd
    2.98494e+02   -1.54539e+02   -6.48370e+01    0.00000e+00

           Step           Time
         264000      528.00000

   Energies (kJ/mol)
           Bond          Angle    Proper Dih. Per. Imp. Dih.          LJ-14
    7.24460e+03    2.00632e+04    2.57934e+04    1.13547e+03    9.57657e+03
     Coulomb-14        LJ (SR)  Disper. corr.   Coulomb (SR)   Coul. recip.
    1.19038e+05    4.93638e+05   -2.05806e+04   -3.80080e+06    1.07961e+04
 Position Rest.      Potential    Kinetic En.   Total Energy  Conserved En.
    2.44512e+03   -3.13165e+06    5.48661e+05   -2.58299e+06   -2.54541e+06
    Temperature Pres. DC (bar) Pressure (bar)   Constr. rmsd
    2.98685e+02   -1.54850e+02    4.95972e+01    0.00000e+00

           Step           Time
         264500      529.00000

   Energies (kJ/mol)
           Bond          Angle    Proper Dih. Per. Imp. Dih.          LJ-14
    7.25065e+03    1.97218e+04    2.59569e+04    1.27329e+03    9.60750e+03
     Coulomb-14        LJ (SR)  Disper. corr.   Coulomb (SR)   Coul. recip.
    1.19075e+05    4.94015e+05   -2.05810e+04   -3.79812e+06    1.06171e+04
 Position Rest.      Potential    Kinetic En.   Total Energy  Conserved En.
    2.39556e+03   -3.12879e+06    5.48641e+05   -2.58014e+06   -2.54539e+06
    Temperature Pres. DC (bar) Pressure (bar)   Constr. rmsd
    2.98674e+02   -1.54856e+02    1.67745e+01    0.00000e+00

           Step           Time
         265000      530.00000

   Energies (kJ/mol)
           Bond          Angle    Proper Dih. Per. Imp. Dih.          LJ-14
    7.14946e+03    2.00708e+04    2.56550e+04    1.19542e+03    9.66321e+03
     Coulomb-14        LJ (SR)  Disper. corr.   Coulomb (SR)   Coul. recip.
    1.19138e+05    4.92280e+05   -2.04792e+04   -3.79823e+06    1.08696e+04
 Position Rest.      Potential    Kinetic En.   Total Energy  Conserved En.
    2.37058e+03   -3.13032e+06    5.47537e+05   -2.58278e+06   -2.54537e+06
    Temperature Pres. DC (bar) Pressure (bar)   Constr. rmsd
    2.98074e+02   -1.53330e+02   -3.92306e+01    0.00000e+00

           Step           Time
         265500      531.00000

   Energies (kJ/mol)
           Bond          Angle    Proper Dih. Per. Imp. Dih.          LJ-14
    7.32017e+03    1.96625e+04    2.58865e+04    1.17359e+03    9.45730e+03
     Coulomb-14        LJ (SR)  Disper. corr.   Coulomb (SR)   Coul. recip.
    1.18993e+05    4.95237e+05   -2.05811e+04   -3.80173e+06    1.07068e+04
 Position Rest.      Potential    Kinetic En.   Total Energy  Conserved En.
    2.49056e+03   -3.13138e+06    5.50545e+05   -2.58084e+06   -2.54535e+06
    Temperature Pres. DC (bar) Pressure (bar)   Constr. rmsd
    2.99711e+02   -1.54858e+02    1.22352e+01    0.00000e+00

           Step           Time
         266000      532.00000

   Energies (kJ/mol)
           Bond          Angle    Proper Dih. Per. Imp. Dih.          LJ-14
    7.24741e+03    1.96308e+04    2.56599e+04    1.18316e+03    9.61978e+03
     Coulomb-14        LJ (SR)  Disper. corr.   Coulomb (SR)   Coul. recip.
    1.18853e+05    4.93738e+05   -2.05617e+04   -3.79719e+06    1.08552e+04
 Position Rest.      Potential    Kinetic En.   Total Energy  Conserved En.
    2.53810e+03   -3.12842e+06    5.46725e+05   -2.58170e+06   -2.54531e+06
    Temperature Pres. DC (bar) Pressure (bar)   Constr. rmsd
    2.97632e+02   -1.54567e+02    4.18121e+01    0.00000e+00

           Step           Time
         266500      533.00000

   Energies (kJ/mol)
           Bond          Angle    Proper Dih. Per. Imp. Dih.          LJ-14
    7.27486e+03    1.99085e+04    2.58832e+04    1.19466e+03    9.54129e+03
     Coulomb-14        LJ (SR)  Disper. corr.   Coulomb (SR)   Coul. recip.
    1.18794e+05    4.92723e+05   -2.05083e+04   -3.79702e+06    1.06778e+04
 Position Rest.      Potential    Kinetic En.   Total Energy  Conserved En.
    2.35082e+03   -3.12918e+06    5.49558e+05   -2.57962e+06   -2.54529e+06
    Temperature Pres. DC (bar) Pressure (bar)   Constr. rmsd
    2.99174e+02   -1.53766e+02   -6.21599e+01    0.00000e+00

           Step           Time
         267000      534.00000

   Energies (kJ/mol)
           Bond          Angle    Proper Dih. Per. Imp. Dih.          LJ-14
    6.97938e+03    2.01625e+04    2.55336e+04    1.15975e+03    9.47161e+03
     Coulomb-14        LJ (SR)  Disper. corr.   Coulomb (SR)   Coul. recip.
    1.18926e+05    4.96055e+05   -2.05776e+04   -3.80696e+06    1.07402e+04
 Position Rest.      Potential    Kinetic En.   Total Energy  Conserved En.
    2.39063e+03   -3.13612e+06    5.45879e+05   -2.59024e+06   -2.54524e+06
    Temperature Pres. DC (bar) Pressure (bar)   Constr. rmsd
    2.97171e+02   -1.54805e+02    1.70743e+01    0.00000e+00

           Step           Time
         267500      535.00000

   Energies (kJ/mol)
           Bond          Angle    Proper Dih. Per. Imp. Dih.          LJ-14
    7.11724e+03    1.99293e+04    2.57267e+04    1.11357e+03    9.51798e+03
     Coulomb-14        LJ (SR)  Disper. corr.   Coulomb (SR)   Coul. recip.
    1.18936e+05    4.96065e+05   -2.05701e+04   -3.80389e+06    1.07727e+04
 Position Rest.      Potential    Kinetic En.   Total Energy  Conserved En.
    2.48385e+03   -3.13279e+06    5.48599e+05   -2.58420e+06   -2.54526e+06
    Temperature Pres. DC (bar) Pressure (bar)   Constr. rmsd
    2.98652e+02   -1.54693e+02    5.32941e+01    0.00000e+00

           Step           Time
         268000      536.00000

   Energies (kJ/mol)
           Bond          Angle    Proper Dih. Per. Imp. Dih.          LJ-14
    7.11836e+03    1.98476e+04    2.58130e+04    1.17336e+03    9.71769e+03
     Coulomb-14        LJ (SR)  Disper. corr.   Coulomb (SR)   Coul. recip.
    1.19434e+05    4.94509e+05   -2.05838e+04   -3.80249e+06    1.07011e+04
 Position Rest.      Potential    Kinetic En.   Total Energy  Conserved En.
    2.43500e+03   -3.13232e+06    5.47829e+05   -2.58450e+06   -2.54525e+06
    Temperature Pres. DC (bar) Pressure (bar)   Constr. rmsd
    2.98233e+02   -1.54899e+02    5.25240e+01    0.00000e+00

           Step           Time
         268500      537.00000

   Energies (kJ/mol)
           Bond          Angle    Proper Dih. Per. Imp. Dih.          LJ-14
    7.19711e+03    1.97380e+04    2.58401e+04    1.21106e+03    9.55352e+03
     Coulomb-14        LJ (SR)  Disper. corr.   Coulomb (SR)   Coul. recip.
    1.19107e+05    4.94856e+05   -2.05365e+04   -3.80008e+06    1.07655e+04
 Position Rest.      Potential    Kinetic En.   Total Energy  Conserved En.
    2.32416e+03   -3.13003e+06    5.46952e+05   -2.58308e+06   -2.54515e+06
    Temperature Pres. DC (bar) Pressure (bar)   Constr. rmsd
    2.97755e+02   -1.54188e+02    5.92669e+01    0.00000e+00

           Step           Time
         269000      538.00000

   Energies (kJ/mol)
           Bond          Angle    Proper Dih. Per. Imp. Dih.          LJ-14
    7.12441e+03    1.98878e+04    2.59639e+04    1.19248e+03    9.58104e+03
     Coulomb-14        LJ (SR)  Disper. corr.   Coulomb (SR)   Coul. recip.
    1.18813e+05    4.93608e+05   -2.05785e+04   -3.80122e+06    1.08456e+04
 Position Rest.      Potential    Kinetic En.   Total Energy  Conserved En.
    2.47254e+03   -3.13231e+06    5.46091e+05   -2.58622e+06   -2.54518e+06
    Temperature Pres. DC (bar) Pressure (bar)   Constr. rmsd
    2.97287e+02   -1.54819e+02   -2.25307e+01    0.00000e+00

           Step           Time
         269500      539.00000

   Energies (kJ/mol)
           Bond          Angle    Proper Dih. Per. Imp. Dih.          LJ-14
    7.36621e+03    1.96761e+04    2.57326e+04    1.25025e+03    9.62505e+03
     Coulomb-14        LJ (SR)  Disper. corr.   Coulomb (SR)   Coul. recip.
    1.18825e+05    4.93506e+05   -2.05159e+04   -3.79935e+06    1.07010e+04
 Position Rest.      Potential    Kinetic En.   Total Energy  Conserved En.
    2.50898e+03   -3.13067e+06    5.47011e+05   -2.58366e+06   -2.54508e+06
    Temperature Pres. DC (bar) Pressure (bar)   Constr. rmsd
    2.97788e+02   -1.53879e+02    2.78072e+01    0.00000e+00

           Step           Time
         270000      540.00000

   Energies (kJ/mol)
           Bond          Angle    Proper Dih. Per. Imp. Dih.          LJ-14
    7.22515e+03    1.97829e+04    2.57878e+04    1.20546e+03    9.51341e+03
     Coulomb-14        LJ (SR)  Disper. corr.   Coulomb (SR)   Coul. recip.
    1.18936e+05    4.98369e+05   -2.05822e+04   -3.80695e+06    1.06222e+04
 Position Rest.      Potential    Kinetic En.   Total Energy  Conserved En.
    2.47311e+03   -3.13362e+06    5.47439e+05   -2.58618e+06   -2.54507e+06
    Temperature Pres. DC (bar) Pressure (bar)   Constr. rmsd
    2.98020e+02   -1.54874e+02    6.43395e+01    0.00000e+00

           Step           Time
         270500      541.00000

   Energies (kJ/mol)
           Bond          Angle    Proper Dih. Per. Imp. Dih.          LJ-14
    6.93094e+03    1.98317e+04    2.58583e+04    1.13417e+03    9.64340e+03
     Coulomb-14        LJ (SR)  Disper. corr.   Coulomb (SR)   Coul. recip.
    1.19317e+05    4.93830e+05   -2.05354e+04   -3.80123e+06    1.08065e+04
 Position Rest.      Potential    Kinetic En.   Total Energy  Conserved En.
    2.40214e+03   -3.13201e+06    5.46900e+05   -2.58511e+06   -2.54512e+06
    Temperature Pres. DC (bar) Pressure (bar)   Constr. rmsd
    2.97727e+02   -1.54172e+02    2.08778e+01    0.00000e+00

           Step           Time
         271000      542.00000

   Energies (kJ/mol)
           Bond          Angle    Proper Dih. Per. Imp. Dih.          LJ-14
    7.32345e+03    1.96911e+04    2.59282e+04    1.20534e+03    9.60114e+03
     Coulomb-14        LJ (SR)  Disper. corr.   Coulomb (SR)   Coul. recip.
    1.19095e+05    4.93167e+05   -2.06087e+04   -3.79970e+06    1.06004e+04
 Position Rest.      Potential    Kinetic En.   Total Energy  Conserved En.
    2.42756e+03   -3.13127e+06    5.47024e+05   -2.58424e+06   -2.54507e+06
    Temperature Pres. DC (bar) Pressure (bar)   Constr. rmsd
    2.97794e+02   -1.55274e+02   -1.77956e+01    0.00000e+00

           Step           Time
         271500      543.00000

   Energies (kJ/mol)
           Bond          Angle    Proper Dih. Per. Imp. Dih.          LJ-14
    7.01328e+03    1.97878e+04    2.58821e+04    1.23345e+03    9.44749e+03
     Coulomb-14        LJ (SR)  Disper. corr.   Coulomb (SR)   Coul. recip.
    1.18883e+05    4.87267e+05   -2.05366e+04   -3.79370e+06    1.06907e+04
 Position Rest.      Potential    Kinetic En.   Total Energy  Conserved En.
    2.49108e+03   -3.13154e+06    5.45053e+05   -2.58648e+06   -2.54501e+06
    Temperature Pres. DC (bar) Pressure (bar)   Constr. rmsd
    2.96721e+02   -1.54189e+02   -1.86661e+02    0.00000e+00

           Step           Time
         272000      544.00000

   Energies (kJ/mol)
           Bond          Angle    Proper Dih. Per. Imp. Dih.          LJ-14
    7.04049e+03    1.98517e+04    2.57972e+04    1.27035e+03    9.48946e+03
     Coulomb-14        LJ (SR)  Disper. corr.   Coulomb (SR)   Coul. recip.
    1.19041e+05    4.93856e+05   -2.06253e+04   -3.80176e+06    1.08009e+04
 Position Rest.      Potential    Kinetic En.   Total Energy  Conserved En.
    2.35704e+03   -3.13288e+06    5.46912e+05   -2.58596e+06   -2.54493e+06
    Temperature Pres. DC (bar) Pressure (bar)   Constr. rmsd
    2.97733e+02   -1.55524e+02   -7.72028e+00    0.00000e+00

           Step           Time
         272500      545.00000

   Energies (kJ/mol)
           Bond          Angle    Proper Dih. Per. Imp. Dih.          LJ-14
    6.91618e+03    1.99851e+04    2.60181e+04    1.21601e+03    9.49040e+03
     Coulomb-14        LJ (SR)  Disper. corr.   Coulomb (SR)   Coul. recip.
    1.18848e+05    4.89206e+05   -2.05360e+04   -3.79338e+06    1.07672e+04
 Position Rest.      Potential    Kinetic En.   Total Energy  Conserved En.
    2.50913e+03   -3.12896e+06    5.44311e+05   -2.58464e+06   -2.54484e+06
    Temperature Pres. DC (bar) Pressure (bar)   Constr. rmsd
    2.96317e+02   -1.54180e+02   -6.97357e+01    0.00000e+00

           Step           Time
         273000      546.00000

   Energies (kJ/mol)
           Bond          Angle    Proper Dih. Per. Imp. Dih.          LJ-14
    7.18893e+03    1.99043e+04    2.57141e+04    1.32533e+03    9.65549e+03
     Coulomb-14        LJ (SR)  Disper. corr.   Coulomb (SR)   Coul. recip.
    1.18742e+05    4.94364e+05   -2.05574e+04   -3.79762e+06    1.09954e+04
 Position Rest.      Potential    Kinetic En.   Total Energy  Conserved En.
    2.42085e+03   -3.12787e+06    5.48223e+05   -2.57965e+06   -2.54486e+06
    Temperature Pres. DC (bar) Pressure (bar)   Constr. rmsd
    2.98447e+02   -1.54502e+02    5.68655e+01    0.00000e+00

           Step           Time
         273500      547.00000

   Energies (kJ/mol)
           Bond          Angle    Proper Dih. Per. Imp. Dih.          LJ-14
    7.19513e+03    2.00111e+04    2.57990e+04    1.13846e+03    9.56951e+03
     Coulomb-14        LJ (SR)  Disper. corr.   Coulomb (SR)   Coul. recip.
    1.18983e+05    4.94686e+05   -2.06243e+04   -3.80199e+06    1.06906e+04
 Position Rest.      Potential    Kinetic En.   Total Energy  Conserved En.
    2.44001e+03   -3.13210e+06    5.48912e+05   -2.58319e+06   -2.54478e+06
    Temperature Pres. DC (bar) Pressure (bar)   Constr. rmsd
    2.98823e+02   -1.55508e+02    9.12015e+01    0.00000e+00

           Step           Time
         274000      548.00000

   Energies (kJ/mol)
           Bond          Angle    Proper Dih. Per. Imp. Dih.          LJ-14
    6.91818e+03    2.01452e+04    2.57524e+04    1.24276e+03    9.71650e+03
     Coulomb-14        LJ (SR)  Disper. corr.   Coulomb (SR)   Coul. recip.
    1.18966e+05    4.91369e+05   -2.05045e+04   -3.79666e+06    1.08501e+04
 Position Rest.      Potential    Kinetic En.   Total Energy  Conserved En.
    2.48037e+03   -3.12973e+06    5.48771e+05   -2.58096e+06   -2.54475e+06
    Temperature Pres. DC (bar) Pressure (bar)   Constr. rmsd
    2.98745e+02   -1.53708e+02   -9.23199e+01    0.00000e+00

           Step           Time
         274500      549.00000

   Energies (kJ/mol)
           Bond          Angle    Proper Dih. Per. Imp. Dih.          LJ-14
    6.98952e+03    1.97586e+04    2.59804e+04    1.26266e+03    9.54091e+03
     Coulomb-14        LJ (SR)  Disper. corr.   Coulomb (SR)   Coul. recip.
    1.18763e+05    4.95358e+05   -2.05903e+04   -3.80429e+06    1.06060e+04
 Position Rest.      Potential    Kinetic En.   Total Energy  Conserved En.
    2.38486e+03   -3.13424e+06    5.47540e+05   -2.58670e+06   -2.54473e+06
    Temperature Pres. DC (bar) Pressure (bar)   Constr. rmsd
    2.98075e+02   -1.54997e+02    2.28331e+01    0.00000e+00

           Step           Time
         275000      550.00000

   Energies (kJ/mol)
           Bond          Angle    Proper Dih. Per. Imp. Dih.          LJ-14
    7.27737e+03    2.01261e+04    2.57406e+04    1.24597e+03    9.61931e+03
     Coulomb-14        LJ (SR)  Disper. corr.   Coulomb (SR)   Coul. recip.
    1.18899e+05    4.91604e+05   -2.06046e+04   -3.79701e+06    1.08467e+04
 Position Rest.      Potential    Kinetic En.   Total Energy  Conserved En.
    2.56742e+03   -3.12969e+06    5.45140e+05   -2.58455e+06   -2.54465e+06
    Temperature Pres. DC (bar) Pressure (bar)   Constr. rmsd
    2.96769e+02   -1.55212e+02   -1.25186e+01    0.00000e+00

           Step           Time
         275500      551.00000

   Energies (kJ/mol)
           Bond          Angle    Proper Dih. Per. Imp. Dih.          LJ-14
    7.46353e+03    2.00525e+04    2.58697e+04    1.24385e+03    9.40632e+03
     Coulomb-14        LJ (SR)  Disper. corr.   Coulomb (SR)   Coul. recip.
    1.18919e+05    4.91206e+05   -2.05018e+04   -3.79350e+06    1.07573e+04
 Position Rest.      Potential    Kinetic En.   Total Energy  Conserved En.
    2.50252e+03   -3.12658e+06    5.48204e+05   -2.57838e+06   -2.54467e+06
    Temperature Pres. DC (bar) Pressure (bar)   Constr. rmsd
    2.98437e+02   -1.53667e+02   -1.03667e+02    0.00000e+00

           Step           Time
         276000      552.00000

   Energies (kJ/mol)
           Bond          Angle    Proper Dih. Per. Imp. Dih.          LJ-14
    7.13933e+03    1.99715e+04    2.57415e+04    1.17983e+03    9.75274e+03
     Coulomb-14        LJ (SR)  Disper. corr.   Coulomb (SR)   Coul. recip.
    1.19246e+05    4.95193e+05   -2.05872e+04   -3.80119e+06    1.07339e+04
 Position Rest.      Potential    Kinetic En.   Total Energy  Conserved En.
    2.53969e+03   -3.13028e+06    5.47836e+05   -2.58244e+06   -2.54464e+06
    Temperature Pres. DC (bar) Pressure (bar)   Constr. rmsd
    2.98236e+02   -1.54950e+02    9.28081e+01    0.00000e+00

           Step           Time
         276500      553.00000

   Energies (kJ/mol)
           Bond          Angle    Proper Dih. Per. Imp. Dih.          LJ-14
    7.44392e+03    2.01926e+04    2.58801e+04    1.23479e+03    9.62823e+03
     Coulomb-14        LJ (SR)  Disper. corr.   Coulomb (SR)   Coul. recip.
    1.18971e+05    4.92815e+05   -2.05214e+04   -3.79645e+06    1.08928e+04
 Position Rest.      Potential    Kinetic En.   Total Energy  Conserved En.
    2.46289e+03   -3.12745e+06    5.50477e+05   -2.57697e+06   -2.54461e+06
    Temperature Pres. DC (bar) Pressure (bar)   Constr. rmsd
    2.99674e+02   -1.53962e+02    1.46809e+01    0.00000e+00

           Step           Time
         277000      554.00000

   Energies (kJ/mol)
           Bond          Angle    Proper Dih. Per. Imp. Dih.          LJ-14
    7.17462e+03    2.00501e+04    2.58216e+04    1.28569e+03    9.69509e+03
     Coulomb-14        LJ (SR)  Disper. corr.   Coulomb (SR)   Coul. recip.
    1.18731e+05    4.95725e+05   -2.05463e+04   -3.79978e+06    1.08139e+04
 Position Rest.      Potential    Kinetic En.   Total Energy  Conserved En.
    2.42085e+03   -3.12861e+06    5.47536e+05   -2.58107e+06   -2.54457e+06
    Temperature Pres. DC (bar) Pressure (bar)   Constr. rmsd
    2.98073e+02   -1.54336e+02    5.67646e+01    0.00000e+00

           Step           Time
         277500      555.00000

   Energies (kJ/mol)
           Bond          Angle    Proper Dih. Per. Imp. Dih.          LJ-14
    7.25674e+03    1.95960e+04    2.58280e+04    1.13968e+03    9.49022e+03
     Coulomb-14        LJ (SR)  Disper. corr.   Coulomb (SR)   Coul. recip.
    1.18663e+05    4.93683e+05   -2.05329e+04   -3.80032e+06    1.09268e+04
 Position Rest.      Potential    Kinetic En.   Total Energy  Conserved En.
    2.46183e+03   -3.13181e+06    5.45997e+05   -2.58581e+06   -2.54456e+06
    Temperature Pres. DC (bar) Pressure (bar)   Constr. rmsd
    2.97235e+02   -1.54134e+02   -8.20464e+01    0.00000e+00

           Step           Time
         278000      556.00000

   Energies (kJ/mol)
           Bond          Angle    Proper Dih. Per. Imp. Dih.          LJ-14
    7.19128e+03    1.98272e+04    2.56872e+04    1.19723e+03    9.66030e+03
     Coulomb-14        LJ (SR)  Disper. corr.   Coulomb (SR)   Coul. recip.
    1.18923e+05    4.93656e+05   -2.05304e+04   -3.79910e+06    1.07513e+04
 Position Rest.      Potential    Kinetic En.   Total Energy  Conserved En.
    2.48384e+03   -3.13025e+06    5.47705e+05   -2.58255e+06   -2.54453e+06
    Temperature Pres. DC (bar) Pressure (bar)   Constr. rmsd
    2.98165e+02   -1.54096e+02   -1.65645e+01    0.00000e+00

           Step           Time
         278500      557.00000

   Energies (kJ/mol)
           Bond          Angle    Proper Dih. Per. Imp. Dih.          LJ-14
    7.25635e+03    1.95362e+04    2.57311e+04    1.24713e+03    9.66522e+03
     Coulomb-14        LJ (SR)  Disper. corr.   Coulomb (SR)   Coul. recip.
    1.18724e+05    4.95392e+05   -2.05662e+04   -3.80037e+06    1.07256e+04
 Position Rest.      Potential    Kinetic En.   Total Energy  Conserved En.
    2.45357e+03   -3.13021e+06    5.45862e+05   -2.58434e+06   -2.54445e+06
    Temperature Pres. DC (bar) Pressure (bar)   Constr. rmsd
    2.97162e+02   -1.54634e+02    3.69887e+01    0.00000e+00

           Step           Time
         279000      558.00000

   Energies (kJ/mol)
           Bond          Angle    Proper Dih. Per. Imp. Dih.          LJ-14
    7.00222e+03    1.98938e+04    2.55822e+04    1.21188e+03    9.66155e+03
     Coulomb-14        LJ (SR)  Disper. corr.   Coulomb (SR)   Coul. recip.
    1.18698e+05    4.93702e+05   -2.05632e+04   -3.79991e+06    1.06318e+04
 Position Rest.      Potential    Kinetic En.   Total Energy  Conserved En.
    2.49775e+03   -3.13160e+06    5.46900e+05   -2.58470e+06   -2.54443e+06
    Temperature Pres. DC (bar) Pressure (bar)   Constr. rmsd
    2.97727e+02   -1.54588e+02    6.44042e+01    0.00000e+00

           Step           Time
         279500      559.00000

   Energies (kJ/mol)
           Bond          Angle    Proper Dih. Per. Imp. Dih.          LJ-14
    7.21702e+03    1.99237e+04    2.55911e+04    1.22808e+03    9.51636e+03
     Coulomb-14        LJ (SR)  Disper. corr.   Coulomb (SR)   Coul. recip.
    1.18815e+05    4.93334e+05   -2.05293e+04   -3.79766e+06    1.07419e+04
 Position Rest.      Potential    Kinetic En.   Total Energy  Conserved En.
    2.42549e+03   -3.12940e+06    5.48017e+05   -2.58138e+06   -2.54447e+06
    Temperature Pres. DC (bar) Pressure (bar)   Constr. rmsd
    2.98335e+02   -1.54080e+02   -5.07353e+01    0.00000e+00

           Step           Time
         280000      560.00000

   Energies (kJ/mol)
           Bond          Angle    Proper Dih. Per. Imp. Dih.          LJ-14
    7.03154e+03    2.02647e+04    2.57672e+04    1.25701e+03    9.54741e+03
     Coulomb-14        LJ (SR)  Disper. corr.   Coulomb (SR)   Coul. recip.
    1.18728e+05    4.95062e+05   -2.05573e+04   -3.80200e+06    1.07862e+04
 Position Rest.      Potential    Kinetic En.   Total Energy  Conserved En.
    2.50666e+03   -3.13160e+06    5.45872e+05   -2.58573e+06   -2.54437e+06
    Temperature Pres. DC (bar) Pressure (bar)   Constr. rmsd
    2.97167e+02   -1.54500e+02    3.43527e+01    0.00000e+00

           Step           Time
         280500      561.00000

   Energies (kJ/mol)
           Bond          Angle    Proper Dih. Per. Imp. Dih.          LJ-14
    7.29944e+03    1.97609e+04    2.56045e+04    1.14831e+03    9.70400e+03
     Coulomb-14        LJ (SR)  Disper. corr.   Coulomb (SR)   Coul. recip.
    1.18987e+05    4.94597e+05   -2.05567e+04   -3.80122e+06    1.08302e+04
 Position Rest.      Potential    Kinetic En.   Total Energy  Conserved En.
    2.44928e+03   -3.13140e+06    5.47826e+05   -2.58357e+06   -2.54438e+06
    Temperature Pres. DC (bar) Pressure (bar)   Constr. rmsd
    2.98231e+02   -1.54492e+02    3.19459e+01    0.00000e+00

           Step           Time
         281000      562.00000

   Energies (kJ/mol)
           Bond          Angle    Proper Dih. Per. Imp. Dih.          LJ-14
    7.08672e+03    1.99160e+04    2.56642e+04    1.28630e+03    9.51507e+03
     Coulomb-14        LJ (SR)  Disper. corr.   Coulomb (SR)   Coul. recip.
    1.18611e+05    4.92550e+05   -2.05584e+04   -3.79720e+06    1.07074e+04
 Position Rest.      Potential    Kinetic En.   Total Energy  Conserved En.
    2.40618e+03   -3.13002e+06    5.44847e+05   -2.58517e+06   -2.54441e+06
    Temperature Pres. DC (bar) Pressure (bar)   Constr. rmsd
    2.96609e+02   -1.54517e+02    2.37475e+00    0.00000e+00

           Step           Time
         281500      563.00000

   Energies (kJ/mol)
           Bond          Angle    Proper Dih. Per. Imp. Dih.          LJ-14
    7.25873e+03    2.01037e+04    2.57893e+04    1.22800e+03    9.56679e+03
     Coulomb-14        LJ (SR)  Disper. corr.   Coulomb (SR)   Coul. recip.
    1.18933e+05    4.94408e+05   -2.05586e+04   -3.80028e+06    1.08315e+04
 Position Rest.      Potential    Kinetic En.   Total Energy  Conserved En.
    2.60407e+03   -3.13012e+06    5.48383e+05   -2.58173e+06   -2.54437e+06
    Temperature Pres. DC (bar) Pressure (bar)   Constr. rmsd
    2.98534e+02   -1.54520e+02    9.75414e+00    0.00000e+00

           Step           Time
         282000      564.00000

   Energies (kJ/mol)
           Bond          Angle    Proper Dih. Per. Imp. Dih.          LJ-14
    7.39593e+03    2.00606e+04    2.56468e+04    1.24801e+03    9.53459e+03
     Coulomb-14        LJ (SR)  Disper. corr.   Coulomb (SR)   Coul. recip.
    1.19079e+05    4.96677e+05   -2.05863e+04   -3.80266e+06    1.06001e+04
 Position Rest.      Potential    Kinetic En.   Total Energy  Conserved En.
    2.57101e+03   -3.13043e+06    5.47908e+05   -2.58253e+06   -2.54433e+06
    Temperature Pres. DC (bar) Pressure (bar)   Constr. rmsd
    2.98276e+02   -1.54937e+02    1.14249e+02    0.00000e+00

           Step           Time
         282500      565.00000

   Energies (kJ/mol)
           Bond          Angle    Proper Dih. Per. Imp. Dih.          LJ-14
    7.27468e+03    1.98423e+04    2.57773e+04    1.18716e+03    9.51673e+03
     Coulomb-14        LJ (SR)  Disper. corr.   Coulomb (SR)   Coul. recip.
    1.18937e+05    4.97257e+05   -2.05791e+04   -3.80630e+06    1.08200e+04
 Position Rest.      Potential    Kinetic En.   Total Energy  Conserved En.
    2.49197e+03   -3.13377e+06    5.47968e+05   -2.58580e+06   -2.54428e+06
    Temperature Pres. DC (bar) Pressure (bar)   Constr. rmsd
    2.98308e+02   -1.54828e+02   -5.49490e+00    0.00000e+00

           Step           Time
         283000      566.00000

   Energies (kJ/mol)
           Bond          Angle    Proper Dih. Per. Imp. Dih.          LJ-14
    7.29268e+03    1.99581e+04    2.58088e+04    1.31318e+03    9.44831e+03
     Coulomb-14        LJ (SR)  Disper. corr.   Coulomb (SR)   Coul. recip.
    1.18826e+05    4.92496e+05   -2.05190e+04   -3.79731e+06    1.07662e+04
 Position Rest.      Potential    Kinetic En.   Total Energy  Conserved En.
    2.44864e+03   -3.12947e+06    5.48972e+05   -2.58050e+06   -2.54420e+06
    Temperature Pres. DC (bar) Pressure (bar)   Constr. rmsd
    2.98855e+02   -1.53926e+02   -6.81297e+01    0.00000e+00

           Step           Time
         283500      567.00000

   Energies (kJ/mol)
           Bond          Angle    Proper Dih. Per. Imp. Dih.          LJ-14
    7.09693e+03    1.99347e+04    2.57325e+04    1.18732e+03    9.52898e+03
     Coulomb-14        LJ (SR)  Disper. corr.   Coulomb (SR)   Coul. recip.
    1.19026e+05    4.93436e+05   -2.05793e+04   -3.79963e+06    1.07448e+04
 Position Rest.      Potential    Kinetic En.   Total Energy  Conserved En.
    2.48840e+03   -3.13104e+06    5.49388e+05   -2.58165e+06   -2.54425e+06
    Temperature Pres. DC (bar) Pressure (bar)   Constr. rmsd
    2.99081e+02   -1.54831e+02   -3.55305e+01    0.00000e+00

           Step           Time
         284000      568.00000

   Energies (kJ/mol)
           Bond          Angle    Proper Dih. Per. Imp. Dih.          LJ-14
    7.21945e+03    1.97826e+04    2.57571e+04    1.23467e+03    9.56571e+03
     Coulomb-14        LJ (SR)  Disper. corr.   Coulomb (SR)   Coul. recip.
    1.18812e+05    4.93914e+05   -2.05337e+04   -3.79926e+06    1.08165e+04
 Position Rest.      Potential    Kinetic En.   Total Energy  Conserved En.
    2.48019e+03   -3.13021e+06    5.45795e+05   -2.58442e+06   -2.54412e+06
    Temperature Pres. DC (bar) Pressure (bar)   Constr. rmsd
    2.97125e+02   -1.54146e+02    5.07209e-01    0.00000e+00

           Step           Time
         284500      569.00000

   Energies (kJ/mol)
           Bond          Angle    Proper Dih. Per. Imp. Dih.          LJ-14
    7.49463e+03    1.98181e+04    2.57931e+04    1.20052e+03    9.57521e+03
     Coulomb-14        LJ (SR)  Disper. corr.   Coulomb (SR)   Coul. recip.
    1.18388e+05    4.95097e+05   -2.05905e+04   -3.80312e+06    1.06606e+04
 Position Rest.      Potential    Kinetic En.   Total Energy  Conserved En.
    2.47354e+03   -3.13321e+06    5.45543e+05   -2.58767e+06   -2.54404e+06
    Temperature Pres. DC (bar) Pressure (bar)   Constr. rmsd
    2.96988e+02   -1.55000e+02    3.28685e+01    0.00000e+00

           Step           Time
         285000      570.00000

   Energies (kJ/mol)
           Bond          Angle    Proper Dih. Per. Imp. Dih.          LJ-14
    7.06031e+03    2.00964e+04    2.57546e+04    1.12959e+03    9.54628e+03
     Coulomb-14        LJ (SR)  Disper. corr.   Coulomb (SR)   Coul. recip.
    1.19226e+05    4.95612e+05   -2.05849e+04   -3.80318e+06    1.06335e+04
 Position Rest.      Potential    Kinetic En.   Total Energy  Conserved En.
    2.41507e+03   -3.13230e+06    5.47064e+05   -2.58523e+06   -2.54400e+06
    Temperature Pres. DC (bar) Pressure (bar)   Constr. rmsd
    2.97816e+02   -1.54916e+02    1.94449e+01    0.00000e+00

           Step           Time
         285500      571.00000

   Energies (kJ/mol)
           Bond          Angle    Proper Dih. Per. Imp. Dih.          LJ-14
    7.30473e+03    1.97160e+04    2.59407e+04    1.14228e+03    9.65974e+03
     Coulomb-14        LJ (SR)  Disper. corr.   Coulomb (SR)   Coul. recip.
    1.19093e+05    4.94783e+05   -2.05862e+04   -3.80004e+06    1.06533e+04
 Position Rest.      Potential    Kinetic En.   Total Energy  Conserved En.
    2.50964e+03   -3.12983e+06    5.46063e+05   -2.58376e+06   -2.54394e+06
    Temperature Pres. DC (bar) Pressure (bar)   Constr. rmsd
    2.97271e+02   -1.54934e+02    5.51124e+01    0.00000e+00

           Step           Time
         286000      572.00000

   Energies (kJ/mol)
           Bond          Angle    Proper Dih. Per. Imp. Dih.          LJ-14
    7.33007e+03    1.97997e+04    2.58457e+04    1.23157e+03    9.55362e+03
     Coulomb-14        LJ (SR)  Disper. corr.   Coulomb (SR)   Coul. recip.
    1.19010e+05    4.94516e+05   -2.05557e+04   -3.79971e+06    1.06567e+04
 Position Rest.      Potential    Kinetic En.   Total Energy  Conserved En.
    2.41236e+03   -3.12991e+06    5.48841e+05   -2.58107e+06   -2.54398e+06
    Temperature Pres. DC (bar) Pressure (bar)   Constr. rmsd
    2.98784e+02   -1.54476e+02   -4.92664e+00    0.00000e+00

           Step           Time
         286500      573.00000

   Energies (kJ/mol)
           Bond          Angle    Proper Dih. Per. Imp. Dih.          LJ-14
    7.22138e+03    1.99997e+04    2.57494e+04    1.20852e+03    9.55103e+03
     Coulomb-14        LJ (SR)  Disper. corr.   Coulomb (SR)   Coul. recip.
    1.19163e+05    4.89671e+05   -2.05507e+04   -3.79571e+06    1.07863e+04
 Position Rest.      Potential    Kinetic En.   Total Energy  Conserved En.
    2.50230e+03   -3.13041e+06    5.45825e+05   -2.58459e+06   -2.54395e+06
    Temperature Pres. DC (bar) Pressure (bar)   Constr. rmsd
    2.97142e+02   -1.54401e+02   -9.16242e+01    0.00000e+00

           Step           Time
         287000      574.00000

   Energies (kJ/mol)
           Bond          Angle    Proper Dih. Per. Imp. Dih.          LJ-14
    7.24757e+03    2.02568e+04    2.57394e+04    1.19368e+03    9.62932e+03
     Coulomb-14        LJ (SR)  Disper. corr.   Coulomb (SR)   Coul. recip.
    1.18889e+05    4.93463e+05   -2.05743e+04   -3.79489e+06    1.06988e+04
 Position Rest.      Potential    Kinetic En.   Total Energy  Conserved En.
    2.45998e+03   -3.12589e+06    5.47861e+05   -2.57803e+06   -2.54391e+06
    Temperature Pres. DC (bar) Pressure (bar)   Constr. rmsd
    2.98250e+02   -1.54756e+02    6.19257e+01    0.00000e+00

           Step           Time
         287500      575.00000

   Energies (kJ/mol)
           Bond          Angle    Proper Dih. Per. Imp. Dih.          LJ-14
    7.30816e+03    2.02403e+04    2.55863e+04    1.18995e+03    9.61494e+03
     Coulomb-14        LJ (SR)  Disper. corr.   Coulomb (SR)   Coul. recip.
    1.19061e+05    4.92665e+05   -2.05626e+04   -3.79576e+06    1.08703e+04
 Position Rest.      Potential    Kinetic En.   Total Energy  Conserved En.
    2.46610e+03   -3.12732e+06    5.45798e+05   -2.58152e+06   -2.54389e+06
    Temperature Pres. DC (bar) Pressure (bar)   Constr. rmsd
    2.97127e+02   -1.54580e+02    5.41991e+01    0.00000e+00

           Step           Time
         288000      576.00000

   Energies (kJ/mol)
           Bond          Angle    Proper Dih. Per. Imp. Dih.          LJ-14
    7.09822e+03    1.98710e+04    2.57612e+04    1.13001e+03    9.59613e+03
     Coulomb-14        LJ (SR)  Disper. corr.   Coulomb (SR)   Coul. recip.
    1.18947e+05    4.93294e+05   -2.05313e+04   -3.79682e+06    1.07707e+04
 Position Rest.      Potential    Kinetic En.   Total Energy  Conserved En.
    2.38445e+03   -3.12849e+06    5.47439e+05   -2.58106e+06   -2.54395e+06
    Temperature Pres. DC (bar) Pressure (bar)   Constr. rmsd
    2.98020e+02   -1.54110e+02    3.70020e+01    0.00000e+00

           Step           Time
         288500      577.00000

   Energies (kJ/mol)
           Bond          Angle    Proper Dih. Per. Imp. Dih.          LJ-14
    7.22017e+03    1.98284e+04    2.57247e+04    1.29523e+03    9.56907e+03
     Coulomb-14        LJ (SR)  Disper. corr.   Coulomb (SR)   Coul. recip.
    1.18961e+05    4.92646e+05   -2.05911e+04   -3.79649e+06    1.07489e+04
 Position Rest.      Potential    Kinetic En.   Total Energy  Conserved En.
    2.42042e+03   -3.12866e+06    5.46022e+05   -2.58264e+06   -2.54386e+06
    Temperature Pres. DC (bar) Pressure (bar)   Constr. rmsd
    2.97249e+02   -1.55009e+02   -2.24625e+01    0.00000e+00

           Step           Time
         289000      578.00000

   Energies (kJ/mol)
           Bond          Angle    Proper Dih. Per. Imp. Dih.          LJ-14
    7.20126e+03    1.98392e+04    2.58998e+04    1.20590e+03    9.67131e+03
     Coulomb-14        LJ (SR)  Disper. corr.   Coulomb (SR)   Coul. recip.
    1.19091e+05    4.93204e+05   -2.05485e+04   -3.80100e+06    1.08333e+04
 Position Rest.      Potential    Kinetic En.   Total Energy  Conserved En.
    2.42554e+03   -3.13218e+06    5.49970e+05   -2.58221e+06   -2.54389e+06
    Temperature Pres. DC (bar) Pressure (bar)   Constr. rmsd
    2.99398e+02   -1.54368e+02    1.26056e+01    0.00000e+00

           Step           Time
         289500      579.00000

   Energies (kJ/mol)
           Bond          Angle    Proper Dih. Per. Imp. Dih.          LJ-14
    7.56237e+03    2.00305e+04    2.59044e+04    1.25427e+03    9.55236e+03
     Coulomb-14        LJ (SR)  Disper. corr.   Coulomb (SR)   Coul. recip.
    1.18809e+05    4.92826e+05   -2.05494e+04   -3.79764e+06    1.07742e+04
 Position Rest.      Potential    Kinetic En.   Total Energy  Conserved En.
    2.53191e+03   -3.12894e+06    5.48014e+05   -2.58093e+06   -2.54387e+06
    Temperature Pres. DC (bar) Pressure (bar)   Constr. rmsd
    2.98333e+02   -1.54382e+02   -4.16178e+00    0.00000e+00

           Step           Time
         290000      580.00000

   Energies (kJ/mol)
           Bond          Angle    Proper Dih. Per. Imp. Dih.          LJ-14
    7.01100e+03    2.01777e+04    2.57620e+04    1.29432e+03    9.59211e+03
     Coulomb-14        LJ (SR)  Disper. corr.   Coulomb (SR)   Coul. recip.
    1.19118e+05    4.93804e+05   -2.05941e+04   -3.80401e+06    1.08175e+04
 Position Rest.      Potential    Kinetic En.   Total Energy  Conserved En.
    2.41309e+03   -3.13461e+06    5.47370e+05   -2.58724e+06   -2.54381e+06
    Temperature Pres. DC (bar) Pressure (bar)   Constr. rmsd
    2.97983e+02   -1.55054e+02    5.71009e+01    0.00000e+00

           Step           Time
         290500      581.00000

   Energies (kJ/mol)
           Bond          Angle    Proper Dih. Per. Imp. Dih.          LJ-14
    7.21908e+03    2.00502e+04    2.59093e+04    1.18030e+03    9.63470e+03
     Coulomb-14        LJ (SR)  Disper. corr.   Coulomb (SR)   Coul. recip.
    1.18594e+05    4.94560e+05   -2.05470e+04   -3.79983e+06    1.07159e+04
 Position Rest.      Potential    Kinetic En.   Total Energy  Conserved En.
    2.39225e+03   -3.13012e+06    5.49081e+05   -2.58104e+06   -2.54379e+06
    Temperature Pres. DC (bar) Pressure (bar)   Constr. rmsd
    2.98914e+02   -1.54345e+02    9.19412e+00    0.00000e+00

           Step           Time
         291000      582.00000

   Energies (kJ/mol)
           Bond          Angle    Proper Dih. Per. Imp. Dih.          LJ-14
    7.21876e+03    1.97138e+04    2.57892e+04    1.19765e+03    9.68233e+03
     Coulomb-14        LJ (SR)  Disper. corr.   Coulomb (SR)   Coul. recip.
    1.18979e+05    4.94665e+05   -2.05330e+04   -3.79994e+06    1.07940e+04
 Position Rest.      Potential    Kinetic En.   Total Energy  Conserved En.
    2.47332e+03   -3.12996e+06    5.48440e+05   -2.58152e+06   -2.54381e+06
    Temperature Pres. DC (bar) Pressure (bar)   Constr. rmsd
    2.98565e+02   -1.54136e+02   -1.54125e+01    0.00000e+00

           Step           Time
         291500      583.00000

   Energies (kJ/mol)
           Bond          Angle    Proper Dih. Per. Imp. Dih.          LJ-14
    7.28932e+03    1.97397e+04    2.58238e+04    1.22906e+03    9.63631e+03
     Coulomb-14        LJ (SR)  Disper. corr.   Coulomb (SR)   Coul. recip.
    1.18725e+05    4.97149e+05   -2.05596e+04   -3.80178e+06    1.06442e+04
 Position Rest.      Potential    Kinetic En.   Total Energy  Conserved En.
    2.56791e+03   -3.12953e+06    5.48722e+05   -2.58081e+06   -2.54381e+06
    Temperature Pres. DC (bar) Pressure (bar)   Constr. rmsd
    2.98719e+02   -1.54535e+02    1.09104e+02    0.00000e+00

           Step           Time
         292000      584.00000

   Energies (kJ/mol)
           Bond          Angle    Proper Dih. Per. Imp. Dih.          LJ-14
    7.17038e+03    2.02309e+04    2.57649e+04    1.24080e+03    9.59635e+03
     Coulomb-14        LJ (SR)  Disper. corr.   Coulomb (SR)   Coul. recip.
    1.19135e+05    4.93309e+05   -2.06045e+04   -3.80118e+06    1.06876e+04
 Position Rest.      Potential    Kinetic En.   Total Energy  Conserved En.
    2.38663e+03   -3.13226e+06    5.48652e+05   -2.58361e+06   -2.54377e+06
    Temperature Pres. DC (bar) Pressure (bar)   Constr. rmsd
    2.98681e+02   -1.55210e+02    6.64485e+01    0.00000e+00

           Step           Time
         292500      585.00000

   Energies (kJ/mol)
           Bond          Angle    Proper Dih. Per. Imp. Dih.          LJ-14
    7.33972e+03    1.99147e+04    2.58591e+04    1.27078e+03    9.51208e+03
     Coulomb-14        LJ (SR)  Disper. corr.   Coulomb (SR)   Coul. recip.
    1.18792e+05    4.95646e+05   -2.05441e+04   -3.80179e+06    1.08145e+04
 Position Rest.      Potential    Kinetic En.   Total Energy  Conserved En.
    2.51178e+03   -3.13067e+06    5.46098e+05   -2.58457e+06   -2.54377e+06
    Temperature Pres. DC (bar) Pressure (bar)   Constr. rmsd
    2.97290e+02   -1.54302e+02   -3.44995e+01    0.00000e+00

           Step           Time
         293000      586.00000

   Energies (kJ/mol)
           Bond          Angle    Proper Dih. Per. Imp. Dih.          LJ-14
    7.25932e+03    2.01404e+04    2.58927e+04    1.23253e+03    9.66803e+03
     Coulomb-14        LJ (SR)  Disper. corr.   Coulomb (SR)   Coul. recip.
    1.18974e+05    4.88288e+05   -2.05810e+04   -3.79376e+06    1.06858e+04
 Position Rest.      Potential    Kinetic En.   Total Energy  Conserved En.
    2.49550e+03   -3.12970e+06    5.49088e+05   -2.58062e+06   -2.54375e+06
    Temperature Pres. DC (bar) Pressure (bar)   Constr. rmsd
    2.98918e+02   -1.54857e+02   -1.37223e+02    0.00000e+00

           Step           Time
         293500      587.00000

   Energies (kJ/mol)
           Bond          Angle    Proper Dih. Per. Imp. Dih.          LJ-14
    7.31474e+03    1.98716e+04    2.59818e+04    1.15786e+03    9.56019e+03
     Coulomb-14        LJ (SR)  Disper. corr.   Coulomb (SR)   Coul. recip.
    1.18704e+05    4.89246e+05   -2.04710e+04   -3.78986e+06    1.07826e+04
 Position Rest.      Potential    Kinetic En.   Total Energy  Conserved En.
    2.41509e+03   -3.12529e+06    5.48152e+05   -2.57714e+06   -2.54371e+06
    Temperature Pres. DC (bar) Pressure (bar)   Constr. rmsd
    2.98409e+02   -1.53207e+02   -9.01701e+01    0.00000e+00

           Step           Time
         294000      588.00000

   Energies (kJ/mol)
           Bond          Angle    Proper Dih. Per. Imp. Dih.          LJ-14
    7.25662e+03    2.00748e+04    2.58672e+04    1.32007e+03    9.55769e+03
     Coulomb-14        LJ (SR)  Disper. corr.   Coulomb (SR)   Coul. recip.
    1.19157e+05    4.95436e+05   -2.06161e+04   -3.80418e+06    1.06843e+04
 Position Rest.      Potential    Kinetic En.   Total Energy  Conserved En.
    2.55626e+03   -3.13289e+06    5.48983e+05   -2.58390e+06   -2.54357e+06
    Temperature Pres. DC (bar) Pressure (bar)   Constr. rmsd
    2.98861e+02   -1.55385e+02    6.71469e+01    0.00000e+00

           Step           Time
         294500      589.00000

   Energies (kJ/mol)
           Bond          Angle    Proper Dih. Per. Imp. Dih.          LJ-14
    7.04655e+03    1.98657e+04    2.57175e+04    1.17658e+03    9.64858e+03
     Coulomb-14        LJ (SR)  Disper. corr.   Coulomb (SR)   Coul. recip.
    1.19059e+05    4.88638e+05   -2.04958e+04   -3.79288e+06    1.07950e+04
 Position Rest.      Potential    Kinetic En.   Total Energy  Conserved En.
    2.45866e+03   -3.12897e+06    5.46986e+05   -2.58198e+06   -2.54344e+06
    Temperature Pres. DC (bar) Pressure (bar)   Constr. rmsd
    2.97773e+02   -1.53578e+02   -1.18344e+02    0.00000e+00

           Step           Time
         295000      590.00000

   Energies (kJ/mol)
           Bond          Angle    Proper Dih. Per. Imp. Dih.          LJ-14
    7.38472e+03    1.98317e+04    2.57999e+04    1.20806e+03    9.39055e+03
     Coulomb-14        LJ (SR)  Disper. corr.   Coulomb (SR)   Coul. recip.
    1.18734e+05    4.96242e+05   -2.05762e+04   -3.80235e+06    1.07395e+04
 Position Rest.      Potential    Kinetic En.   Total Energy  Conserved En.
    2.53121e+03   -3.13106e+06    5.47325e+05   -2.58373e+06   -2.54333e+06
    Temperature Pres. DC (bar) Pressure (bar)   Constr. rmsd
    2.97958e+02   -1.54785e+02    9.81322e+01    0.00000e+00

           Step           Time
         295500      591.00000

   Energies (kJ/mol)
           Bond          Angle    Proper Dih. Per. Imp. Dih.          LJ-14
    7.34988e+03    1.98387e+04    2.58416e+04    1.26598e+03    9.54350e+03
     Coulomb-14        LJ (SR)  Disper. corr.   Coulomb (SR)   Coul. recip.
    1.18859e+05    4.93934e+05   -2.05049e+04   -3.79591e+06    1.08425e+04
 Position Rest.      Potential    Kinetic En.   Total Energy  Conserved En.
    2.52297e+03   -3.12642e+06    5.48482e+05   -2.57794e+06   -2.54331e+06
    Temperature Pres. DC (bar) Pressure (bar)   Constr. rmsd
    2.98588e+02   -1.53715e+02    6.97105e+00    0.00000e+00

           Step           Time
         296000      592.00000

   Energies (kJ/mol)
           Bond          Angle    Proper Dih. Per. Imp. Dih.          LJ-14
    7.34993e+03    1.97784e+04    2.58598e+04    1.29404e+03    9.54398e+03
     Coulomb-14        LJ (SR)  Disper. corr.   Coulomb (SR)   Coul. recip.
    1.18635e+05    4.97274e+05   -2.06238e+04   -3.80587e+06    1.07007e+04
 Position Rest.      Potential    Kinetic En.   Total Energy  Conserved En.
    2.47910e+03   -3.13358e+06    5.50405e+05   -2.58318e+06   -2.54324e+06
    Temperature Pres. DC (bar) Pressure (bar)   Constr. rmsd
    2.99635e+02   -1.55500e+02    9.84369e+01    0.00000e+00

           Step           Time
         296500      593.00000

   Energies (kJ/mol)
           Bond          Angle    Proper Dih. Per. Imp. Dih.          LJ-14
    7.22363e+03    1.98874e+04    2.59735e+04    1.24085e+03    9.65915e+03
     Coulomb-14        LJ (SR)  Disper. corr.   Coulomb (SR)   Coul. recip.
    1.18849e+05    4.92785e+05   -2.05440e+04   -3.79558e+06    1.07134e+04
 Position Rest.      Potential    Kinetic En.   Total Energy  Conserved En.
    2.45016e+03   -3.12734e+06    5.49293e+05   -2.57805e+06   -2.54323e+06
    Temperature Pres. DC (bar) Pressure (bar)   Constr. rmsd
    2.99029e+02   -1.54301e+02    8.59468e+01    0.00000e+00

           Step           Time
         297000      594.00000

   Energies (kJ/mol)
           Bond          Angle    Proper Dih. Per. Imp. Dih.          LJ-14
    6.86596e+03    1.98307e+04    2.59179e+04    1.21447e+03    9.73002e+03
     Coulomb-14        LJ (SR)  Disper. corr.   Coulomb (SR)   Coul. recip.
    1.18785e+05    4.94858e+05   -2.05485e+04   -3.80188e+06    1.06714e+04
 Position Rest.      Potential    Kinetic En.   Total Energy  Conserved En.
    2.34601e+03   -3.13221e+06    5.47718e+05   -2.58449e+06   -2.54315e+06
    Temperature Pres. DC (bar) Pressure (bar)   Constr. rmsd
    2.98172e+02   -1.54369e+02    3.93097e+01    0.00000e+00

           Step           Time
         297500      595.00000

   Energies (kJ/mol)
           Bond          Angle    Proper Dih. Per. Imp. Dih.          LJ-14
    7.21834e+03    2.00454e+04    2.57104e+04    1.25333e+03    9.54336e+03
     Coulomb-14        LJ (SR)  Disper. corr.   Coulomb (SR)   Coul. recip.
    1.18720e+05    4.94441e+05   -2.05805e+04   -3.80308e+06    1.09120e+04
 Position Rest.      Potential    Kinetic En.   Total Energy  Conserved En.
    2.55324e+03   -3.13327e+06    5.47218e+05   -2.58605e+06   -2.54311e+06
    Temperature Pres. DC (bar) Pressure (bar)   Constr. rmsd
    2.97900e+02   -1.54849e+02   -4.08016e+01    0.00000e+00

           Step           Time
         298000      596.00000

   Energies (kJ/mol)
           Bond          Angle    Proper Dih. Per. Imp. Dih.          LJ-14
    7.20559e+03    1.99858e+04    2.58844e+04    1.25019e+03    9.70544e+03
     Coulomb-14        LJ (SR)  Disper. corr.   Coulomb (SR)   Coul. recip.
    1.19326e+05    4.90497e+05   -2.05415e+04   -3.79214e+06    1.10516e+04
 Position Rest.      Potential    Kinetic En.   Total Energy  Conserved En.
    2.33598e+03   -3.12544e+06    5.47023e+05   -2.57842e+06   -2.54309e+06
    Temperature Pres. DC (bar) Pressure (bar)   Constr. rmsd
    2.97794e+02   -1.54263e+02   -3.47135e+01    0.00000e+00

           Step           Time
         298500      597.00000

   Energies (kJ/mol)
           Bond          Angle    Proper Dih. Per. Imp. Dih.          LJ-14
    7.41594e+03    2.01039e+04    2.58781e+04    1.17526e+03    9.68113e+03
     Coulomb-14        LJ (SR)  Disper. corr.   Coulomb (SR)   Coul. recip.
    1.19435e+05    4.92054e+05   -2.05267e+04   -3.79635e+06    1.06884e+04
 Position Rest.      Potential    Kinetic En.   Total Energy  Conserved En.
    2.44723e+03   -3.12800e+06    5.47539e+05   -2.58046e+06   -2.54299e+06
    Temperature Pres. DC (bar) Pressure (bar)   Constr. rmsd
    2.98075e+02   -1.54041e+02   -7.06186e+01    0.00000e+00

           Step           Time
         299000      598.00000

   Energies (kJ/mol)
           Bond          Angle    Proper Dih. Per. Imp. Dih.          LJ-14
    7.26139e+03    2.00688e+04    2.57544e+04    1.22070e+03    9.73911e+03
     Coulomb-14        LJ (SR)  Disper. corr.   Coulomb (SR)   Coul. recip.
    1.19025e+05    4.95929e+05   -2.05427e+04   -3.79978e+06    1.07664e+04
 Position Rest.      Potential    Kinetic En.   Total Energy  Conserved En.
    2.48627e+03   -3.12807e+06    5.47457e+05   -2.58061e+06   -2.54302e+06
    Temperature Pres. DC (bar) Pressure (bar)   Constr. rmsd
    2.98030e+02   -1.54280e+02    5.80852e+01    0.00000e+00

           Step           Time
         299500      599.00000

   Energies (kJ/mol)
           Bond          Angle    Proper Dih. Per. Imp. Dih.          LJ-14
    7.27089e+03    1.98807e+04    2.57756e+04    1.16180e+03    9.49424e+03
     Coulomb-14        LJ (SR)  Disper. corr.   Coulomb (SR)   Coul. recip.
    1.19023e+05    4.94870e+05   -2.05665e+04   -3.79937e+06    1.06999e+04
 Position Rest.      Potential    Kinetic En.   Total Energy  Conserved En.
    2.35276e+03   -3.12941e+06    5.47845e+05   -2.58157e+06   -2.54294e+06
    Temperature Pres. DC (bar) Pressure (bar)   Constr. rmsd
    2.98241e+02   -1.54639e+02    3.48208e+01    0.00000e+00

           Step           Time
         300000      600.00000

   Energies (kJ/mol)
           Bond          Angle    Proper Dih. Per. Imp. Dih.          LJ-14
    7.33471e+03    1.99379e+04    2.58988e+04    1.26330e+03    9.58267e+03
     Coulomb-14        LJ (SR)  Disper. corr.   Coulomb (SR)   Coul. recip.
    1.19095e+05    4.91621e+05   -2.05610e+04   -3.79736e+06    1.05995e+04
 Position Rest.      Potential    Kinetic En.   Total Energy  Conserved En.
    2.40756e+03   -3.13018e+06    5.47571e+05   -2.58261e+06   -2.54290e+06
    Temperature Pres. DC (bar) Pressure (bar)   Constr. rmsd
    2.98092e+02   -1.54556e+02   -1.01785e+02    0.00000e+00

           Step           Time
         300500      601.00000

   Energies (kJ/mol)
           Bond          Angle    Proper Dih. Per. Imp. Dih.          LJ-14
    7.28101e+03    1.94650e+04    2.57022e+04    1.23489e+03    9.57315e+03
     Coulomb-14        LJ (SR)  Disper. corr.   Coulomb (SR)   Coul. recip.
    1.19127e+05    4.92507e+05   -2.05633e+04   -3.79786e+06    1.06711e+04
 Position Rest.      Potential    Kinetic En.   Total Energy  Conserved En.
    2.48931e+03   -3.13037e+06    5.47948e+05   -2.58243e+06   -2.54291e+06
    Temperature Pres. DC (bar) Pressure (bar)   Constr. rmsd
    2.98297e+02   -1.54590e+02   -8.68236e+01    0.00000e+00

           Step           Time
         301000      602.00000

   Energies (kJ/mol)
           Bond          Angle    Proper Dih. Per. Imp. Dih.          LJ-14
    7.40944e+03    2.00702e+04    2.57273e+04    1.19889e+03    9.49614e+03
     Coulomb-14        LJ (SR)  Disper. corr.   Coulomb (SR)   Coul. recip.
    1.18930e+05    4.92722e+05   -2.05576e+04   -3.79752e+06    1.07999e+04
 Position Rest.      Potential    Kinetic En.   Total Energy  Conserved En.
    2.53830e+03   -3.12919e+06    5.48923e+05   -2.58027e+06   -2.54282e+06
    Temperature Pres. DC (bar) Pressure (bar)   Constr. rmsd
    2.98828e+02   -1.54505e+02    6.02631e+00    0.00000e+00

           Step           Time
         301500      603.00000

   Energies (kJ/mol)
           Bond          Angle    Proper Dih. Per. Imp. Dih.          LJ-14
    7.28286e+03    2.01777e+04    2.57503e+04    1.18440e+03    9.62154e+03
     Coulomb-14        LJ (SR)  Disper. corr.   Coulomb (SR)   Coul. recip.
    1.18869e+05    4.93036e+05   -2.04943e+04   -3.79781e+06    1.08112e+04
 Position Rest.      Potential    Kinetic En.   Total Energy  Conserved En.
    2.40929e+03   -3.12916e+06    5.47837e+05   -2.58132e+06   -2.54283e+06
    Temperature Pres. DC (bar) Pressure (bar)   Constr. rmsd
    2.98237e+02   -1.53555e+02   -4.60594e+01    0.00000e+00

           Step           Time
         302000      604.00000

   Energies (kJ/mol)
           Bond          Angle    Proper Dih. Per. Imp. Dih.          LJ-14
    7.38139e+03    1.98336e+04    2.57606e+04    1.19365e+03    9.44153e+03
     Coulomb-14        LJ (SR)  Disper. corr.   Coulomb (SR)   Coul. recip.
    1.18720e+05    4.96374e+05   -2.05866e+04   -3.80413e+06    1.07973e+04
 Position Rest.      Potential    Kinetic En.   Total Energy  Conserved En.
    2.38237e+03   -3.13283e+06    5.46908e+05   -2.58592e+06   -2.54281e+06
    Temperature Pres. DC (bar) Pressure (bar)   Constr. rmsd
    2.97731e+02   -1.54941e+02    9.71743e+01    0.00000e+00

           Step           Time
         302500      605.00000

   Energies (kJ/mol)
           Bond          Angle    Proper Dih. Per. Imp. Dih.          LJ-14
    6.96048e+03    1.97877e+04    2.57712e+04    1.21679e+03    9.61854e+03
     Coulomb-14        LJ (SR)  Disper. corr.   Coulomb (SR)   Coul. recip.
    1.19114e+05    4.91483e+05   -2.04993e+04   -3.79818e+06    1.07489e+04
 Position Rest.      Potential    Kinetic En.   Total Energy  Conserved En.
    2.46876e+03   -3.13151e+06    5.45088e+05   -2.58642e+06   -2.54273e+06
    Temperature Pres. DC (bar) Pressure (bar)   Constr. rmsd
    2.96740e+02   -1.53630e+02   -1.39467e+02    0.00000e+00

           Step           Time
         303000      606.00000

   Energies (kJ/mol)
           Bond          Angle    Proper Dih. Per. Imp. Dih.          LJ-14
    7.19483e+03    2.02988e+04    2.60936e+04    1.24146e+03    9.60932e+03
     Coulomb-14        LJ (SR)  Disper. corr.   Coulomb (SR)   Coul. recip.
    1.19108e+05    4.92480e+05   -2.05338e+04   -3.79721e+06    1.07445e+04
 Position Rest.      Potential    Kinetic En.   Total Energy  Conserved En.
    2.45134e+03   -3.12852e+06    5.48228e+05   -2.58029e+06   -2.54271e+06
    Temperature Pres. DC (bar) Pressure (bar)   Constr. rmsd
    2.98450e+02   -1.54147e+02   -7.36738e+01    0.00000e+00

           Step           Time
         303500      607.00000

   Energies (kJ/mol)
           Bond          Angle    Proper Dih. Per. Imp. Dih.          LJ-14
    7.24864e+03    1.96328e+04    2.57519e+04    1.26013e+03    9.67688e+03
     Coulomb-14        LJ (SR)  Disper. corr.   Coulomb (SR)   Coul. recip.
    1.19215e+05    4.96782e+05   -2.05780e+04   -3.80355e+06    1.08196e+04
 Position Rest.      Potential    Kinetic En.   Total Energy  Conserved En.
    2.38109e+03   -3.13136e+06    5.44788e+05   -2.58658e+06   -2.54270e+06
    Temperature Pres. DC (bar) Pressure (bar)   Constr. rmsd
    2.96577e+02   -1.54812e+02    8.15188e+01    0.00000e+00

           Step           Time
         304000      608.00000

   Energies (kJ/mol)
           Bond          Angle    Proper Dih. Per. Imp. Dih.          LJ-14
    7.30893e+03    1.99694e+04    2.57846e+04    1.19659e+03    9.67785e+03
     Coulomb-14        LJ (SR)  Disper. corr.   Coulomb (SR)   Coul. recip.
    1.18869e+05    4.93865e+05   -2.05379e+04   -3.79970e+06    1.07396e+04
 Position Rest.      Potential    Kinetic En.   Total Energy  Conserved En.
    2.39414e+03   -3.13043e+06    5.47609e+05   -2.58282e+06   -2.54270e+06
    Temperature Pres. DC (bar) Pressure (bar)   Constr. rmsd
    2.98113e+02   -1.54210e+02   -2.63982e+01    0.00000e+00

           Step           Time
         304500      609.00000

   Energies (kJ/mol)
           Bond          Angle    Proper Dih. Per. Imp. Dih.          LJ-14
    7.37163e+03    1.99502e+04    2.58339e+04    1.23488e+03    9.37118e+03
     Coulomb-14        LJ (SR)  Disper. corr.   Coulomb (SR)   Coul. recip.
    1.18882e+05    4.92717e+05   -2.05496e+04   -3.79998e+06    1.08396e+04
 Position Rest.      Potential    Kinetic En.   Total Energy  Conserved En.
    2.42909e+03   -3.13190e+06    5.44458e+05   -2.58744e+06   -2.54268e+06
    Temperature Pres. DC (bar) Pressure (bar)   Constr. rmsd
    2.96397e+02   -1.54385e+02   -8.73236e+01    0.00000e+00

           Step           Time
         305000      610.00000

   Energies (kJ/mol)
           Bond          Angle    Proper Dih. Per. Imp. Dih.          LJ-14
    7.14295e+03    1.97997e+04    2.59009e+04    1.24633e+03    9.71117e+03
     Coulomb-14        LJ (SR)  Disper. corr.   Coulomb (SR)   Coul. recip.
    1.18817e+05    4.91694e+05   -2.05057e+04   -3.79607e+06    1.05102e+04
 Position Rest.      Potential    Kinetic En.   Total Energy  Conserved En.
    2.41468e+03   -3.12933e+06    5.47340e+05   -2.58199e+06   -2.54268e+06
    Temperature Pres. DC (bar) Pressure (bar)   Constr. rmsd
    2.97966e+02   -1.53726e+02    1.09311e+01    0.00000e+00

           Step           Time
         305500      611.00000

   Energies (kJ/mol)
           Bond          Angle    Proper Dih. Per. Imp. Dih.          LJ-14
    7.20367e+03    2.01182e+04    2.59040e+04    1.20572e+03    9.59184e+03
     Coulomb-14        LJ (SR)  Disper. corr.   Coulomb (SR)   Coul. recip.
    1.19177e+05    4.97965e+05   -2.05238e+04   -3.80394e+06    1.07576e+04
 Position Rest.      Potential    Kinetic En.   Total Energy  Conserved En.
    2.58538e+03   -3.12996e+06    5.47226e+05   -2.58273e+06   -2.54264e+06
    Temperature Pres. DC (bar) Pressure (bar)   Constr. rmsd
    2.97904e+02   -1.53997e+02    1.71744e+00    0.00000e+00

           Step           Time
         306000      612.00000

   Energies (kJ/mol)
           Bond          Angle    Proper Dih. Per. Imp. Dih.          LJ-14
    6.80950e+03    2.00149e+04    2.57511e+04    1.22981e+03    9.72024e+03
     Coulomb-14        LJ (SR)  Disper. corr.   Coulomb (SR)   Coul. recip.
    1.19196e+05    4.90642e+05   -2.05376e+04   -3.79516e+06    1.07616e+04
 Position Rest.      Potential    Kinetic En.   Total Energy  Conserved En.
    2.33267e+03   -3.12924e+06    5.47847e+05   -2.58140e+06   -2.54267e+06
    Temperature Pres. DC (bar) Pressure (bar)   Constr. rmsd
    2.98243e+02   -1.54205e+02   -1.62183e+01    0.00000e+00

           Step           Time
         306500      613.00000

   Energies (kJ/mol)
           Bond          Angle    Proper Dih. Per. Imp. Dih.          LJ-14
    7.03731e+03    1.95941e+04    2.57823e+04    1.14987e+03    9.50561e+03
     Coulomb-14        LJ (SR)  Disper. corr.   Coulomb (SR)   Coul. recip.
    1.19139e+05    4.91531e+05   -2.05264e+04   -3.79670e+06    1.09614e+04
 Position Rest.      Potential    Kinetic En.   Total Energy  Conserved En.
    2.52686e+03   -3.13000e+06    5.47190e+05   -2.58281e+06   -2.54266e+06
    Temperature Pres. DC (bar) Pressure (bar)   Constr. rmsd
    2.97885e+02   -1.54037e+02   -9.98719e+01    0.00000e+00

           Step           Time
         307000      614.00000

   Energies (kJ/mol)
           Bond          Angle    Proper Dih. Per. Imp. Dih.          LJ-14
    7.27396e+03    1.99605e+04    2.55993e+04    1.25656e+03    9.51219e+03
     Coulomb-14        LJ (SR)  Disper. corr.   Coulomb (SR)   Coul. recip.
    1.19297e+05    4.98522e+05   -2.05973e+04   -3.80638e+06    1.07547e+04
 Position Rest.      Potential    Kinetic En.   Total Energy  Conserved En.
    2.48327e+03   -3.13232e+06    5.46952e+05   -2.58536e+06   -2.54247e+06
    Temperature Pres. DC (bar) Pressure (bar)   Constr. rmsd
    2.97755e+02   -1.55102e+02    1.31772e+02    0.00000e+00

           Step           Time
         307500      615.00000

   Energies (kJ/mol)
           Bond          Angle    Proper Dih. Per. Imp. Dih.          LJ-14
    7.30657e+03    2.04207e+04    2.58294e+04    1.18717e+03    9.64442e+03
     Coulomb-14        LJ (SR)  Disper. corr.   Coulomb (SR)   Coul. recip.
    1.18827e+05    4.92060e+05   -2.05064e+04   -3.79631e+06    1.07151e+04
 Position Rest.      Potential    Kinetic En.   Total Energy  Conserved En.
    2.48556e+03   -3.12834e+06    5.46452e+05   -2.58189e+06   -2.54241e+06
    Temperature Pres. DC (bar) Pressure (bar)   Constr. rmsd
    2.97483e+02   -1.53737e+02   -3.69148e+01    0.00000e+00

           Step           Time
         308000      616.00000

   Energies (kJ/mol)
           Bond          Angle    Proper Dih. Per. Imp. Dih.          LJ-14
    7.39944e+03    2.00742e+04    2.56560e+04    1.26584e+03    9.53553e+03
     Coulomb-14        LJ (SR)  Disper. corr.   Coulomb (SR)   Coul. recip.
    1.18794e+05    4.95544e+05   -2.06004e+04   -3.80314e+06    1.07754e+04
 Position Rest.      Potential    Kinetic En.   Total Energy  Conserved En.
    2.50348e+03   -3.13219e+06    5.47288e+05   -2.58491e+06   -2.54230e+06
    Temperature Pres. DC (bar) Pressure (bar)   Constr. rmsd
    2.97938e+02   -1.55148e+02    7.10846e+01    0.00000e+00

           Step           Time
         308500      617.00000

   Energies (kJ/mol)
           Bond          Angle    Proper Dih. Per. Imp. Dih.          LJ-14
    7.31459e+03    2.01465e+04    2.56972e+04    1.24757e+03    9.50467e+03
     Coulomb-14        LJ (SR)  Disper. corr.   Coulomb (SR)   Coul. recip.
    1.18902e+05    4.88729e+05   -2.05454e+04   -3.79347e+06    1.06988e+04
 Position Rest.      Potential    Kinetic En.   Total Energy  Conserved En.
    2.45165e+03   -3.12933e+06    5.47356e+05   -2.58197e+06   -2.54231e+06
    Temperature Pres. DC (bar) Pressure (bar)   Constr. rmsd
    2.97975e+02   -1.54322e+02   -9.86922e+01    0.00000e+00

           Step           Time
         309000      618.00000

   Energies (kJ/mol)
           Bond          Angle    Proper Dih. Per. Imp. Dih.          LJ-14
    7.08318e+03    2.00589e+04    2.57396e+04    1.15483e+03    9.48028e+03
     Coulomb-14        LJ (SR)  Disper. corr.   Coulomb (SR)   Coul. recip.
    1.19031e+05    4.99140e+05   -2.05711e+04   -3.80810e+06    1.07115e+04
 Position Rest.      Potential    Kinetic En.   Total Energy  Conserved En.
    2.45642e+03   -3.13382e+06    5.49046e+05   -2.58477e+06   -2.54231e+06
    Temperature Pres. DC (bar) Pressure (bar)   Constr. rmsd
    2.98895e+02   -1.54708e+02    9.99094e+01    0.00000e+00

           Step           Time
         309500      619.00000

   Energies (kJ/mol)
           Bond          Angle    Proper Dih. Per. Imp. Dih.          LJ-14
    7.15039e+03    2.00198e+04    2.57502e+04    1.25436e+03    9.57209e+03
     Coulomb-14        LJ (SR)  Disper. corr.   Coulomb (SR)   Coul. recip.
    1.19159e+05    4.98761e+05   -2.05589e+04   -3.80576e+06    1.07047e+04
 Position Rest.      Potential    Kinetic En.   Total Energy  Conserved En.
    2.45853e+03   -3.13149e+06    5.46040e+05   -2.58545e+06   -2.54224e+06
    Temperature Pres. DC (bar) Pressure (bar)   Constr. rmsd
    2.97259e+02   -1.54524e+02    1.22490e+02    0.00000e+00

           Step           Time
         310000      620.00000

   Energies (kJ/mol)
           Bond          Angle    Proper Dih. Per. Imp. Dih.          LJ-14
    7.29428e+03    1.98932e+04    2.57496e+04    1.24684e+03    9.50439e+03
     Coulomb-14        LJ (SR)  Disper. corr.   Coulomb (SR)   Coul. recip.
    1.19028e+05    4.94898e+05   -2.05729e+04   -3.80206e+06    1.07351e+04
 Position Rest.      Potential    Kinetic En.   Total Energy  Conserved En.
    2.46965e+03   -3.13182e+06    5.47459e+05   -2.58436e+06   -2.54226e+06
    Temperature Pres. DC (bar) Pressure (bar)   Constr. rmsd
    2.98031e+02   -1.54734e+02    2.94238e+01    0.00000e+00

           Step           Time
         310500      621.00000

   Energies (kJ/mol)
           Bond          Angle    Proper Dih. Per. Imp. Dih.          LJ-14
    7.49592e+03    1.99253e+04    2.59114e+04    1.24400e+03    9.55357e+03
     Coulomb-14        LJ (SR)  Disper. corr.   Coulomb (SR)   Coul. recip.
    1.18554e+05    4.97881e+05   -2.05555e+04   -3.80439e+06    1.06928e+04
 Position Rest.      Potential    Kinetic En.   Total Energy  Conserved En.
    2.43588e+03   -3.13125e+06    5.47388e+05   -2.58387e+06   -2.54222e+06
    Temperature Pres. DC (bar) Pressure (bar)   Constr. rmsd
    2.97992e+02   -1.54473e+02    1.74548e+02    0.00000e+00

           Step           Time
         311000      622.00000

   Energies (kJ/mol)
           Bond          Angle    Proper Dih. Per. Imp. Dih.          LJ-14
    7.13134e+03    1.96049e+04    2.57734e+04    1.15643e+03    9.52373e+03
     Coulomb-14        LJ (SR)  Disper. corr.   Coulomb (SR)   Coul. recip.
    1.19228e+05    4.94941e+05   -2.05025e+04   -3.80288e+06    1.07474e+04
 Position Rest.      Potential    Kinetic En.   Total Energy  Conserved En.
    2.20157e+03   -3.13307e+06    5.46557e+05   -2.58652e+06   -2.54227e+06
    Temperature Pres. DC (bar) Pressure (bar)   Constr. rmsd
    2.97540e+02   -1.53679e+02   -5.17520e+01    0.00000e+00

           Step           Time
         311500      623.00000

   Energies (kJ/mol)
           Bond          Angle    Proper Dih. Per. Imp. Dih.          LJ-14
    7.27421e+03    2.01665e+04    2.56303e+04    1.20486e+03    9.49394e+03
     Coulomb-14        LJ (SR)  Disper. corr.   Coulomb (SR)   Coul. recip.
    1.18705e+05    4.95867e+05   -2.06025e+04   -3.80211e+06    1.06772e+04
 Position Rest.      Potential    Kinetic En.   Total Energy  Conserved En.
    2.40954e+03   -3.13128e+06    5.48414e+05   -2.58287e+06   -2.54223e+06
    Temperature Pres. DC (bar) Pressure (bar)   Constr. rmsd
    2.98551e+02   -1.55180e+02    5.90257e+01    0.00000e+00

           Step           Time
         312000      624.00000

   Energies (kJ/mol)
           Bond          Angle    Proper Dih. Per. Imp. Dih.          LJ-14
    7.20037e+03    1.99104e+04    2.58928e+04    1.16738e+03    9.37111e+03
     Coulomb-14        LJ (SR)  Disper. corr.   Coulomb (SR)   Coul. recip.
    1.18925e+05    4.91670e+05   -2.05847e+04   -3.79768e+06    1.08571e+04
 Position Rest.      Potential    Kinetic En.   Total Energy  Conserved En.
    2.34943e+03   -3.13092e+06    5.46992e+05   -2.58393e+06   -2.54223e+06
    Temperature Pres. DC (bar) Pressure (bar)   Constr. rmsd
    2.97777e+02   -1.54912e+02   -1.12206e+02    0.00000e+00

           Step           Time
         312500      625.00000

   Energies (kJ/mol)
           Bond          Angle    Proper Dih. Per. Imp. Dih.          LJ-14
    7.31872e+03    1.98465e+04    2.59399e+04    1.16186e+03    9.49229e+03
     Coulomb-14        LJ (SR)  Disper. corr.   Coulomb (SR)   Coul. recip.
    1.19164e+05    4.91804e+05   -2.05072e+04   -3.79495e+06    1.09525e+04
 Position Rest.      Potential    Kinetic En.   Total Energy  Conserved En.
    2.38979e+03   -3.12739e+06    5.48525e+05   -2.57886e+06   -2.54220e+06
    Temperature Pres. DC (bar) Pressure (bar)   Constr. rmsd
    2.98611e+02   -1.53749e+02   -6.73493e+01    0.00000e+00

           Step           Time
         313000      626.00000

   Energies (kJ/mol)
           Bond          Angle    Proper Dih. Per. Imp. Dih.          LJ-14
    7.09421e+03    1.97648e+04    2.56346e+04    1.18227e+03    9.66453e+03
     Coulomb-14        LJ (SR)  Disper. corr.   Coulomb (SR)   Coul. recip.
    1.19422e+05    4.95674e+05   -2.05978e+04   -3.80275e+06    1.08210e+04
 Position Rest.      Potential    Kinetic En.   Total Energy  Conserved En.
    2.42861e+03   -3.13166e+06    5.48800e+05   -2.58286e+06   -2.54214e+06
    Temperature Pres. DC (bar) Pressure (bar)   Constr. rmsd
    2.98761e+02   -1.55109e+02    8.26320e+01    0.00000e+00

           Step           Time
         313500      627.00000

   Energies (kJ/mol)
           Bond          Angle    Proper Dih. Per. Imp. Dih.          LJ-14
    7.29822e+03    1.96404e+04    2.58242e+04    1.18213e+03    9.47847e+03
     Coulomb-14        LJ (SR)  Disper. corr.   Coulomb (SR)   Coul. recip.
    1.19170e+05    4.96738e+05   -2.05561e+04   -3.80432e+06    1.10023e+04
 Position Rest.      Potential    Kinetic En.   Total Energy  Conserved En.
    2.43262e+03   -3.13211e+06    5.44957e+05   -2.58715e+06   -2.54205e+06
    Temperature Pres. DC (bar) Pressure (bar)   Constr. rmsd
    2.96669e+02   -1.54482e+02    1.84722e+01    0.00000e+00

           Step           Time
         314000      628.00000

   Energies (kJ/mol)
           Bond          Angle    Proper Dih. Per. Imp. Dih.          LJ-14
    7.35256e+03    2.00750e+04    2.57728e+04    1.16714e+03    9.51339e+03
     Coulomb-14        LJ (SR)  Disper. corr.   Coulomb (SR)   Coul. recip.
    1.18854e+05    4.91655e+05   -2.05816e+04   -3.79790e+06    1.09437e+04
 Position Rest.      Potential    Kinetic En.   Total Energy  Conserved En.
    2.49047e+03   -3.13066e+06    5.48048e+05   -2.58261e+06   -2.54202e+06
    Temperature Pres. DC (bar) Pressure (bar)   Constr. rmsd
    2.98352e+02   -1.54865e+02   -4.68100e+01    0.00000e+00

           Step           Time
         314500      629.00000

   Energies (kJ/mol)
           Bond          Angle    Proper Dih. Per. Imp. Dih.          LJ-14
    7.24329e+03    1.98571e+04    2.58194e+04    1.22865e+03    9.54596e+03
     Coulomb-14        LJ (SR)  Disper. corr.   Coulomb (SR)   Coul. recip.
    1.19143e+05    4.95081e+05   -2.05918e+04   -3.80252e+06    1.07223e+04
 Position Rest.      Potential    Kinetic En.   Total Energy  Conserved En.
    2.40335e+03   -3.13207e+06    5.46684e+05   -2.58538e+06   -2.54197e+06
    Temperature Pres. DC (bar) Pressure (bar)   Constr. rmsd
    2.97609e+02   -1.55019e+02    7.20469e+01    0.00000e+00

           Step           Time
         315000      630.00000

   Energies (kJ/mol)
           Bond          Angle    Proper Dih. Per. Imp. Dih.          LJ-14
    6.99045e+03    1.96529e+04    2.58549e+04    1.20879e+03    9.52001e+03
     Coulomb-14        LJ (SR)  Disper. corr.   Coulomb (SR)   Coul. recip.
    1.19038e+05    4.95765e+05   -2.05747e+04   -3.80458e+06    1.07421e+04
 Position Rest.      Potential    Kinetic En.   Total Energy  Conserved En.
    2.41636e+03   -3.13396e+06    5.47495e+05   -2.58647e+06   -2.54196e+06
    Temperature Pres. DC (bar) Pressure (bar)   Constr. rmsd
    2.98051e+02   -1.54762e+02    4.71499e+01    0.00000e+00

           Step           Time
         315500      631.00000

   Energies (kJ/mol)
           Bond          Angle    Proper Dih. Per. Imp. Dih.          LJ-14
    7.23364e+03    1.97470e+04    2.58437e+04    1.22927e+03    9.54404e+03
     Coulomb-14        LJ (SR)  Disper. corr.   Coulomb (SR)   Coul. recip.
    1.18819e+05    4.94817e+05   -2.05437e+04   -3.80240e+06    1.08650e+04
 Position Rest.      Potential    Kinetic En.   Total Energy  Conserved En.
    2.40771e+03   -3.13244e+06    5.48815e+05   -2.58363e+06   -2.54197e+06
    Temperature Pres. DC (bar) Pressure (bar)   Constr. rmsd
    2.98769e+02   -1.54296e+02    4.51683e+00    0.00000e+00

           Step           Time
         316000      632.00000

   Energies (kJ/mol)
           Bond          Angle    Proper Dih. Per. Imp. Dih.          LJ-14
    7.51305e+03    1.97882e+04    2.56951e+04    1.20299e+03    9.60719e+03
     Coulomb-14        LJ (SR)  Disper. corr.   Coulomb (SR)   Coul. recip.
    1.18967e+05    4.94217e+05   -2.05423e+04   -3.79963e+06    1.07395e+04
 Position Rest.      Potential    Kinetic En.   Total Energy  Conserved En.
    2.51818e+03   -3.12993e+06    5.49612e+05   -2.58032e+06   -2.54195e+06
    Temperature Pres. DC (bar) Pressure (bar)   Constr. rmsd
    2.99203e+02   -1.54275e+02   -2.58175e+01    0.00000e+00

           Step           Time
         316500      633.00000

   Energies (kJ/mol)
           Bond          Angle    Proper Dih. Per. Imp. Dih.          LJ-14
    7.36570e+03    1.97140e+04    2.59164e+04    1.26627e+03    9.60835e+03
     Coulomb-14        LJ (SR)  Disper. corr.   Coulomb (SR)   Coul. recip.
    1.19112e+05    4.93489e+05   -2.05467e+04   -3.80071e+06    1.07777e+04
 Position Rest.      Potential    Kinetic En.   Total Energy  Conserved En.
    2.29075e+03   -3.13172e+06    5.47171e+05   -2.58455e+06   -2.54189e+06
    Temperature Pres. DC (bar) Pressure (bar)   Constr. rmsd
    2.97875e+02   -1.54342e+02   -4.50053e+01    0.00000e+00

           Step           Time
         317000      634.00000

   Energies (kJ/mol)
           Bond          Angle    Proper Dih. Per. Imp. Dih.          LJ-14
    7.15838e+03    2.00433e+04    2.58292e+04    1.19953e+03    9.54610e+03
     Coulomb-14        LJ (SR)  Disper. corr.   Coulomb (SR)   Coul. recip.
    1.18916e+05    4.95128e+05   -2.05744e+04   -3.80046e+06    1.07296e+04
 Position Rest.      Potential    Kinetic En.   Total Energy  Conserved En.
    2.35829e+03   -3.13013e+06    5.48582e+05   -2.58154e+06   -2.54185e+06
    Temperature Pres. DC (bar) Pressure (bar)   Constr. rmsd
    2.98643e+02   -1.54758e+02    4.12248e+01    0.00000e+00

           Step           Time
         317500      635.00000

   Energies (kJ/mol)
           Bond          Angle    Proper Dih. Per. Imp. Dih.          LJ-14
    7.21862e+03    1.96599e+04    2.58819e+04    1.23268e+03    9.54185e+03
     Coulomb-14        LJ (SR)  Disper. corr.   Coulomb (SR)   Coul. recip.
    1.19066e+05    4.93768e+05   -2.05246e+04   -3.80047e+06    1.06788e+04
 Position Rest.      Potential    Kinetic En.   Total Energy  Conserved En.
    2.43523e+03   -3.13151e+06    5.48011e+05   -2.58350e+06   -2.54190e+06
    Temperature Pres. DC (bar) Pressure (bar)   Constr. rmsd
    2.98331e+02   -1.54009e+02   -4.28732e+01    0.00000e+00

           Step           Time
         318000      636.00000

   Energies (kJ/mol)
           Bond          Angle    Proper Dih. Per. Imp. Dih.          LJ-14
    7.43053e+03    1.99285e+04    2.59035e+04    1.18615e+03    9.52956e+03
     Coulomb-14        LJ (SR)  Disper. corr.   Coulomb (SR)   Coul. recip.
    1.19075e+05    4.92781e+05   -2.05937e+04   -3.79901e+06    1.07922e+04
 Position Rest.      Potential    Kinetic En.   Total Energy  Conserved En.
    2.44860e+03   -3.13052e+06    5.47849e+05   -2.58267e+06   -2.54179e+06
    Temperature Pres. DC (bar) Pressure (bar)   Constr. rmsd
    2.98244e+02   -1.55048e+02   -2.81432e+01    0.00000e+00

           Step           Time
         318500      637.00000

   Energies (kJ/mol)
           Bond          Angle    Proper Dih. Per. Imp. Dih.          LJ-14
    7.02925e+03    2.00473e+04    2.57210e+04    1.24815e+03    9.86106e+03
     Coulomb-14        LJ (SR)  Disper. corr.   Coulomb (SR)   Coul. recip.
    1.19101e+05    4.92512e+05   -2.05238e+04   -3.79750e+06    1.07687e+04
 Position Rest.      Potential    Kinetic En.   Total Energy  Conserved En.
    2.47714e+03   -3.12926e+06    5.46768e+05   -2.58249e+06   -2.54177e+06
    Temperature Pres. DC (bar) Pressure (bar)   Constr. rmsd
    2.97655e+02   -1.53997e+02    7.57586e+00    0.00000e+00

           Step           Time
         319000      638.00000

   Energies (kJ/mol)
           Bond          Angle    Proper Dih. Per. Imp. Dih.          LJ-14
    7.30851e+03    2.00535e+04    2.57686e+04    1.21310e+03    9.54177e+03
     Coulomb-14        LJ (SR)  Disper. corr.   Coulomb (SR)   Coul. recip.
    1.19068e+05    4.92472e+05   -2.05699e+04   -3.80122e+06    1.09290e+04
 Position Rest.      Potential    Kinetic En.   Total Energy  Conserved En.
    2.40384e+03   -3.13304e+06    5.48036e+05   -2.58500e+06   -2.54178e+06
    Temperature Pres. DC (bar) Pressure (bar)   Constr. rmsd
    2.98346e+02   -1.54690e+02   -5.23500e+01    0.00000e+00

           Step           Time
         319500      639.00000

   Energies (kJ/mol)
           Bond          Angle    Proper Dih. Per. Imp. Dih.          LJ-14
    6.96045e+03    2.02485e+04    2.58175e+04    1.17755e+03    9.68540e+03
     Coulomb-14        LJ (SR)  Disper. corr.   Coulomb (SR)   Coul. recip.
    1.19027e+05    4.95134e+05   -2.06041e+04   -3.80263e+06    1.06672e+04
 Position Rest.      Potential    Kinetic En.   Total Energy  Conserved En.
    2.52483e+03   -3.13200e+06    5.47027e+05   -2.58497e+06   -2.54175e+06
    Temperature Pres. DC (bar) Pressure (bar)   Constr. rmsd
    2.97796e+02   -1.55204e+02    9.83897e+01    0.00000e+00

           Step           Time
         320000      640.00000

   Energies (kJ/mol)
           Bond          Angle    Proper Dih. Per. Imp. Dih.          LJ-14
    7.29826e+03    2.04061e+04    2.58222e+04    1.21841e+03    9.44325e+03
     Coulomb-14        LJ (SR)  Disper. corr.   Coulomb (SR)   Coul. recip.
    1.18918e+05    4.95727e+05   -2.05054e+04   -3.79874e+06    1.08830e+04
 Position Rest.      Potential    Kinetic En.   Total Energy  Conserved En.
    2.54787e+03   -3.12698e+06    5.48030e+05   -2.57895e+06   -2.54170e+06
    Temperature Pres. DC (bar) Pressure (bar)   Constr. rmsd
    2.98342e+02   -1.53721e+02    4.01484e+01    0.00000e+00

           Step           Time
         320500      641.00000

   Energies (kJ/mol)
           Bond          Angle    Proper Dih. Per. Imp. Dih.          LJ-14
    7.32110e+03    1.99310e+04    2.59445e+04    1.20502e+03    9.54448e+03
     Coulomb-14        LJ (SR)  Disper. corr.   Coulomb (SR)   Coul. recip.
    1.19002e+05    4.93275e+05   -2.05688e+04   -3.79855e+06    1.08009e+04
 Position Rest.      Potential    Kinetic En.   Total Energy  Conserved En.
    2.36189e+03   -3.12973e+06    5.46798e+05   -2.58293e+06   -2.54173e+06
    Temperature Pres. DC (bar) Pressure (bar)   Constr. rmsd
    2.97671e+02   -1.54673e+02   -2.87854e+01    0.00000e+00

           Step           Time
         321000      642.00000

   Energies (kJ/mol)
           Bond          Angle    Proper Dih. Per. Imp. Dih.          LJ-14
    6.86115e+03    2.04436e+04    2.59430e+04    1.19872e+03    9.68286e+03
     Coulomb-14        LJ (SR)  Disper. corr.   Coulomb (SR)   Coul. recip.
    1.19010e+05    4.92149e+05   -2.05782e+04   -3.79934e+06    1.09533e+04
 Position Rest.      Potential    Kinetic En.   Total Energy  Conserved En.
    2.43918e+03   -3.13124e+06    5.46842e+05   -2.58439e+06   -2.54168e+06
    Temperature Pres. DC (bar) Pressure (bar)   Constr. rmsd
    2.97695e+02   -1.54814e+02    1.84823e+01    0.00000e+00

           Step           Time
         321500      643.00000

   Energies (kJ/mol)
           Bond          Angle    Proper Dih. Per. Imp. Dih.          LJ-14
    7.34508e+03    1.93996e+04    2.59190e+04    1.18583e+03    9.59962e+03
     Coulomb-14        LJ (SR)  Disper. corr.   Coulomb (SR)   Coul. recip.
    1.19086e+05    4.93538e+05   -2.05524e+04   -3.80043e+06    1.05755e+04
 Position Rest.      Potential    Kinetic En.   Total Energy  Conserved En.
    2.52093e+03   -3.13181e+06    5.47107e+05   -2.58470e+06   -2.54172e+06
    Temperature Pres. DC (bar) Pressure (bar)   Constr. rmsd
    2.97840e+02   -1.54426e+02   -9.27019e+00    0.00000e+00

           Step           Time
         322000      644.00000

   Energies (kJ/mol)
           Bond          Angle    Proper Dih. Per. Imp. Dih.          LJ-14
    7.41384e+03    1.98907e+04    2.57796e+04    1.23035e+03    9.53090e+03
     Coulomb-14        LJ (SR)  Disper. corr.   Coulomb (SR)   Coul. recip.
    1.18899e+05    4.94082e+05   -2.05830e+04   -3.79990e+06    1.07799e+04
 Position Rest.      Potential    Kinetic En.   Total Energy  Conserved En.
    2.57040e+03   -3.13030e+06    5.47187e+05   -2.58312e+06   -2.54166e+06
    Temperature Pres. DC (bar) Pressure (bar)   Constr. rmsd
    2.97883e+02   -1.54887e+02   -1.24879e+01    0.00000e+00

           Step           Time
         322500      645.00000

   Energies (kJ/mol)
           Bond          Angle    Proper Dih. Per. Imp. Dih.          LJ-14
    7.24253e+03    1.96467e+04    2.60359e+04    1.22425e+03    9.67742e+03
     Coulomb-14        LJ (SR)  Disper. corr.   Coulomb (SR)   Coul. recip.
    1.18836e+05    4.88006e+05   -2.05025e+04   -3.79230e+06    1.07579e+04
 Position Rest.      Potential    Kinetic En.   Total Energy  Conserved En.
    2.52495e+03   -3.12885e+06    5.44945e+05   -2.58390e+06   -2.54164e+06
    Temperature Pres. DC (bar) Pressure (bar)   Constr. rmsd
    2.96663e+02   -1.53678e+02   -1.47282e+02    0.00000e+00

           Step           Time
         323000      646.00000

   Energies (kJ/mol)
           Bond          Angle    Proper Dih. Per. Imp. Dih.          LJ-14
    7.61891e+03    1.97526e+04    2.58025e+04    1.13787e+03    9.62018e+03
     Coulomb-14        LJ (SR)  Disper. corr.   Coulomb (SR)   Coul. recip.
    1.18814e+05    4.95165e+05   -2.06040e+04   -3.80304e+06    1.08887e+04
 Position Rest.      Potential    Kinetic En.   Total Energy  Conserved En.
    2.50033e+03   -3.13234e+06    5.49276e+05   -2.58307e+06   -2.54157e+06
    Temperature Pres. DC (bar) Pressure (bar)   Constr. rmsd
    2.99020e+02   -1.55202e+02    6.99275e+01    0.00000e+00

           Step           Time
         323500      647.00000

   Energies (kJ/mol)
           Bond          Angle    Proper Dih. Per. Imp. Dih.          LJ-14
    7.32998e+03    2.00244e+04    2.57873e+04    1.23810e+03    9.55871e+03
     Coulomb-14        LJ (SR)  Disper. corr.   Coulomb (SR)   Coul. recip.
    1.18905e+05    4.95156e+05   -2.05243e+04   -3.79844e+06    1.10464e+04
 Position Rest.      Potential    Kinetic En.   Total Energy  Conserved En.
    2.58593e+03   -3.12733e+06    5.47945e+05   -2.57939e+06   -2.54156e+06
    Temperature Pres. DC (bar) Pressure (bar)   Constr. rmsd
    2.98296e+02   -1.54006e+02   -2.44716e+01    0.00000e+00

           Step           Time
         324000      648.00000

   Energies (kJ/mol)
           Bond          Angle    Proper Dih. Per. Imp. Dih.          LJ-14
    7.13966e+03    1.96463e+04    2.57951e+04    1.23678e+03    9.56639e+03
     Coulomb-14        LJ (SR)  Disper. corr.   Coulomb (SR)   Coul. recip.
    1.19163e+05    4.91448e+05   -2.05579e+04   -3.79477e+06    1.08575e+04
 Position Rest.      Potential    Kinetic En.   Total Energy  Conserved En.
    2.53517e+03   -3.12794e+06    5.47127e+05   -2.58081e+06   -2.54158e+06
    Temperature Pres. DC (bar) Pressure (bar)   Constr. rmsd
    2.97851e+02   -1.54510e+02    1.35415e+00    0.00000e+00

           Step           Time
         324500      649.00000

   Energies (kJ/mol)
           Bond          Angle    Proper Dih. Per. Imp. Dih.          LJ-14
    7.19060e+03    2.00004e+04    2.58525e+04    1.26735e+03    9.58360e+03
     Coulomb-14        LJ (SR)  Disper. corr.   Coulomb (SR)   Coul. recip.
    1.18583e+05    4.94996e+05   -2.06174e+04   -3.79939e+06    1.07567e+04
 Position Rest.      Potential    Kinetic En.   Total Energy  Conserved En.
    2.47173e+03   -3.12930e+06    5.46786e+05   -2.58252e+06   -2.54151e+06
    Temperature Pres. DC (bar) Pressure (bar)   Constr. rmsd
    2.97665e+02   -1.55404e+02    1.06173e+02    0.00000e+00

           Step           Time
         325000      650.00000

   Energies (kJ/mol)
           Bond          Angle    Proper Dih. Per. Imp. Dih.          LJ-14
    7.29458e+03    2.00547e+04    2.57006e+04    1.25618e+03    9.59871e+03
     Coulomb-14        LJ (SR)  Disper. corr.   Coulomb (SR)   Coul. recip.
    1.18792e+05    4.92248e+05   -2.05257e+04   -3.79634e+06    1.06024e+04
 Position Rest.      Potential    Kinetic En.   Total Energy  Conserved En.
    2.52134e+03   -3.12880e+06    5.46603e+05   -2.58219e+06   -2.54147e+06
    Temperature Pres. DC (bar) Pressure (bar)   Constr. rmsd
    2.97565e+02   -1.54026e+02   -2.08077e+01    0.00000e+00

           Step           Time
         325500      651.00000

   Energies (kJ/mol)
           Bond          Angle    Proper Dih. Per. Imp. Dih.          LJ-14
    7.19661e+03    2.03048e+04    2.57548e+04    1.20749e+03    9.49570e+03
     Coulomb-14        LJ (SR)  Disper. corr.   Coulomb (SR)   Coul. recip.
    1.18836e+05    4.97756e+05   -2.06371e+04   -3.80584e+06    1.09797e+04
 Position Rest.      Potential    Kinetic En.   Total Energy  Conserved En.
    2.42144e+03   -3.13252e+06    5.47154e+05   -2.58537e+06   -2.54142e+06
    Temperature Pres. DC (bar) Pressure (bar)   Constr. rmsd
    2.97865e+02   -1.55701e+02    1.16849e+02    0.00000e+00

           Step           Time
         326000      652.00000

   Energies (kJ/mol)
           Bond          Angle    Proper Dih. Per. Imp. Dih.          LJ-14
    7.05445e+03    2.00791e+04    2.57632e+04    1.27395e+03    9.71348e+03
     Coulomb-14        LJ (SR)  Disper. corr.   Coulomb (SR)   Coul. recip.
    1.19104e+05    4.90887e+05   -2.04696e+04   -3.79369e+06    1.07922e+04
 Position Rest.      Potential    Kinetic En.   Total Energy  Conserved En.
    2.52251e+03   -3.12697e+06    5.47315e+05   -2.57966e+06   -2.54137e+06
    Temperature Pres. DC (bar) Pressure (bar)   Constr. rmsd
    2.97953e+02   -1.53186e+02   -5.00885e+01    0.00000e+00

           Step           Time
         326500      653.00000

   Energies (kJ/mol)
           Bond          Angle    Proper Dih. Per. Imp. Dih.          LJ-14
    7.02733e+03    1.98521e+04    2.57572e+04    1.20457e+03    9.49663e+03
     Coulomb-14        LJ (SR)  Disper. corr.   Coulomb (SR)   Coul. recip.
    1.18915e+05    4.93577e+05   -2.05949e+04   -3.79848e+06    1.08059e+04
 Position Rest.      Potential    Kinetic En.   Total Energy  Conserved En.
    2.49103e+03   -3.12995e+06    5.47273e+05   -2.58267e+06   -2.54134e+06
    Temperature Pres. DC (bar) Pressure (bar)   Constr. rmsd
    2.97930e+02   -1.55066e+02    2.94591e+01    0.00000e+00

           Step           Time
         327000      654.00000

   Energies (kJ/mol)
           Bond          Angle    Proper Dih. Per. Imp. Dih.          LJ-14
    7.48556e+03    1.99161e+04    2.56970e+04    1.23994e+03    9.54769e+03
     Coulomb-14        LJ (SR)  Disper. corr.   Coulomb (SR)   Coul. recip.
    1.18729e+05    4.90299e+05   -2.05122e+04   -3.79408e+06    1.07286e+04
 Position Rest.      Potential    Kinetic En.   Total Energy  Conserved En.
    2.49240e+03   -3.12846e+06    5.48709e+05   -2.57975e+06   -2.54125e+06
    Temperature Pres. DC (bar) Pressure (bar)   Constr. rmsd
    2.98712e+02   -1.53823e+02   -1.41703e+02    0.00000e+00

           Step           Time
         327500      655.00000

   Energies (kJ/mol)
           Bond          Angle    Proper Dih. Per. Imp. Dih.          LJ-14
    7.03953e+03    1.98524e+04    2.57851e+04    1.28569e+03    9.64510e+03
     Coulomb-14        LJ (SR)  Disper. corr.   Coulomb (SR)   Coul. recip.
    1.19100e+05    4.92655e+05   -2.05642e+04   -3.80007e+06    1.07438e+04
 Position Rest.      Potential    Kinetic En.   Total Energy  Conserved En.
    2.46196e+03   -3.13206e+06    5.46181e+05   -2.58588e+06   -2.54120e+06
    Temperature Pres. DC (bar) Pressure (bar)   Constr. rmsd
    2.97335e+02   -1.54605e+02   -3.96511e+01    0.00000e+00

           Step           Time
         328000      656.00000

   Energies (kJ/mol)
           Bond          Angle    Proper Dih. Per. Imp. Dih.          LJ-14
    7.39413e+03    1.98630e+04    2.56590e+04    1.25359e+03    9.55371e+03
     Coulomb-14        LJ (SR)  Disper. corr.   Coulomb (SR)   Coul. recip.
    1.18713e+05    4.98108e+05   -2.06406e+04   -3.80576e+06    1.07183e+04
 Position Rest.      Potential    Kinetic En.   Total Energy  Conserved En.
    2.44191e+03   -3.13270e+06    5.45761e+05   -2.58694e+06   -2.54111e+06
    Temperature Pres. DC (bar) Pressure (bar)   Constr. rmsd
    2.97107e+02   -1.55754e+02    1.60276e+02    0.00000e+00

           Step           Time
         328500      657.00000

   Energies (kJ/mol)
           Bond          Angle    Proper Dih. Per. Imp. Dih.          LJ-14
    7.18614e+03    2.00090e+04    2.58041e+04    1.23802e+03    9.56025e+03
     Coulomb-14        LJ (SR)  Disper. corr.   Coulomb (SR)   Coul. recip.
    1.19497e+05    4.93593e+05   -2.05419e+04   -3.79971e+06    1.07503e+04
 Position Rest.      Potential    Kinetic En.   Total Energy  Conserved En.
    2.42188e+03   -3.13019e+06    5.45972e+05   -2.58422e+06   -2.54107e+06
    Temperature Pres. DC (bar) Pressure (bar)   Constr. rmsd
    2.97222e+02   -1.54269e+02   -2.79321e+01    0.00000e+00

           Step           Time
         329000      658.00000

   Energies (kJ/mol)
           Bond          Angle    Proper Dih. Per. Imp. Dih.          LJ-14
    7.30373e+03    1.96243e+04    2.57240e+04    1.21683e+03    9.52918e+03
     Coulomb-14        LJ (SR)  Disper. corr.   Coulomb (SR)   Coul. recip.
    1.19219e+05    4.92992e+05   -2.05240e+04   -3.79989e+06    1.08499e+04
 Position Rest.      Potential    Kinetic En.   Total Energy  Conserved En.
    2.45968e+03   -3.13150e+06    5.45986e+05   -2.58551e+06   -2.54105e+06
    Temperature Pres. DC (bar) Pressure (bar)   Constr. rmsd
    2.97229e+02   -1.54000e+02   -4.16478e+01    0.00000e+00

           Step           Time
         329500      659.00000

   Energies (kJ/mol)
           Bond          Angle    Proper Dih. Per. Imp. Dih.          LJ-14
    7.07587e+03    1.97021e+04    2.58951e+04    1.20742e+03    9.53628e+03
     Coulomb-14        LJ (SR)  Disper. corr.   Coulomb (SR)   Coul. recip.
    1.18822e+05    4.92148e+05   -2.05193e+04   -3.79564e+06    1.08561e+04
 Position Rest.      Potential    Kinetic En.   Total Energy  Conserved En.
    2.45684e+03   -3.12846e+06    5.46295e+05   -2.58217e+06   -2.54113e+06
    Temperature Pres. DC (bar) Pressure (bar)   Constr. rmsd
    2.97398e+02   -1.53931e+02   -5.41498e+01    0.00000e+00

           Step           Time
         330000      660.00000

   Energies (kJ/mol)
           Bond          Angle    Proper Dih. Per. Imp. Dih.          LJ-14
    7.28375e+03    1.97536e+04    2.57455e+04    1.19473e+03    9.55997e+03
     Coulomb-14        LJ (SR)  Disper. corr.   Coulomb (SR)   Coul. recip.
    1.18927e+05    4.93635e+05   -2.05280e+04   -3.80174e+06    1.08034e+04
 Position Rest.      Potential    Kinetic En.   Total Energy  Conserved En.
    2.31269e+03   -3.13305e+06    5.47538e+05   -2.58551e+06   -2.54108e+06
    Temperature Pres. DC (bar) Pressure (bar)   Constr. rmsd
    2.98074e+02   -1.54061e+02   -4.87671e+01    0.00000e+00

           Step           Time
         330500      661.00000

   Energies (kJ/mol)
           Bond          Angle    Proper Dih. Per. Imp. Dih.          LJ-14
    7.16128e+03    2.02968e+04    2.58699e+04    1.18407e+03    9.43443e+03
     Coulomb-14        LJ (SR)  Disper. corr.   Coulomb (SR)   Coul. recip.
    1.18885e+05    4.93544e+05   -2.05539e+04   -3.79595e+06    1.07015e+04
 Position Rest.      Potential    Kinetic En.   Total Energy  Conserved En.
    2.43791e+03   -3.12699e+06    5.48930e+05   -2.57806e+06   -2.54104e+06
    Temperature Pres. DC (bar) Pressure (bar)   Constr. rmsd
    2.98832e+02   -1.54449e+02    2.11638e+01    0.00000e+00

           Step           Time
         331000      662.00000

   Energies (kJ/mol)
           Bond          Angle    Proper Dih. Per. Imp. Dih.          LJ-14
    7.03580e+03    2.04456e+04    2.57708e+04    1.14537e+03    9.60623e+03
     Coulomb-14        LJ (SR)  Disper. corr.   Coulomb (SR)   Coul. recip.
    1.18735e+05    4.94447e+05   -2.05226e+04   -3.80085e+06    1.07951e+04
 Position Rest.      Potential    Kinetic En.   Total Energy  Conserved En.
    2.49330e+03   -3.13090e+06    5.47070e+05   -2.58383e+06   -2.54103e+06
    Temperature Pres. DC (bar) Pressure (bar)   Constr. rmsd
    2.97820e+02   -1.53979e+02   -3.37999e+01    0.00000e+00

           Step           Time
         331500      663.00000

   Energies (kJ/mol)
           Bond          Angle    Proper Dih. Per. Imp. Dih.          LJ-14
    7.12936e+03    2.04126e+04    2.57759e+04    1.25195e+03    9.60417e+03
     Coulomb-14        LJ (SR)  Disper. corr.   Coulomb (SR)   Coul. recip.
    1.19122e+05    4.96895e+05   -2.05707e+04   -3.80300e+06    1.06858e+04
 Position Rest.      Potential    Kinetic En.   Total Energy  Conserved En.
    2.41301e+03   -3.13029e+06    5.46174e+05   -2.58411e+06   -2.54097e+06
    Temperature Pres. DC (bar) Pressure (bar)   Constr. rmsd
    2.97332e+02   -1.54701e+02    1.00351e+02    0.00000e+00

           Step           Time
         332000      664.00000

   Energies (kJ/mol)
           Bond          Angle    Proper Dih. Per. Imp. Dih.          LJ-14
    7.15470e+03    1.98731e+04    2.59005e+04    1.24236e+03    9.52628e+03
     Coulomb-14        LJ (SR)  Disper. corr.   Coulomb (SR)   Coul. recip.
    1.19024e+05    4.95071e+05   -2.05815e+04   -3.80201e+06    1.06653e+04
 Position Rest.      Potential    Kinetic En.   Total Energy  Conserved En.
    2.37654e+03   -3.13176e+06    5.45347e+05   -2.58641e+06   -2.54096e+06
    Temperature Pres. DC (bar) Pressure (bar)   Constr. rmsd
    2.96882e+02   -1.54863e+02    2.63543e+01    0.00000e+00

           Step           Time
         332500      665.00000

   Energies (kJ/mol)
           Bond          Angle    Proper Dih. Per. Imp. Dih.          LJ-14
    7.14340e+03    1.99023e+04    2.58002e+04    1.13957e+03    9.54119e+03
     Coulomb-14        LJ (SR)  Disper. corr.   Coulomb (SR)   Coul. recip.
    1.19331e+05    4.91817e+05   -2.05616e+04   -3.79684e+06    1.06778e+04
 Position Rest.      Potential    Kinetic En.   Total Energy  Conserved En.
    2.51789e+03   -3.12953e+06    5.46593e+05   -2.58294e+06   -2.54100e+06
    Temperature Pres. DC (bar) Pressure (bar)   Constr. rmsd
    2.97560e+02   -1.54564e+02   -2.90751e+01    0.00000e+00

           Step           Time
         333000      666.00000

   Energies (kJ/mol)
           Bond          Angle    Proper Dih. Per. Imp. Dih.          LJ-14
    7.31538e+03    1.98954e+04    2.59177e+04    1.12123e+03    9.42791e+03
     Coulomb-14        LJ (SR)  Disper. corr.   Coulomb (SR)   Coul. recip.
    1.19063e+05    4.93576e+05   -2.04744e+04   -3.79969e+06    1.08608e+04
 Position Rest.      Potential    Kinetic En.   Total Energy  Conserved En.
    2.42394e+03   -3.13056e+06    5.45925e+05   -2.58463e+06   -2.54091e+06
    Temperature Pres. DC (bar) Pressure (bar)   Constr. rmsd
    2.97196e+02   -1.53258e+02   -7.65326e+01    0.00000e+00

           Step           Time
         333500      667.00000

   Energies (kJ/mol)
           Bond          Angle    Proper Dih. Per. Imp. Dih.          LJ-14
    7.27628e+03    1.96083e+04    2.57858e+04    1.14749e+03    9.46946e+03
     Coulomb-14        LJ (SR)  Disper. corr.   Coulomb (SR)   Coul. recip.
    1.19060e+05    4.95799e+05   -2.06023e+04   -3.80387e+06    1.08641e+04
 Position Rest.      Potential    Kinetic En.   Total Energy  Conserved En.
    2.39378e+03   -3.13307e+06    5.46344e+05   -2.58672e+06   -2.54085e+06
    Temperature Pres. DC (bar) Pressure (bar)   Constr. rmsd
    2.97424e+02   -1.55176e+02    1.99967e+01    0.00000e+00

           Step           Time
         334000      668.00000

   Energies (kJ/mol)
           Bond          Angle    Proper Dih. Per. Imp. Dih.          LJ-14
    7.28293e+03    2.00735e+04    2.59023e+04    1.24393e+03    9.53721e+03
     Coulomb-14        LJ (SR)  Disper. corr.   Coulomb (SR)   Coul. recip.
    1.18865e+05    4.95942e+05   -2.06108e+04   -3.80179e+06    1.07171e+04
 Position Rest.      Potential    Kinetic En.   Total Energy  Conserved En.
    2.39981e+03   -3.13044e+06    5.46805e+05   -2.58364e+06   -2.54079e+06
    Temperature Pres. DC (bar) Pressure (bar)   Constr. rmsd
    2.97675e+02   -1.55305e+02    5.92102e+01    0.00000e+00

           Step           Time
         334500      669.00000

   Energies (kJ/mol)
           Bond          Angle    Proper Dih. Per. Imp. Dih.          LJ-14
    6.99427e+03    1.97319e+04    2.57385e+04    1.24699e+03    9.50741e+03
     Coulomb-14        LJ (SR)  Disper. corr.   Coulomb (SR)   Coul. recip.
    1.18925e+05    4.93920e+05   -2.05147e+04   -3.80035e+06    1.08397e+04
 Position Rest.      Potential    Kinetic En.   Total Energy  Conserved En.
    2.41961e+03   -3.13154e+06    5.44315e+05   -2.58722e+06   -2.54078e+06
    Temperature Pres. DC (bar) Pressure (bar)   Constr. rmsd
    2.96320e+02   -1.53861e+02   -3.72896e+01    0.00000e+00

           Step           Time
         335000      670.00000

   Energies (kJ/mol)
           Bond          Angle    Proper Dih. Per. Imp. Dih.          LJ-14
    7.34118e+03    1.98789e+04    2.57947e+04    1.18789e+03    9.52522e+03
     Coulomb-14        LJ (SR)  Disper. corr.   Coulomb (SR)   Coul. recip.
    1.18938e+05    4.95369e+05   -2.05833e+04   -3.80351e+06    1.10094e+04
 Position Rest.      Potential    Kinetic En.   Total Energy  Conserved En.
    2.40566e+03   -3.13265e+06    5.49056e+05   -2.58359e+06   -2.54074e+06
    Temperature Pres. DC (bar) Pressure (bar)   Constr. rmsd
    2.98900e+02   -1.54892e+02    7.69228e+00    0.00000e+00

           Step           Time
         335500      671.00000

   Energies (kJ/mol)
           Bond          Angle    Proper Dih. Per. Imp. Dih.          LJ-14
    7.12334e+03    2.00824e+04    2.59142e+04    1.26232e+03    9.57797e+03
     Coulomb-14        LJ (SR)  Disper. corr.   Coulomb (SR)   Coul. recip.
    1.18760e+05    4.95670e+05   -2.06043e+04   -3.80271e+06    1.06452e+04
 Position Rest.      Potential    Kinetic En.   Total Energy  Conserved En.
    2.34922e+03   -3.13193e+06    5.44436e+05   -2.58749e+06   -2.54071e+06
    Temperature Pres. DC (bar) Pressure (bar)   Constr. rmsd
    2.96386e+02   -1.55207e+02    6.48118e+01    0.00000e+00

           Step           Time
         336000      672.00000

   Energies (kJ/mol)
           Bond          Angle    Proper Dih. Per. Imp. Dih.          LJ-14
    7.23590e+03    1.97424e+04    2.56610e+04    1.17784e+03    9.68200e+03
     Coulomb-14        LJ (SR)  Disper. corr.   Coulomb (SR)   Coul. recip.
    1.19049e+05    4.89382e+05   -2.05294e+04   -3.79565e+06    1.08125e+04
 Position Rest.      Potential    Kinetic En.   Total Energy  Conserved En.
    2.47235e+03   -3.13097e+06    5.45842e+05   -2.58512e+06   -2.54070e+06
    Temperature Pres. DC (bar) Pressure (bar)   Constr. rmsd
    2.97151e+02   -1.54081e+02   -1.42953e+02    0.00000e+00

           Step           Time
         336500      673.00000

   Energies (kJ/mol)
           Bond          Angle    Proper Dih. Per. Imp. Dih.          LJ-14
    7.36836e+03    1.95491e+04    2.57083e+04    1.14693e+03    9.44655e+03
     Coulomb-14        LJ (SR)  Disper. corr.   Coulomb (SR)   Coul. recip.
    1.19165e+05    4.88807e+05   -2.05537e+04   -3.79643e+06    1.07954e+04
 Position Rest.      Potential    Kinetic En.   Total Energy  Conserved En.
    2.44516e+03   -3.13255e+06    5.45130e+05   -2.58742e+06   -2.54071e+06
    Temperature Pres. DC (bar) Pressure (bar)   Constr. rmsd
    2.96763e+02   -1.54446e+02   -1.84671e+02    0.00000e+00

           Step           Time
         337000      674.00000

   Energies (kJ/mol)
           Bond          Angle    Proper Dih. Per. Imp. Dih.          LJ-14
    7.17658e+03    1.97352e+04    2.58740e+04    1.28041e+03    9.49050e+03
     Coulomb-14        LJ (SR)  Disper. corr.   Coulomb (SR)   Coul. recip.
    1.19249e+05    4.94093e+05   -2.06280e+04   -3.80351e+06    1.07125e+04
 Position Rest.      Potential    Kinetic En.   Total Energy  Conserved En.
    2.51643e+03   -3.13401e+06    5.47856e+05   -2.58616e+06   -2.54066e+06
    Temperature Pres. DC (bar) Pressure (bar)   Constr. rmsd
    2.98247e+02   -1.55563e+02   -6.22067e+01    0.00000e+00

           Step           Time
         337500      675.00000

   Energies (kJ/mol)
           Bond          Angle    Proper Dih. Per. Imp. Dih.          LJ-14
    7.04851e+03    1.97940e+04    2.58262e+04    1.21577e+03    9.74023e+03
     Coulomb-14        LJ (SR)  Disper. corr.   Coulomb (SR)   Coul. recip.
    1.19195e+05    4.91979e+05   -2.04978e+04   -3.79795e+06    1.09044e+04
 Position Rest.      Potential    Kinetic En.   Total Energy  Conserved En.
    2.43797e+03   -3.13030e+06    5.48114e+05   -2.58219e+06   -2.54062e+06
    Temperature Pres. DC (bar) Pressure (bar)   Constr. rmsd
    2.98388e+02   -1.53608e+02   -5.11177e+01    0.00000e+00

           Step           Time
         338000      676.00000

   Energies (kJ/mol)
           Bond          Angle    Proper Dih. Per. Imp. Dih.          LJ-14
    7.17361e+03    1.98685e+04    2.57724e+04    1.28641e+03    9.61238e+03
     Coulomb-14        LJ (SR)  Disper. corr.   Coulomb (SR)   Coul. recip.
    1.18840e+05    4.96678e+05   -2.06142e+04   -3.80377e+06    1.06533e+04
 Position Rest.      Potential    Kinetic En.   Total Energy  Conserved En.
    2.42448e+03   -3.13207e+06    5.49806e+05   -2.58226e+06   -2.54055e+06
    Temperature Pres. DC (bar) Pressure (bar)   Constr. rmsd
    2.99309e+02   -1.55355e+02    1.69566e+02    0.00000e+00

           Step           Time
         338500      677.00000

   Energies (kJ/mol)
           Bond          Angle    Proper Dih. Per. Imp. Dih.          LJ-14
    7.36459e+03    2.02218e+04    2.57343e+04    1.13261e+03    9.49128e+03
     Coulomb-14        LJ (SR)  Disper. corr.   Coulomb (SR)   Coul. recip.
    1.18616e+05    4.92194e+05   -2.05175e+04   -3.79689e+06    1.08817e+04
 Position Rest.      Potential    Kinetic En.   Total Energy  Conserved En.
    2.41794e+03   -3.12935e+06    5.46351e+05   -2.58300e+06   -2.54047e+06
    Temperature Pres. DC (bar) Pressure (bar)   Constr. rmsd
    2.97428e+02   -1.53903e+02   -2.40084e+01    0.00000e+00

           Step           Time
         339000      678.00000

   Energies (kJ/mol)
           Bond          Angle    Proper Dih. Per. Imp. Dih.          LJ-14
    7.18808e+03    2.02187e+04    2.59995e+04    1.29927e+03    9.53306e+03
     Coulomb-14        LJ (SR)  Disper. corr.   Coulomb (SR)   Coul. recip.
    1.18888e+05    4.91107e+05   -2.05699e+04   -3.79846e+06    1.08192e+04
 Position Rest.      Potential    Kinetic En.   Total Energy  Conserved En.
    2.48090e+03   -3.13150e+06    5.45594e+05   -2.58590e+06   -2.54046e+06
    Temperature Pres. DC (bar) Pressure (bar)   Constr. rmsd
    2.97016e+02   -1.54689e+02   -8.43242e+01    0.00000e+00

           Step           Time
         339500      679.00000

   Energies (kJ/mol)
           Bond          Angle    Proper Dih. Per. Imp. Dih.          LJ-14
    7.49339e+03    1.99352e+04    2.58270e+04    1.23977e+03    9.67104e+03
     Coulomb-14        LJ (SR)  Disper. corr.   Coulomb (SR)   Coul. recip.
    1.19417e+05    4.97050e+05   -2.06217e+04   -3.80418e+06    1.07386e+04
 Position Rest.      Potential    Kinetic En.   Total Energy  Conserved En.
    2.43367e+03   -3.13100e+06    5.48528e+05   -2.58247e+06   -2.54042e+06
    Temperature Pres. DC (bar) Pressure (bar)   Constr. rmsd
    2.98613e+02   -1.55469e+02    1.49936e+02    0.00000e+00

           Step           Time
         340000      680.00000

   Energies (kJ/mol)
           Bond          Angle    Proper Dih. Per. Imp. Dih.          LJ-14
    7.26199e+03    1.96623e+04    2.58440e+04    1.27572e+03    9.49985e+03
     Coulomb-14        LJ (SR)  Disper. corr.   Coulomb (SR)   Coul. recip.
    1.19214e+05    4.91124e+05   -2.04904e+04   -3.79550e+06    1.07153e+04
 Position Rest.      Potential    Kinetic En.   Total Energy  Conserved En.
    2.60391e+03   -3.12879e+06    5.46936e+05   -2.58185e+06   -2.54037e+06
    Temperature Pres. DC (bar) Pressure (bar)   Constr. rmsd
    2.97746e+02   -1.53497e+02   -1.00310e+02    0.00000e+00

           Step           Time
         340500      681.00000

   Energies (kJ/mol)
           Bond          Angle    Proper Dih. Per. Imp. Dih.          LJ-14
    7.19656e+03    2.01753e+04    2.57108e+04    1.21684e+03    9.45154e+03
     Coulomb-14        LJ (SR)  Disper. corr.   Coulomb (SR)   Coul. recip.
    1.18918e+05    4.95875e+05   -2.05646e+04   -3.80453e+06    1.08119e+04
 Position Rest.      Potential    Kinetic En.   Total Energy  Conserved En.
    2.52329e+03   -3.13322e+06    5.48238e+05   -2.58498e+06   -2.54032e+06
    Temperature Pres. DC (bar) Pressure (bar)   Constr. rmsd
    2.98455e+02   -1.54611e+02   -5.43108e+01    0.00000e+00

           Step           Time
         341000      682.00000

   Energies (kJ/mol)
           Bond          Angle    Proper Dih. Per. Imp. Dih.          LJ-14
    7.21141e+03    1.98625e+04    2.57856e+04    1.18113e+03    9.69228e+03
     Coulomb-14        LJ (SR)  Disper. corr.   Coulomb (SR)   Coul. recip.
    1.19239e+05    4.95941e+05   -2.05633e+04   -3.80075e+06    1.08173e+04
 Position Rest.      Potential    Kinetic En.   Total Energy  Conserved En.
    2.52812e+03   -3.12905e+06    5.47239e+05   -2.58181e+06   -2.54035e+06
    Temperature Pres. DC (bar) Pressure (bar)   Constr. rmsd
    2.97911e+02   -1.54590e+02    7.03568e+01    0.00000e+00

           Step           Time
         341500      683.00000

   Energies (kJ/mol)
           Bond          Angle    Proper Dih. Per. Imp. Dih.          LJ-14
    7.11786e+03    1.95729e+04    2.57421e+04    1.12073e+03    9.52446e+03
     Coulomb-14        LJ (SR)  Disper. corr.   Coulomb (SR)   Coul. recip.
    1.19147e+05    4.92024e+05   -2.05466e+04   -3.79912e+06    1.07034e+04
 Position Rest.      Potential    Kinetic En.   Total Energy  Conserved En.
    2.35817e+03   -3.13236e+06    5.47226e+05   -2.58513e+06   -2.54035e+06
    Temperature Pres. DC (bar) Pressure (bar)   Constr. rmsd
    2.97904e+02   -1.54339e+02   -7.72449e+01    0.00000e+00

           Step           Time
         342000      684.00000

   Energies (kJ/mol)
           Bond          Angle    Proper Dih. Per. Imp. Dih.          LJ-14
    7.19770e+03    2.00550e+04    2.58200e+04    1.14776e+03    9.62089e+03
     Coulomb-14        LJ (SR)  Disper. corr.   Coulomb (SR)   Coul. recip.
    1.18788e+05    4.93283e+05   -2.05888e+04   -3.79804e+06    1.06806e+04
 Position Rest.      Potential    Kinetic En.   Total Energy  Conserved En.
    2.40340e+03   -3.12963e+06    5.47617e+05   -2.58201e+06   -2.54028e+06
    Temperature Pres. DC (bar) Pressure (bar)   Constr. rmsd
    2.98117e+02   -1.54974e+02    6.76338e+01    0.00000e+00

           Step           Time
         342500      685.00000

   Energies (kJ/mol)
           Bond          Angle    Proper Dih. Per. Imp. Dih.          LJ-14
    7.12411e+03    2.03938e+04    2.57471e+04    1.23158e+03    9.50790e+03
     Coulomb-14        LJ (SR)  Disper. corr.   Coulomb (SR)   Coul. recip.
    1.18900e+05    4.92509e+05   -2.05703e+04   -3.79604e+06    1.07631e+04
 Position Rest.      Potential    Kinetic En.   Total Energy  Conserved En.
    2.42535e+03   -3.12801e+06    5.48667e+05   -2.57934e+06   -2.54029e+06
    Temperature Pres. DC (bar) Pressure (bar)   Constr. rmsd
    2.98689e+02   -1.54696e+02    1.10280e+01    0.00000e+00

           Step           Time
         343000      686.00000

   Energies (kJ/mol)
           Bond          Angle    Proper Dih. Per. Imp. Dih.          LJ-14
    7.31024e+03    1.94903e+04    2.57796e+04    1.15399e+03    9.50598e+03
     Coulomb-14        LJ (SR)  Disper. corr.   Coulomb (SR)   Coul. recip.
    1.19286e+05    4.94354e+05   -2.05629e+04   -3.80303e+06    1.06633e+04
 Position Rest.      Potential    Kinetic En.   Total Energy  Conserved En.
    2.50497e+03   -3.13354e+06    5.45839e+05   -2.58770e+06   -2.54026e+06
    Temperature Pres. DC (bar) Pressure (bar)   Constr. rmsd
    2.97149e+02   -1.54584e+02    2.35221e+01    0.00000e+00

           Step           Time
         343500      687.00000

   Energies (kJ/mol)
           Bond          Angle    Proper Dih. Per. Imp. Dih.          LJ-14
    6.96521e+03    1.98755e+04    2.58467e+04    1.24673e+03    9.62346e+03
     Coulomb-14        LJ (SR)  Disper. corr.   Coulomb (SR)   Coul. recip.
    1.19179e+05    4.94268e+05   -2.05870e+04   -3.80123e+06    1.06804e+04
 Position Rest.      Potential    Kinetic En.   Total Energy  Conserved En.
    2.37086e+03   -3.13176e+06    5.46463e+05   -2.58530e+06   -2.54026e+06
    Temperature Pres. DC (bar) Pressure (bar)   Constr. rmsd
    2.97489e+02   -1.54946e+02   -2.57254e+00    0.00000e+00

           Step           Time
         344000      688.00000

   Energies (kJ/mol)
           Bond          Angle    Proper Dih. Per. Imp. Dih.          LJ-14
    7.41138e+03    2.00130e+04    2.57740e+04    1.17591e+03    9.56575e+03
     Coulomb-14        LJ (SR)  Disper. corr.   Coulomb (SR)   Coul. recip.
    1.18661e+05    4.93794e+05   -2.05516e+04   -3.79693e+06    1.07415e+04
 Position Rest.      Potential    Kinetic En.   Total Energy  Conserved En.
    2.54213e+03   -3.12780e+06    5.47875e+05   -2.57992e+06   -2.54028e+06
    Temperature Pres. DC (bar) Pressure (bar)   Constr. rmsd
    2.98258e+02   -1.54415e+02   -2.78848e-01    0.00000e+00

           Step           Time
         344500      689.00000

   Energies (kJ/mol)
           Bond          Angle    Proper Dih. Per. Imp. Dih.          LJ-14
    7.29250e+03    2.00393e+04    2.57776e+04    1.17934e+03    9.56796e+03
     Coulomb-14        LJ (SR)  Disper. corr.   Coulomb (SR)   Coul. recip.
    1.18620e+05    4.96756e+05   -2.05998e+04   -3.80511e+06    1.07962e+04
 Position Rest.      Potential    Kinetic En.   Total Energy  Conserved En.
    2.50578e+03   -3.13317e+06    5.47816e+05   -2.58536e+06   -2.54024e+06
    Temperature Pres. DC (bar) Pressure (bar)   Constr. rmsd
    2.98226e+02   -1.55140e+02    1.50566e+02    0.00000e+00

           Step           Time
         345000      690.00000

   Energies (kJ/mol)
           Bond          Angle    Proper Dih. Per. Imp. Dih.          LJ-14
    7.25423e+03    1.98232e+04    2.58003e+04    1.19530e+03    9.65517e+03
     Coulomb-14        LJ (SR)  Disper. corr.   Coulomb (SR)   Coul. recip.
    1.19008e+05    4.94953e+05   -2.05680e+04   -3.80236e+06    1.07685e+04
 Position Rest.      Potential    Kinetic En.   Total Energy  Conserved En.
    2.46061e+03   -3.13201e+06    5.46530e+05   -2.58548e+06   -2.54019e+06
    Temperature Pres. DC (bar) Pressure (bar)   Constr. rmsd
    2.97525e+02   -1.54661e+02    2.01398e+01    0.00000e+00

           Step           Time
         345500      691.00000

   Energies (kJ/mol)
           Bond          Angle    Proper Dih. Per. Imp. Dih.          LJ-14
    7.36261e+03    1.97463e+04    2.57244e+04    1.22232e+03    9.58834e+03
     Coulomb-14        LJ (SR)  Disper. corr.   Coulomb (SR)   Coul. recip.
    1.19011e+05    4.95734e+05   -2.05938e+04   -3.80130e+06    1.08100e+04
 Position Rest.      Potential    Kinetic En.   Total Energy  Conserved En.
    2.47791e+03   -3.13021e+06    5.47189e+05   -2.58302e+06   -2.54019e+06
    Temperature Pres. DC (bar) Pressure (bar)   Constr. rmsd
    2.97884e+02   -1.55049e+02    7.18576e+01    0.00000e+00

           Step           Time
         346000      692.00000

   Energies (kJ/mol)
           Bond          Angle    Proper Dih. Per. Imp. Dih.          LJ-14
    7.29457e+03    2.01319e+04    2.58165e+04    1.22141e+03    9.82215e+03
     Coulomb-14        LJ (SR)  Disper. corr.   Coulomb (SR)   Coul. recip.
    1.19195e+05    4.87320e+05   -2.04926e+04   -3.78961e+06    1.08488e+04
 Position Rest.      Potential    Kinetic En.   Total Energy  Conserved En.
    2.43666e+03   -3.12602e+06    5.48009e+05   -2.57801e+06   -2.54006e+06
    Temperature Pres. DC (bar) Pressure (bar)   Constr. rmsd
    2.98331e+02   -1.53530e+02   -1.00191e+02    0.00000e+00

           Step           Time
         346500      693.00000

   Energies (kJ/mol)
           Bond          Angle    Proper Dih. Per. Imp. Dih.          LJ-14
    7.10513e+03    1.93708e+04    2.57555e+04    1.25320e+03    9.64615e+03
     Coulomb-14        LJ (SR)  Disper. corr.   Coulomb (SR)   Coul. recip.
    1.18989e+05    4.92901e+05   -2.05457e+04   -3.79990e+06    1.07477e+04
 Position Rest.      Potential    Kinetic En.   Total Energy  Conserved En.
    2.41816e+03   -3.13226e+06    5.48820e+05   -2.58344e+06   -2.54009e+06
    Temperature Pres. DC (bar) Pressure (bar)   Constr. rmsd
    2.98772e+02   -1.54326e+02   -5.39334e+01    0.00000e+00

           Step           Time
         347000      694.00000

   Energies (kJ/mol)
           Bond          Angle    Proper Dih. Per. Imp. Dih.          LJ-14
    7.37819e+03    2.00280e+04    2.57934e+04    1.17168e+03    9.56957e+03
     Coulomb-14        LJ (SR)  Disper. corr.   Coulomb (SR)   Coul. recip.
    1.19025e+05    4.93050e+05   -2.05597e+04   -3.79936e+06    1.07925e+04
 Position Rest.      Potential    Kinetic En.   Total Energy  Conserved En.
    2.47444e+03   -3.13064e+06    5.46506e+05   -2.58414e+06   -2.53997e+06
    Temperature Pres. DC (bar) Pressure (bar)   Constr. rmsd
    2.97512e+02   -1.54537e+02   -7.29372e+01    0.00000e+00

           Step           Time
         347500      695.00000

   Energies (kJ/mol)
           Bond          Angle    Proper Dih. Per. Imp. Dih.          LJ-14
    7.29285e+03    1.99543e+04    2.56818e+04    1.30167e+03    9.51033e+03
     Coulomb-14        LJ (SR)  Disper. corr.   Coulomb (SR)   Coul. recip.
    1.18723e+05    4.93834e+05   -2.05233e+04   -3.80130e+06    1.07819e+04
 Position Rest.      Potential    Kinetic En.   Total Energy  Conserved En.
    2.50930e+03   -3.13224e+06    5.49104e+05   -2.58313e+06   -2.53991e+06
    Temperature Pres. DC (bar) Pressure (bar)   Constr. rmsd
    2.98927e+02   -1.53990e+02   -1.42980e+01    0.00000e+00

           Step           Time
         348000      696.00000

   Energies (kJ/mol)
           Bond          Angle    Proper Dih. Per. Imp. Dih.          LJ-14
    7.07045e+03    1.94985e+04    2.57676e+04    1.22300e+03    9.61222e+03
     Coulomb-14        LJ (SR)  Disper. corr.   Coulomb (SR)   Coul. recip.
    1.19015e+05    4.90068e+05   -2.05355e+04   -3.79676e+06    1.07820e+04
 Position Rest.      Potential    Kinetic En.   Total Energy  Conserved En.
    2.52265e+03   -3.13174e+06    5.46603e+05   -2.58513e+06   -2.53993e+06
    Temperature Pres. DC (bar) Pressure (bar)   Constr. rmsd
    2.97565e+02   -1.54174e+02   -8.88953e+01    0.00000e+00

           Step           Time
         348500      697.00000

   Energies (kJ/mol)
           Bond          Angle    Proper Dih. Per. Imp. Dih.          LJ-14
    7.44986e+03    1.98469e+04    2.58790e+04    1.13652e+03    9.48612e+03
     Coulomb-14        LJ (SR)  Disper. corr.   Coulomb (SR)   Coul. recip.
    1.18977e+05    4.93682e+05   -2.05542e+04   -3.79643e+06    1.09470e+04
 Position Rest.      Potential    Kinetic En.   Total Energy  Conserved En.
    2.48361e+03   -3.12709e+06    5.46486e+05   -2.58061e+06   -2.53989e+06
    Temperature Pres. DC (bar) Pressure (bar)   Constr. rmsd
    2.97501e+02   -1.54454e+02    2.62379e+01    0.00000e+00

           Step           Time
         349000      698.00000

   Energies (kJ/mol)
           Bond          Angle    Proper Dih. Per. Imp. Dih.          LJ-14
    7.36328e+03    2.02054e+04    2.58285e+04    1.23379e+03    9.43803e+03
     Coulomb-14        LJ (SR)  Disper. corr.   Coulomb (SR)   Coul. recip.
    1.18706e+05    4.93441e+05   -2.06011e+04   -3.79830e+06    1.08937e+04
 Position Rest.      Potential    Kinetic En.   Total Energy  Conserved En.
    2.56023e+03   -3.12923e+06    5.48129e+05   -2.58110e+06   -2.53988e+06
    Temperature Pres. DC (bar) Pressure (bar)   Constr. rmsd
    2.98396e+02   -1.55160e+02   -2.37411e+00    0.00000e+00

           Step           Time
         349500      699.00000

   Energies (kJ/mol)
           Bond          Angle    Proper Dih. Per. Imp. Dih.          LJ-14
    7.50301e+03    1.99323e+04    2.59010e+04    1.24788e+03    9.48697e+03
     Coulomb-14        LJ (SR)  Disper. corr.   Coulomb (SR)   Coul. recip.
    1.18760e+05    4.92908e+05   -2.05776e+04   -3.79932e+06    1.06713e+04
 Position Rest.      Potential    Kinetic En.   Total Energy  Conserved En.
    2.43950e+03   -3.13105e+06    5.47342e+05   -2.58371e+06   -2.53984e+06
    Temperature Pres. DC (bar) Pressure (bar)   Constr. rmsd
    2.97967e+02   -1.54805e+02   -5.16730e+01    0.00000e+00

           Step           Time
         350000      700.00000

   Energies (kJ/mol)
           Bond          Angle    Proper Dih. Per. Imp. Dih.          LJ-14
    7.12980e+03    2.02216e+04    2.57976e+04    1.18501e+03    9.48032e+03
     Coulomb-14        LJ (SR)  Disper. corr.   Coulomb (SR)   Coul. recip.
    1.18974e+05    4.94758e+05   -2.05386e+04   -3.80228e+06    1.08268e+04
 Position Rest.      Potential    Kinetic En.   Total Energy  Conserved En.
    2.49268e+03   -3.13196e+06    5.46523e+05   -2.58543e+06   -2.53983e+06
    Temperature Pres. DC (bar) Pressure (bar)   Constr. rmsd
    2.97522e+02   -1.54220e+02   -1.92705e+01    0.00000e+00

           Step           Time
         350500      701.00000

   Energies (kJ/mol)
           Bond          Angle    Proper Dih. Per. Imp. Dih.          LJ-14
    7.41819e+03    1.96643e+04    2.58729e+04    1.09675e+03    9.50742e+03
     Coulomb-14        LJ (SR)  Disper. corr.   Coulomb (SR)   Coul. recip.
    1.19040e+05    4.91142e+05   -2.05674e+04   -3.79756e+06    1.07747e+04
 Position Rest.      Potential    Kinetic En.   Total Energy  Conserved En.
    2.46409e+03   -3.13115e+06    5.47743e+05   -2.58341e+06   -2.53982e+06
    Temperature Pres. DC (bar) Pressure (bar)   Constr. rmsd
    2.98186e+02   -1.54652e+02   -9.27243e+01    0.00000e+00

           Step           Time
         351000      702.00000

   Energies (kJ/mol)
           Bond          Angle    Proper Dih. Per. Imp. Dih.          LJ-14
    7.36467e+03    1.99858e+04    2.58076e+04    1.18350e+03    9.54344e+03
     Coulomb-14        LJ (SR)  Disper. corr.   Coulomb (SR)   Coul. recip.
    1.18863e+05    4.90285e+05   -2.05290e+04   -3.79454e+06    1.07508e+04
 Position Rest.      Potential    Kinetic En.   Total Energy  Conserved En.
    2.45392e+03   -3.12883e+06    5.48746e+05   -2.58008e+06   -2.53974e+06
    Temperature Pres. DC (bar) Pressure (bar)   Constr. rmsd
    2.98732e+02   -1.54076e+02   -1.37744e+02    0.00000e+00

           Step           Time
         351500      703.00000

   Energies (kJ/mol)
           Bond          Angle    Proper Dih. Per. Imp. Dih.          LJ-14
    7.22304e+03    1.99713e+04    2.58057e+04    1.20266e+03    9.55757e+03
     Coulomb-14        LJ (SR)  Disper. corr.   Coulomb (SR)   Coul. recip.
    1.19171e+05    4.96474e+05   -2.05722e+04   -3.80176e+06    1.08346e+04
 Position Rest.      Potential    Kinetic En.   Total Energy  Conserved En.
    2.35495e+03   -3.12974e+06    5.47059e+05   -2.58268e+06   -2.53968e+06
    Temperature Pres. DC (bar) Pressure (bar)   Constr. rmsd
    2.97814e+02   -1.54724e+02    1.27171e+02    0.00000e+00

           Step           Time
         352000      704.00000

   Energies (kJ/mol)
           Bond          Angle    Proper Dih. Per. Imp. Dih.          LJ-14
    7.50078e+03    1.99841e+04    2.57865e+04    1.21092e+03    9.54393e+03
     Coulomb-14        LJ (SR)  Disper. corr.   Coulomb (SR)   Coul. recip.
    1.19561e+05    4.91243e+05   -2.05690e+04   -3.79695e+06    1.06587e+04
 Position Rest.      Potential    Kinetic En.   Total Energy  Conserved En.
    2.42182e+03   -3.12961e+06    5.47796e+05   -2.58182e+06   -2.53968e+06
    Temperature Pres. DC (bar) Pressure (bar)   Constr. rmsd
    2.98215e+02   -1.54676e+02   -1.67867e+02    0.00000e+00

           Step           Time
         352500      705.00000

   Energies (kJ/mol)
           Bond          Angle    Proper Dih. Per. Imp. Dih.          LJ-14
    6.84286e+03    1.98831e+04    2.57967e+04    1.20159e+03    9.58681e+03
     Coulomb-14        LJ (SR)  Disper. corr.   Coulomb (SR)   Coul. recip.
    1.18949e+05    4.92763e+05   -2.06043e+04   -3.80079e+06    1.07575e+04
 Position Rest.      Potential    Kinetic En.   Total Energy  Conserved En.
    2.52107e+03   -3.13309e+06    5.47846e+05   -2.58524e+06   -2.53970e+06
    Temperature Pres. DC (bar) Pressure (bar)   Constr. rmsd
    2.98242e+02   -1.55206e+02   -1.09979e+01    0.00000e+00

           Step           Time
         353000      706.00000

   Energies (kJ/mol)
           Bond          Angle    Proper Dih. Per. Imp. Dih.          LJ-14
    7.16434e+03    1.96786e+04    2.60569e+04    1.28225e+03    9.60657e+03
     Coulomb-14        LJ (SR)  Disper. corr.   Coulomb (SR)   Coul. recip.
    1.18819e+05    4.95157e+05   -2.05224e+04   -3.80196e+06    1.07742e+04
 Position Rest.      Potential    Kinetic En.   Total Energy  Conserved En.
    2.36262e+03   -3.13158e+06    5.49746e+05   -2.58184e+06   -2.53963e+06
    Temperature Pres. DC (bar) Pressure (bar)   Constr. rmsd
    2.99276e+02   -1.53976e+02   -2.30590e+01    0.00000e+00

           Step           Time
         353500      707.00000

   Energies (kJ/mol)
           Bond          Angle    Proper Dih. Per. Imp. Dih.          LJ-14
    7.10544e+03    2.02493e+04    2.56543e+04    1.09163e+03    9.52127e+03
     Coulomb-14        LJ (SR)  Disper. corr.   Coulomb (SR)   Coul. recip.
    1.19049e+05    4.93404e+05   -2.05586e+04   -3.80026e+06    1.07065e+04
 Position Rest.      Potential    Kinetic En.   Total Energy  Conserved En.
    2.41646e+03   -3.13162e+06    5.48384e+05   -2.58323e+06   -2.53961e+06
    Temperature Pres. DC (bar) Pressure (bar)   Constr. rmsd
    2.98535e+02   -1.54520e+02    4.09575e+01    0.00000e+00

           Step           Time
         354000      708.00000

   Energies (kJ/mol)
           Bond          Angle    Proper Dih. Per. Imp. Dih.          LJ-14
    7.06137e+03    2.00969e+04    2.58170e+04    1.24734e+03    9.60112e+03
     Coulomb-14        LJ (SR)  Disper. corr.   Coulomb (SR)   Coul. recip.
    1.18576e+05    4.94966e+05   -2.06478e+04   -3.80281e+06    1.05949e+04
 Position Rest.      Potential    Kinetic En.   Total Energy  Conserved En.
    2.48355e+03   -3.13301e+06    5.47691e+05   -2.58532e+06   -2.53958e+06
    Temperature Pres. DC (bar) Pressure (bar)   Constr. rmsd
    2.98157e+02   -1.55862e+02    1.03743e+02    0.00000e+00

           Step           Time
         354500      709.00000

   Energies (kJ/mol)
           Bond          Angle    Proper Dih. Per. Imp. Dih.          LJ-14
    7.19019e+03    2.03527e+04    2.57532e+04    1.09752e+03    9.70155e+03
     Coulomb-14        LJ (SR)  Disper. corr.   Coulomb (SR)   Coul. recip.
    1.18933e+05    4.93142e+05   -2.04907e+04   -3.79795e+06    1.08273e+04
 Position Rest.      Potential    Kinetic En.   Total Energy  Conserved En.
    2.40069e+03   -3.12905e+06    5.46352e+05   -2.58270e+06   -2.53947e+06
    Temperature Pres. DC (bar) Pressure (bar)   Constr. rmsd
    2.97428e+02   -1.53502e+02   -2.57276e+01    0.00000e+00

           Step           Time
         355000      710.00000

   Energies (kJ/mol)
           Bond          Angle    Proper Dih. Per. Imp. Dih.          LJ-14
    7.26561e+03    1.99014e+04    2.58514e+04    1.26728e+03    9.45711e+03
     Coulomb-14        LJ (SR)  Disper. corr.   Coulomb (SR)   Coul. recip.
    1.18539e+05    4.97260e+05   -2.06183e+04   -3.80432e+06    1.08427e+04
 Position Rest.      Potential    Kinetic En.   Total Energy  Conserved En.
    2.53310e+03   -3.13202e+06    5.48462e+05   -2.58356e+06   -2.53944e+06
    Temperature Pres. DC (bar) Pressure (bar)   Constr. rmsd
    2.98577e+02   -1.55417e+02    6.47350e+01    0.00000e+00

           Step           Time
         355500      711.00000

   Energies (kJ/mol)
           Bond          Angle    Proper Dih. Per. Imp. Dih.          LJ-14
    7.23898e+03    1.96291e+04    2.57403e+04    1.32050e+03    9.63545e+03
     Coulomb-14        LJ (SR)  Disper. corr.   Coulomb (SR)   Coul. recip.
    1.19171e+05    4.90864e+05   -2.05774e+04   -3.79827e+06    1.07286e+04
 Position Rest.      Potential    Kinetic En.   Total Energy  Conserved En.
    2.47113e+03   -3.13205e+06    5.47182e+05   -2.58487e+06   -2.53938e+06
    Temperature Pres. DC (bar) Pressure (bar)   Constr. rmsd
    2.97881e+02   -1.54803e+02    2.85516e+00    0.00000e+00

           Step           Time
         356000      712.00000

   Energies (kJ/mol)
           Bond          Angle    Proper Dih. Per. Imp. Dih.          LJ-14
    7.13829e+03    2.00251e+04    2.59853e+04    1.20697e+03    9.41715e+03
     Coulomb-14        LJ (SR)  Disper. corr.   Coulomb (SR)   Coul. recip.
    1.18904e+05    4.94380e+05   -2.05370e+04   -3.80098e+06    1.07110e+04
 Position Rest.      Potential    Kinetic En.   Total Energy  Conserved En.
    2.52399e+03   -3.13123e+06    5.47002e+05   -2.58422e+06   -2.53938e+06
    Temperature Pres. DC (bar) Pressure (bar)   Constr. rmsd
    2.97782e+02   -1.54195e+02   -1.17704e+01    0.00000e+00

           Step           Time
         356500      713.00000

   Energies (kJ/mol)
           Bond          Angle    Proper Dih. Per. Imp. Dih.          LJ-14
    7.43374e+03    1.99822e+04    2.56961e+04    1.29062e+03    9.62138e+03
     Coulomb-14        LJ (SR)  Disper. corr.   Coulomb (SR)   Coul. recip.
    1.18997e+05    4.96420e+05   -2.06043e+04   -3.80537e+06    1.07673e+04
 Position Rest.      Potential    Kinetic En.   Total Energy  Conserved En.
    2.45864e+03   -3.13331e+06    5.50113e+05   -2.58320e+06   -2.53934e+06
    Temperature Pres. DC (bar) Pressure (bar)   Constr. rmsd
    2.99476e+02   -1.55207e+02    2.96737e+01    0.00000e+00

           Step           Time
         357000      714.00000

   Energies (kJ/mol)
           Bond          Angle    Proper Dih. Per. Imp. Dih.          LJ-14
    7.24513e+03    1.99849e+04    2.56729e+04    1.29760e+03    9.59571e+03
     Coulomb-14        LJ (SR)  Disper. corr.   Coulomb (SR)   Coul. recip.
    1.18997e+05    4.92208e+05   -2.05056e+04   -3.79468e+06    1.07961e+04
 Position Rest.      Potential    Kinetic En.   Total Energy  Conserved En.
    2.54332e+03   -3.12684e+06    5.46979e+05   -2.57986e+06   -2.53922e+06
    Temperature Pres. DC (bar) Pressure (bar)   Constr. rmsd
    2.97770e+02   -1.53725e+02    1.92618e+01    0.00000e+00

           Step           Time
         357500      715.00000

   Energies (kJ/mol)
           Bond          Angle    Proper Dih. Per. Imp. Dih.          LJ-14
    7.18691e+03    1.97856e+04    2.57467e+04    1.25688e+03    9.64830e+03
     Coulomb-14        LJ (SR)  Disper. corr.   Coulomb (SR)   Coul. recip.
    1.18831e+05    4.94668e+05   -2.06072e+04   -3.80344e+06    1.08678e+04
 Position Rest.      Potential    Kinetic En.   Total Energy  Conserved En.
    2.40897e+03   -3.13365e+06    5.48718e+05   -2.58493e+06   -2.53920e+06
    Temperature Pres. DC (bar) Pressure (bar)   Constr. rmsd
    2.98717e+02   -1.55250e+02    6.59891e+01    0.00000e+00

           Step           Time
         358000      716.00000

   Energies (kJ/mol)
           Bond          Angle    Proper Dih. Per. Imp. Dih.          LJ-14
    7.15070e+03    2.00079e+04    2.57457e+04    1.24099e+03    9.55481e+03
     Coulomb-14        LJ (SR)  Disper. corr.   Coulomb (SR)   Coul. recip.
    1.19018e+05    4.94017e+05   -2.05475e+04   -3.80086e+06    1.09263e+04
 Position Rest.      Potential    Kinetic En.   Total Energy  Conserved En.
    2.45515e+03   -3.13129e+06    5.47949e+05   -2.58334e+06   -2.53908e+06
    Temperature Pres. DC (bar) Pressure (bar)   Constr. rmsd
    2.98298e+02   -1.54354e+02    1.03502e+01    0.00000e+00

           Step           Time
         358500      717.00000

   Energies (kJ/mol)
           Bond          Angle    Proper Dih. Per. Imp. Dih.          LJ-14
    7.31666e+03    1.99866e+04    2.57841e+04    1.22080e+03    9.58179e+03
     Coulomb-14        LJ (SR)  Disper. corr.   Coulomb (SR)   Coul. recip.
    1.19119e+05    4.95518e+05   -2.05693e+04   -3.80137e+06    1.09542e+04
 Position Rest.      Potential    Kinetic En.   Total Energy  Conserved En.
    2.40520e+03   -3.13005e+06    5.49020e+05   -2.58103e+06   -2.53907e+06
    Temperature Pres. DC (bar) Pressure (bar)   Constr. rmsd
    2.98881e+02   -1.54681e+02    7.24832e+01    0.00000e+00

           Step           Time
         359000      718.00000

   Energies (kJ/mol)
           Bond          Angle    Proper Dih. Per. Imp. Dih.          LJ-14
    7.31825e+03    2.02913e+04    2.58724e+04    1.27048e+03    9.57715e+03
     Coulomb-14        LJ (SR)  Disper. corr.   Coulomb (SR)   Coul. recip.
    1.19092e+05    4.96460e+05   -2.06315e+04   -3.80123e+06    1.08314e+04
 Position Rest.      Potential    Kinetic En.   Total Energy  Conserved En.
    2.44856e+03   -3.12870e+06    5.46689e+05   -2.58201e+06   -2.53899e+06
    Temperature Pres. DC (bar) Pressure (bar)   Constr. rmsd
    2.97612e+02   -1.55617e+02    1.63882e+02    0.00000e+00

           Step           Time
         359500      719.00000

   Energies (kJ/mol)
           Bond          Angle    Proper Dih. Per. Imp. Dih.          LJ-14
    7.14546e+03    1.97675e+04    2.58363e+04    1.22979e+03    9.51765e+03
     Coulomb-14        LJ (SR)  Disper. corr.   Coulomb (SR)   Coul. recip.
    1.19066e+05    4.96030e+05   -2.05313e+04   -3.80109e+06    1.08696e+04
 Position Rest.      Potential    Kinetic En.   Total Energy  Conserved En.
    2.49497e+03   -3.12966e+06    5.47751e+05   -2.58191e+06   -2.53898e+06
    Temperature Pres. DC (bar) Pressure (bar)   Constr. rmsd
    2.98190e+02   -1.54110e+02   -2.16858e+00    0.00000e+00

           Step           Time
         360000      720.00000

   Energies (kJ/mol)
           Bond          Angle    Proper Dih. Per. Imp. Dih.          LJ-14
    7.14410e+03    2.00404e+04    2.58307e+04    1.14978e+03    9.61560e+03
     Coulomb-14        LJ (SR)  Disper. corr.   Coulomb (SR)   Coul. recip.
    1.19506e+05    4.92959e+05   -2.05323e+04   -3.79675e+06    1.08585e+04
 Position Rest.      Potential    Kinetic En.   Total Energy  Conserved En.
    2.60662e+03   -3.12757e+06    5.48603e+05   -2.57897e+06   -2.53899e+06
    Temperature Pres. DC (bar) Pressure (bar)   Constr. rmsd
    2.98654e+02   -1.54125e+02    5.16533e+01    0.00000e+00

           Step           Time
         360500      721.00000

   Energies (kJ/mol)
           Bond          Angle    Proper Dih. Per. Imp. Dih.          LJ-14
    7.39308e+03    1.98136e+04    2.59128e+04    1.31728e+03    9.44791e+03
     Coulomb-14        LJ (SR)  Disper. corr.   Coulomb (SR)   Coul. recip.
    1.19079e+05    4.92197e+05   -2.05319e+04   -3.79542e+06    1.08299e+04
 Position Rest.      Potential    Kinetic En.   Total Energy  Conserved En.
    2.41747e+03   -3.12754e+06    5.45879e+05   -2.58166e+06   -2.53895e+06
    Temperature Pres. DC (bar) Pressure (bar)   Constr. rmsd
    2.97171e+02   -1.54119e+02   -7.27508e+01    0.00000e+00

           Step           Time
         361000      722.00000

   Energies (kJ/mol)
           Bond          Angle    Proper Dih. Per. Imp. Dih.          LJ-14
    7.32332e+03    2.02442e+04    2.57613e+04    1.20904e+03    9.56993e+03
     Coulomb-14        LJ (SR)  Disper. corr.   Coulomb (SR)   Coul. recip.
    1.19205e+05    4.93192e+05   -2.05793e+04   -3.79759e+06    1.07568e+04
 Position Rest.      Potential    Kinetic En.   Total Energy  Conserved En.
    2.55065e+03   -3.12836e+06    5.46729e+05   -2.58163e+06   -2.53892e+06
    Temperature Pres. DC (bar) Pressure (bar)   Constr. rmsd
    2.97634e+02   -1.54831e+02    5.97158e+01    0.00000e+00

           Step           Time
         361500      723.00000

   Energies (kJ/mol)
           Bond          Angle    Proper Dih. Per. Imp. Dih.          LJ-14
    7.11164e+03    2.03248e+04    2.57502e+04    1.16632e+03    9.58277e+03
     Coulomb-14        LJ (SR)  Disper. corr.   Coulomb (SR)   Coul. recip.
    1.19371e+05    4.91446e+05   -2.05940e+04   -3.79732e+06    1.06604e+04
 Position Rest.      Potential    Kinetic En.   Total Energy  Conserved En.
    2.42882e+03   -3.13007e+06    5.48108e+05   -2.58196e+06   -2.53894e+06
    Temperature Pres. DC (bar) Pressure (bar)   Constr. rmsd
    2.98385e+02   -1.55052e+02   -7.35681e+01    0.00000e+00

           Step           Time
         362000      724.00000

   Energies (kJ/mol)
           Bond          Angle    Proper Dih. Per. Imp. Dih.          LJ-14
    7.38991e+03    1.98408e+04    2.59373e+04    1.22824e+03    9.63123e+03
     Coulomb-14        LJ (SR)  Disper. corr.   Coulomb (SR)   Coul. recip.
    1.18835e+05    4.94477e+05   -2.05544e+04   -3.79881e+06    1.07106e+04
 Position Rest.      Potential    Kinetic En.   Total Energy  Conserved En.
    2.38473e+03   -3.12893e+06    5.49129e+05   -2.57980e+06   -2.53891e+06
    Temperature Pres. DC (bar) Pressure (bar)   Constr. rmsd
    2.98940e+02   -1.54456e+02    5.94704e+01    0.00000e+00

           Step           Time
         362500      725.00000

   Energies (kJ/mol)
           Bond          Angle    Proper Dih. Per. Imp. Dih.          LJ-14
    7.02516e+03    1.98693e+04    2.56803e+04    1.21416e+03    9.68570e+03
     Coulomb-14        LJ (SR)  Disper. corr.   Coulomb (SR)   Coul. recip.
    1.19036e+05    4.96287e+05   -2.05986e+04   -3.80634e+06    1.08489e+04
 Position Rest.      Potential    Kinetic En.   Total Energy  Conserved En.
    2.45687e+03   -3.13483e+06    5.47470e+05   -2.58736e+06   -2.53887e+06
    Temperature Pres. DC (bar) Pressure (bar)   Constr. rmsd
    2.98037e+02   -1.55121e+02    7.78812e+01    0.00000e+00

           Step           Time
         363000      726.00000

   Energies (kJ/mol)
           Bond          Angle    Proper Dih. Per. Imp. Dih.          LJ-14
    7.28188e+03    1.97286e+04    2.58567e+04    1.25870e+03    9.50122e+03
     Coulomb-14        LJ (SR)  Disper. corr.   Coulomb (SR)   Coul. recip.
    1.18962e+05    4.96189e+05   -2.05600e+04   -3.80467e+06    1.07097e+04
 Position Rest.      Potential    Kinetic En.   Total Energy  Conserved En.
    2.44203e+03   -3.13330e+06    5.47892e+05   -2.58541e+06   -2.53888e+06
    Temperature Pres. DC (bar) Pressure (bar)   Constr. rmsd
    2.98267e+02   -1.54541e+02    3.16617e+01    0.00000e+00

           Step           Time
         363500      727.00000

   Energies (kJ/mol)
           Bond          Angle    Proper Dih. Per. Imp. Dih.          LJ-14
    7.23544e+03    1.98595e+04    2.57413e+04    1.14300e+03    9.41434e+03
     Coulomb-14        LJ (SR)  Disper. corr.   Coulomb (SR)   Coul. recip.
    1.18940e+05    4.94868e+05   -2.05362e+04   -3.80220e+06    1.06720e+04
 Position Rest.      Potential    Kinetic En.   Total Energy  Conserved En.
    2.47418e+03   -3.13239e+06    5.44847e+05   -2.58754e+06   -2.53886e+06
    Temperature Pres. DC (bar) Pressure (bar)   Constr. rmsd
    2.96609e+02   -1.54184e+02   -5.02202e+01    0.00000e+00

           Step           Time
         364000      728.00000

   Energies (kJ/mol)
           Bond          Angle    Proper Dih. Per. Imp. Dih.          LJ-14
    7.33222e+03    1.96351e+04    2.58023e+04    1.13822e+03    9.64307e+03
     Coulomb-14        LJ (SR)  Disper. corr.   Coulomb (SR)   Coul. recip.
    1.19218e+05    4.94194e+05   -2.05736e+04   -3.80059e+06    1.07963e+04
 Position Rest.      Potential    Kinetic En.   Total Energy  Conserved En.
    2.44855e+03   -3.13096e+06    5.44848e+05   -2.58611e+06   -2.53886e+06
    Temperature Pres. DC (bar) Pressure (bar)   Constr. rmsd
    2.96610e+02   -1.54745e+02   -9.47318e+00    0.00000e+00

           Step           Time
         364500      729.00000

   Energies (kJ/mol)
           Bond          Angle    Proper Dih. Per. Imp. Dih.          LJ-14
    7.14894e+03    1.99054e+04    2.57179e+04    1.14772e+03    9.55884e+03
     Coulomb-14        LJ (SR)  Disper. corr.   Coulomb (SR)   Coul. recip.
    1.18928e+05    4.94869e+05   -2.05262e+04   -3.79954e+06    1.07893e+04
 Position Rest.      Potential    Kinetic En.   Total Energy  Conserved En.
    2.45487e+03   -3.12955e+06    5.47076e+05   -2.58247e+06   -2.53884e+06
    Temperature Pres. DC (bar) Pressure (bar)   Constr. rmsd
    2.97823e+02   -1.54034e+02    2.63440e+01    0.00000e+00

           Step           Time
         365000      730.00000

   Energies (kJ/mol)
           Bond          Angle    Proper Dih. Per. Imp. Dih.          LJ-14
    7.10675e+03    1.98501e+04    2.56982e+04    1.20963e+03    9.63108e+03
     Coulomb-14        LJ (SR)  Disper. corr.   Coulomb (SR)   Coul. recip.
    1.19068e+05    4.93749e+05   -2.05779e+04   -3.80015e+06    1.08061e+04
 Position Rest.      Potential    Kinetic En.   Total Energy  Conserved En.
    2.42792e+03   -3.13118e+06    5.47569e+05   -2.58361e+06   -2.53883e+06
    Temperature Pres. DC (bar) Pressure (bar)   Constr. rmsd
    2.98091e+02   -1.54809e+02   -3.84527e+00    0.00000e+00

           Step           Time
         365500      731.00000

   Energies (kJ/mol)
           Bond          Angle    Proper Dih. Per. Imp. Dih.          LJ-14
    7.07229e+03    2.00040e+04    2.58754e+04    1.23985e+03    9.63979e+03
     Coulomb-14        LJ (SR)  Disper. corr.   Coulomb (SR)   Coul. recip.
    1.18857e+05    4.93659e+05   -2.05182e+04   -3.80063e+06    1.06877e+04
 Position Rest.      Potential    Kinetic En.   Total Energy  Conserved En.
    2.34129e+03   -3.13177e+06    5.47551e+05   -2.58422e+06   -2.53877e+06
    Temperature Pres. DC (bar) Pressure (bar)   Constr. rmsd
    2.98081e+02   -1.53914e+02   -2.99028e+01    0.00000e+00

           Step           Time
         366000      732.00000

   Energies (kJ/mol)
           Bond          Angle    Proper Dih. Per. Imp. Dih.          LJ-14
    7.05640e+03    1.99382e+04    2.58234e+04    1.17964e+03    9.64143e+03
     Coulomb-14        LJ (SR)  Disper. corr.   Coulomb (SR)   Coul. recip.
    1.18875e+05    4.95798e+05   -2.05912e+04   -3.80521e+06    1.06156e+04
 Position Rest.      Potential    Kinetic En.   Total Energy  Conserved En.
    2.49422e+03   -3.13438e+06    5.46323e+05   -2.58806e+06   -2.53871e+06
    Temperature Pres. DC (bar) Pressure (bar)   Constr. rmsd
    2.97413e+02   -1.55010e+02    1.87379e+01    0.00000e+00

           Step           Time
         366500      733.00000

   Energies (kJ/mol)
           Bond          Angle    Proper Dih. Per. Imp. Dih.          LJ-14
    7.45683e+03    2.01909e+04    2.59224e+04    1.19943e+03    9.43017e+03
     Coulomb-14        LJ (SR)  Disper. corr.   Coulomb (SR)   Coul. recip.
    1.18691e+05    4.92432e+05   -2.05607e+04   -3.79942e+06    1.06423e+04
 Position Rest.      Potential    Kinetic En.   Total Energy  Conserved En.
    2.48591e+03   -3.13153e+06    5.45653e+05   -2.58588e+06   -2.53868e+06
    Temperature Pres. DC (bar) Pressure (bar)   Constr. rmsd
    2.97048e+02   -1.54551e+02   -1.13199e+02    0.00000e+00

           Step           Time
         367000      734.00000

   Energies (kJ/mol)
           Bond          Angle    Proper Dih. Per. Imp. Dih.          LJ-14
    7.24908e+03    1.98457e+04    2.56735e+04    1.19443e+03    9.61538e+03
     Coulomb-14        LJ (SR)  Disper. corr.   Coulomb (SR)   Coul. recip.
    1.18947e+05    4.98302e+05   -2.05675e+04   -3.80524e+06    1.08133e+04
 Position Rest.      Potential    Kinetic En.   Total Energy  Conserved En.
    2.49452e+03   -3.13167e+06    5.48892e+05   -2.58278e+06   -2.53863e+06
    Temperature Pres. DC (bar) Pressure (bar)   Constr. rmsd
    2.98811e+02   -1.54653e+02    1.58629e+02    0.00000e+00

           Step           Time
         367500      735.00000

   Energies (kJ/mol)
           Bond          Angle    Proper Dih. Per. Imp. Dih.          LJ-14
    7.17309e+03    1.99297e+04    2.58916e+04    1.28145e+03    9.64786e+03
     Coulomb-14        LJ (SR)  Disper. corr.   Coulomb (SR)   Coul. recip.
    1.18791e+05    4.93530e+05   -2.05743e+04   -3.79953e+06    1.07875e+04
 Position Rest.      Potential    Kinetic En.   Total Energy  Conserved En.
    2.62259e+03   -3.13045e+06    5.46649e+05   -2.58380e+06   -2.53860e+06
    Temperature Pres. DC (bar) Pressure (bar)   Constr. rmsd
    2.97590e+02   -1.54756e+02    6.02360e+01    0.00000e+00

           Step           Time
         368000      736.00000

   Energies (kJ/mol)
           Bond          Angle    Proper Dih. Per. Imp. Dih.          LJ-14
    7.12558e+03    2.00901e+04    2.58171e+04    1.24106e+03    9.51605e+03
     Coulomb-14        LJ (SR)  Disper. corr.   Coulomb (SR)   Coul. recip.
    1.18864e+05    4.94656e+05   -2.05132e+04   -3.80230e+06    1.06624e+04
 Position Rest.      Potential    Kinetic En.   Total Energy  Conserved En.
    2.39513e+03   -3.13244e+06    5.46348e+05   -2.58609e+06   -2.53855e+06
    Temperature Pres. DC (bar) Pressure (bar)   Constr. rmsd
    2.97426e+02   -1.53839e+02   -9.23987e+01    0.00000e+00

           Step           Time
         368500      737.00000

   Energies (kJ/mol)
           Bond          Angle    Proper Dih. Per. Imp. Dih.          LJ-14
    7.38076e+03    1.99914e+04    2.58314e+04    1.24567e+03    9.57466e+03
     Coulomb-14        LJ (SR)  Disper. corr.   Coulomb (SR)   Coul. recip.
    1.18848e+05    4.93994e+05   -2.05755e+04   -3.80056e+06    1.07079e+04
 Position Rest.      Potential    Kinetic En.   Total Energy  Conserved En.
    2.46229e+03   -3.13110e+06    5.48891e+05   -2.58221e+06   -2.53857e+06
    Temperature Pres. DC (bar) Pressure (bar)   Constr. rmsd
    2.98811e+02   -1.54774e+02    2.18682e+01    0.00000e+00

           Step           Time
         369000      738.00000

   Energies (kJ/mol)
           Bond          Angle    Proper Dih. Per. Imp. Dih.          LJ-14
    7.26650e+03    2.00800e+04    2.57317e+04    1.23684e+03    9.47364e+03
     Coulomb-14        LJ (SR)  Disper. corr.   Coulomb (SR)   Coul. recip.
    1.18828e+05    4.94460e+05   -2.05782e+04   -3.80232e+06    1.07604e+04
 Position Rest.      Potential    Kinetic En.   Total Energy  Conserved En.
    2.49242e+03   -3.13256e+06    5.47919e+05   -2.58465e+06   -2.53857e+06
    Temperature Pres. DC (bar) Pressure (bar)   Constr. rmsd
    2.98282e+02   -1.54814e+02    2.02195e+01    0.00000e+00

           Step           Time
         369500      739.00000

   Energies (kJ/mol)
           Bond          Angle    Proper Dih. Per. Imp. Dih.          LJ-14
    7.27115e+03    1.95573e+04    2.59479e+04    1.23200e+03    9.70494e+03
     Coulomb-14        LJ (SR)  Disper. corr.   Coulomb (SR)   Coul. recip.
    1.19141e+05    4.91914e+05   -2.05792e+04   -3.79546e+06    1.08230e+04
 Position Rest.      Potential    Kinetic En.   Total Energy  Conserved En.
    2.51230e+03   -3.12793e+06    5.47172e+05   -2.58076e+06   -2.53854e+06
    Temperature Pres. DC (bar) Pressure (bar)   Constr. rmsd
    2.97875e+02   -1.54830e+02   -2.61879e+01    0.00000e+00

           Step           Time
         370000      740.00000

   Energies (kJ/mol)
           Bond          Angle    Proper Dih. Per. Imp. Dih.          LJ-14
    7.09581e+03    1.97210e+04    2.59007e+04    1.31632e+03    9.59863e+03
     Coulomb-14        LJ (SR)  Disper. corr.   Coulomb (SR)   Coul. recip.
    1.18938e+05    4.93059e+05   -2.05507e+04   -3.79830e+06    1.07875e+04
 Position Rest.      Potential    Kinetic En.   Total Energy  Conserved En.
    2.50604e+03   -3.12993e+06    5.48161e+05   -2.58177e+06   -2.53855e+06
    Temperature Pres. DC (bar) Pressure (bar)   Constr. rmsd
    2.98413e+02   -1.54401e+02   -1.88516e+01    0.00000e+00

           Step           Time
         370500      741.00000

   Energies (kJ/mol)
           Bond          Angle    Proper Dih. Per. Imp. Dih.          LJ-14
    7.35518e+03    2.00598e+04    2.58304e+04    1.15310e+03    9.51552e+03
     Coulomb-14        LJ (SR)  Disper. corr.   Coulomb (SR)   Coul. recip.
    1.18757e+05    4.95640e+05   -2.05423e+04   -3.80220e+06    1.08769e+04
 Position Rest.      Potential    Kinetic En.   Total Energy  Conserved En.
    2.54178e+03   -3.13101e+06    5.47780e+05   -2.58323e+06   -2.53847e+06
    Temperature Pres. DC (bar) Pressure (bar)   Constr. rmsd
    2.98206e+02   -1.54275e+02   -1.29461e+01    0.00000e+00

           Step           Time
         371000      742.00000

   Energies (kJ/mol)
           Bond          Angle    Proper Dih. Per. Imp. Dih.          LJ-14
    7.37997e+03    1.96894e+04    2.56597e+04    1.26745e+03    9.56358e+03
     Coulomb-14        LJ (SR)  Disper. corr.   Coulomb (SR)   Coul. recip.
    1.18731e+05    4.98110e+05   -2.06486e+04   -3.80629e+06    1.06615e+04
 Position Rest.      Potential    Kinetic En.   Total Energy  Conserved En.
    2.52667e+03   -3.13335e+06    5.46188e+05   -2.58716e+06   -2.53844e+06
    Temperature Pres. DC (bar) Pressure (bar)   Constr. rmsd
    2.97339e+02   -1.55875e+02    1.34668e+02    0.00000e+00

           Step           Time
         371500      743.00000

   Energies (kJ/mol)
           Bond          Angle    Proper Dih. Per. Imp. Dih.          LJ-14
    7.20287e+03    1.96756e+04    2.58550e+04    1.27241e+03    9.72483e+03
     Coulomb-14        LJ (SR)  Disper. corr.   Coulomb (SR)   Coul. recip.
    1.19129e+05    4.92300e+05   -2.04989e+04   -3.79468e+06    1.08600e+04
 Position Rest.      Potential    Kinetic En.   Total Energy  Conserved En.
    2.52674e+03   -3.12663e+06    5.47438e+05   -2.57919e+06   -2.53834e+06
    Temperature Pres. DC (bar) Pressure (bar)   Constr. rmsd
    2.98020e+02   -1.53624e+02   -9.96498e+00    0.00000e+00

           Step           Time
         372000      744.00000

   Energies (kJ/mol)
           Bond          Angle    Proper Dih. Per. Imp. Dih.          LJ-14
    7.35910e+03    1.96411e+04    2.56733e+04    1.16778e+03    9.50409e+03
     Coulomb-14        LJ (SR)  Disper. corr.   Coulomb (SR)   Coul. recip.
    1.18815e+05    4.96553e+05   -2.06222e+04   -3.80696e+06    1.07906e+04
 Position Rest.      Potential    Kinetic En.   Total Energy  Conserved En.
    2.50974e+03   -3.13557e+06    5.47682e+05   -2.58788e+06   -2.53825e+06
    Temperature Pres. DC (bar) Pressure (bar)   Constr. rmsd
    2.98153e+02   -1.55477e+02    4.01002e+01    0.00000e+00

           Step           Time
         372500      745.00000

   Energies (kJ/mol)
           Bond          Angle    Proper Dih. Per. Imp. Dih.          LJ-14
    7.42143e+03    1.98393e+04    2.57338e+04    1.17622e+03    9.75964e+03
     Coulomb-14        LJ (SR)  Disper. corr.   Coulomb (SR)   Coul. recip.
    1.19314e+05    4.95657e+05   -2.05790e+04   -3.80444e+06    1.07370e+04
 Position Rest.      Potential    Kinetic En.   Total Energy  Conserved En.
    2.42269e+03   -3.13296e+06    5.48303e+05   -2.58465e+06   -2.53825e+06
    Temperature Pres. DC (bar) Pressure (bar)   Constr. rmsd
    2.98491e+02   -1.54826e+02    6.11128e+01    0.00000e+00

           Step           Time
         373000      746.00000

   Energies (kJ/mol)
           Bond          Angle    Proper Dih. Per. Imp. Dih.          LJ-14
    7.28394e+03    1.93953e+04    2.56871e+04    1.21997e+03    9.64236e+03
     Coulomb-14        LJ (SR)  Disper. corr.   Coulomb (SR)   Coul. recip.
    1.18853e+05    4.94183e+05   -2.05160e+04   -3.80223e+06    1.06524e+04
 Position Rest.      Potential    Kinetic En.   Total Energy  Conserved En.
    2.56105e+03   -3.13327e+06    5.45037e+05   -2.58823e+06   -2.53826e+06
    Temperature Pres. DC (bar) Pressure (bar)   Constr. rmsd
    2.96713e+02   -1.53880e+02   -1.69704e+00    0.00000e+00

           Step           Time
         373500      747.00000

   Energies (kJ/mol)
           Bond          Angle    Proper Dih. Per. Imp. Dih.          LJ-14
    7.19415e+03    1.95109e+04    2.57648e+04    1.14173e+03    9.67773e+03
     Coulomb-14        LJ (SR)  Disper. corr.   Coulomb (SR)   Coul. recip.
    1.19650e+05    4.93239e+05   -2.05868e+04   -3.80397e+06    1.09296e+04
 Position Rest.      Potential    Kinetic En.   Total Energy  Conserved En.
    2.48166e+03   -3.13497e+06    5.48025e+05   -2.58694e+06   -2.53827e+06
    Temperature Pres. DC (bar) Pressure (bar)   Constr. rmsd
    2.98339e+02   -1.54943e+02    2.35613e+01    0.00000e+00

           Step           Time
         374000      748.00000

   Energies (kJ/mol)
           Bond          Angle    Proper Dih. Per. Imp. Dih.          LJ-14
    7.30757e+03    1.95613e+04    2.59276e+04    1.17876e+03    9.50180e+03
     Coulomb-14        LJ (SR)  Disper. corr.   Coulomb (SR)   Coul. recip.
    1.18689e+05    4.90335e+05   -2.05268e+04   -3.79729e+06    1.08132e+04
 Position Rest.      Potential    Kinetic En.   Total Energy  Conserved En.
    2.34230e+03   -3.13216e+06    5.45593e+05   -2.58657e+06   -2.53822e+06
    Temperature Pres. DC (bar) Pressure (bar)   Constr. rmsd
    2.97015e+02   -1.54043e+02   -1.03947e+02    0.00000e+00

           Step           Time
         374500      749.00000

   Energies (kJ/mol)
           Bond          Angle    Proper Dih. Per. Imp. Dih.          LJ-14
    7.14134e+03    1.95641e+04    2.59312e+04    1.20998e+03    9.60061e+03
     Coulomb-14        LJ (SR)  Disper. corr.   Coulomb (SR)   Coul. recip.
    1.18987e+05    4.94251e+05   -2.05695e+04   -3.80102e+06    1.08023e+04
 Position Rest.      Potential    Kinetic En.   Total Energy  Conserved En.
    2.56730e+03   -3.13153e+06    5.45720e+05   -2.58581e+06   -2.53818e+06
    Temperature Pres. DC (bar) Pressure (bar)   Constr. rmsd
    2.97085e+02   -1.54684e+02    7.85931e+01    0.00000e+00

           Step           Time
         375000      750.00000

   Energies (kJ/mol)
           Bond          Angle    Proper Dih. Per. Imp. Dih.          LJ-14
    7.24779e+03    2.02853e+04    2.58453e+04    1.27874e+03    9.60914e+03
     Coulomb-14        LJ (SR)  Disper. corr.   Coulomb (SR)   Coul. recip.
    1.19050e+05    4.94106e+05   -2.05537e+04   -3.80214e+06    1.09123e+04
 Position Rest.      Potential    Kinetic En.   Total Energy  Conserved En.
    2.44665e+03   -3.13192e+06    5.48410e+05   -2.58351e+06   -2.53811e+06
    Temperature Pres. DC (bar) Pressure (bar)   Constr. rmsd
    2.98549e+02   -1.54446e+02   -3.62180e+01    0.00000e+00

           Step           Time
         375500      751.00000

   Energies (kJ/mol)
           Bond          Angle    Proper Dih. Per. Imp. Dih.          LJ-14
    7.29122e+03    1.94926e+04    2.59709e+04    1.22827e+03    9.62729e+03
     Coulomb-14        LJ (SR)  Disper. corr.   Coulomb (SR)   Coul. recip.
    1.18899e+05    4.95168e+05   -2.05518e+04   -3.80310e+06    1.05776e+04
 Position Rest.      Potential    Kinetic En.   Total Energy  Conserved En.
    2.41199e+03   -3.13299e+06    5.45928e+05   -2.58706e+06   -2.53810e+06
    Temperature Pres. DC (bar) Pressure (bar)   Constr. rmsd
    2.97198e+02   -1.54418e+02    2.16765e+01    0.00000e+00

           Step           Time
         376000      752.00000

   Energies (kJ/mol)
           Bond          Angle    Proper Dih. Per. Imp. Dih.          LJ-14
    7.12689e+03    1.97380e+04    2.57027e+04    1.27814e+03    9.57670e+03
     Coulomb-14        LJ (SR)  Disper. corr.   Coulomb (SR)   Coul. recip.
    1.18772e+05    4.96189e+05   -2.05399e+04   -3.80264e+06    1.08250e+04
 Position Rest.      Potential    Kinetic En.   Total Energy  Conserved En.
    2.60082e+03   -3.13137e+06    5.47440e+05   -2.58393e+06   -2.53810e+06
    Temperature Pres. DC (bar) Pressure (bar)   Constr. rmsd
    2.98021e+02   -1.54239e+02    3.68522e+01    0.00000e+00

           Step           Time
         376500      753.00000

   Energies (kJ/mol)
           Bond          Angle    Proper Dih. Per. Imp. Dih.          LJ-14
    7.19075e+03    1.96266e+04    2.58948e+04    1.21044e+03    9.63152e+03
     Coulomb-14        LJ (SR)  Disper. corr.   Coulomb (SR)   Coul. recip.
    1.19192e+05    4.94473e+05   -2.05612e+04   -3.80231e+06    1.06799e+04
 Position Rest.      Potential    Kinetic En.   Total Energy  Conserved En.
    2.46595e+03   -3.13250e+06    5.47306e+05   -2.58520e+06   -2.53805e+06
    Temperature Pres. DC (bar) Pressure (bar)   Constr. rmsd
    2.97948e+02   -1.54559e+02    7.14222e+01    0.00000e+00

           Step           Time
         377000      754.00000

   Energies (kJ/mol)
           Bond          Angle    Proper Dih. Per. Imp. Dih.          LJ-14
    7.13571e+03    1.99632e+04    2.58015e+04    1.14136e+03    9.55394e+03
     Coulomb-14        LJ (SR)  Disper. corr.   Coulomb (SR)   Coul. recip.
    1.18888e+05    4.95486e+05   -2.05501e+04   -3.80277e+06    1.07983e+04
 Position Rest.      Potential    Kinetic En.   Total Energy  Conserved En.
    2.53349e+03   -3.13202e+06    5.47019e+05   -2.58500e+06   -2.53799e+06
    Temperature Pres. DC (bar) Pressure (bar)   Constr. rmsd
    2.97792e+02   -1.54392e+02   -1.33158e-01    0.00000e+00

           Step           Time
         377500      755.00000

   Energies (kJ/mol)
           Bond          Angle    Proper Dih. Per. Imp. Dih.          LJ-14
    7.31974e+03    1.99156e+04    2.58836e+04    1.17594e+03    9.49248e+03
     Coulomb-14        LJ (SR)  Disper. corr.   Coulomb (SR)   Coul. recip.
    1.18676e+05    4.96624e+05   -2.05703e+04   -3.80317e+06    1.07638e+04
 Position Rest.      Potential    Kinetic En.   Total Energy  Conserved En.
    2.46272e+03   -3.13143e+06    5.47529e+05   -2.58390e+06   -2.53792e+06
    Temperature Pres. DC (bar) Pressure (bar)   Constr. rmsd
    2.98069e+02   -1.54696e+02    9.88915e+00    0.00000e+00

           Step           Time
         378000      756.00000

   Energies (kJ/mol)
           Bond          Angle    Proper Dih. Per. Imp. Dih.          LJ-14
    7.27985e+03    2.01584e+04    2.59706e+04    1.22475e+03    9.61651e+03
     Coulomb-14        LJ (SR)  Disper. corr.   Coulomb (SR)   Coul. recip.
    1.19069e+05    4.93844e+05   -2.05534e+04   -3.79885e+06    1.05886e+04
 Position Rest.      Potential    Kinetic En.   Total Energy  Conserved En.
    2.40116e+03   -3.12925e+06    5.48152e+05   -2.58109e+06   -2.53796e+06
    Temperature Pres. DC (bar) Pressure (bar)   Constr. rmsd
    2.98409e+02   -1.54441e+02    3.91685e+01    0.00000e+00

           Step           Time
         378500      757.00000

   Energies (kJ/mol)
           Bond          Angle    Proper Dih. Per. Imp. Dih.          LJ-14
    7.28232e+03    1.98784e+04    2.57816e+04    1.22099e+03    9.52516e+03
     Coulomb-14        LJ (SR)  Disper. corr.   Coulomb (SR)   Coul. recip.
    1.18821e+05    4.95393e+05   -2.05734e+04   -3.80185e+06    1.06956e+04
 Position Rest.      Potential    Kinetic En.   Total Energy  Conserved En.
    2.44215e+03   -3.13138e+06    5.48518e+05   -2.58286e+06   -2.53792e+06
    Temperature Pres. DC (bar) Pressure (bar)   Constr. rmsd
    2.98608e+02   -1.54743e+02    1.44028e+01    0.00000e+00

           Step           Time
         379000      758.00000

   Energies (kJ/mol)
           Bond          Angle    Proper Dih. Per. Imp. Dih.          LJ-14
    6.85716e+03    1.98125e+04    2.57129e+04    1.14863e+03    9.71822e+03
     Coulomb-14        LJ (SR)  Disper. corr.   Coulomb (SR)   Coul. recip.
    1.19346e+05    4.93043e+05   -2.04929e+04   -3.79601e+06    1.09357e+04
 Position Rest.      Potential    Kinetic En.   Total Energy  Conserved En.
    2.45180e+03   -3.12747e+06    5.46096e+05   -2.58138e+06   -2.53791e+06
    Temperature Pres. DC (bar) Pressure (bar)   Constr. rmsd
    2.97289e+02   -1.53535e+02   -5.54311e+00    0.00000e+00

           Step           Time
         379500      759.00000

   Energies (kJ/mol)
           Bond          Angle    Proper Dih. Per. Imp. Dih.          LJ-14
    6.98532e+03    1.97321e+04    2.58016e+04    1.14388e+03    9.65098e+03
     Coulomb-14        LJ (SR)  Disper. corr.   Coulomb (SR)   Coul. recip.
    1.19393e+05    4.99497e+05   -2.06111e+04   -3.81084e+06    1.07401e+04
 Position Rest.      Potential    Kinetic En.   Total Energy  Conserved En.
    2.45096e+03   -3.13606e+06    5.46870e+05   -2.58919e+06   -2.53784e+06
    Temperature Pres. DC (bar) Pressure (bar)   Constr. rmsd
    2.97710e+02   -1.55309e+02    1.36259e+02    0.00000e+00

           Step           Time
         380000      760.00000

   Energies (kJ/mol)
           Bond          Angle    Proper Dih. Per. Imp. Dih.          LJ-14
    7.41097e+03    2.03510e+04    2.58289e+04    1.25729e+03    9.64116e+03
     Coulomb-14        LJ (SR)  Disper. corr.   Coulomb (SR)   Coul. recip.
    1.18768e+05    4.92147e+05   -2.05784e+04   -3.79755e+06    1.08741e+04
 Position Rest.      Potential    Kinetic En.   Total Energy  Conserved En.
    2.50438e+03   -3.12935e+06    5.48161e+05   -2.58118e+06   -2.53779e+06
    Temperature Pres. DC (bar) Pressure (bar)   Constr. rmsd
    2.98413e+02   -1.54818e+02    3.58140e+01    0.00000e+00

           Step           Time
         380500      761.00000

   Energies (kJ/mol)
           Bond          Angle    Proper Dih. Per. Imp. Dih.          LJ-14
    7.24171e+03    2.01301e+04    2.57978e+04    1.28762e+03    9.53318e+03
     Coulomb-14        LJ (SR)  Disper. corr.   Coulomb (SR)   Coul. recip.
    1.18862e+05    4.95277e+05   -2.05789e+04   -3.79856e+06    1.06909e+04
 Position Rest.      Potential    Kinetic En.   Total Energy  Conserved En.
    2.52464e+03   -3.12779e+06    5.46599e+05   -2.58119e+06   -2.53780e+06
    Temperature Pres. DC (bar) Pressure (bar)   Constr. rmsd
    2.97563e+02   -1.54825e+02    4.93805e+01    0.00000e+00

           Step           Time
         381000      762.00000

   Energies (kJ/mol)
           Bond          Angle    Proper Dih. Per. Imp. Dih.          LJ-14
    7.33246e+03    1.98919e+04    2.58174e+04    1.31225e+03    9.46748e+03
     Coulomb-14        LJ (SR)  Disper. corr.   Coulomb (SR)   Coul. recip.
    1.19016e+05    4.94801e+05   -2.06058e+04   -3.80039e+06    1.08651e+04
 Position Rest.      Potential    Kinetic En.   Total Energy  Conserved En.
    2.34905e+03   -3.13014e+06    5.45485e+05   -2.58466e+06   -2.53774e+06
    Temperature Pres. DC (bar) Pressure (bar)   Constr. rmsd
    2.96957e+02   -1.55230e+02    4.92907e+01    0.00000e+00

           Step           Time
         381500      763.00000

   Energies (kJ/mol)
           Bond          Angle    Proper Dih. Per. Imp. Dih.          LJ-14
    7.11720e+03    1.99596e+04    2.57839e+04    1.21324e+03    9.49054e+03
     Coulomb-14        LJ (SR)  Disper. corr.   Coulomb (SR)   Coul. recip.
    1.19101e+05    4.92958e+05   -2.04954e+04   -3.79810e+06    1.07779e+04
 Position Rest.      Potential    Kinetic En.   Total Energy  Conserved En.
    2.39603e+03   -3.12979e+06    5.47791e+05   -2.58200e+06   -2.53775e+06
    Temperature Pres. DC (bar) Pressure (bar)   Constr. rmsd
    2.98212e+02   -1.53572e+02   -4.54268e+01    0.00000e+00

           Step           Time
         382000      764.00000

   Energies (kJ/mol)
           Bond          Angle    Proper Dih. Per. Imp. Dih.          LJ-14
    7.31879e+03    1.98470e+04    2.57744e+04    1.26361e+03    9.71251e+03
     Coulomb-14        LJ (SR)  Disper. corr.   Coulomb (SR)   Coul. recip.
    1.19079e+05    4.96942e+05   -2.05586e+04   -3.80333e+06    1.07030e+04
 Position Rest.      Potential    Kinetic En.   Total Energy  Conserved En.
    2.49639e+03   -3.13075e+06    5.46421e+05   -2.58433e+06   -2.53765e+06
    Temperature Pres. DC (bar) Pressure (bar)   Constr. rmsd
    2.97466e+02   -1.54520e+02    6.64922e+01    0.00000e+00

           Step           Time
         382500      765.00000

   Energies (kJ/mol)
           Bond          Angle    Proper Dih. Per. Imp. Dih.          LJ-14
    7.19267e+03    1.98403e+04    2.56721e+04    1.23875e+03    9.53092e+03
     Coulomb-14        LJ (SR)  Disper. corr.   Coulomb (SR)   Coul. recip.
    1.18893e+05    4.94953e+05   -2.06124e+04   -3.80212e+06    1.07621e+04
 Position Rest.      Potential    Kinetic En.   Total Energy  Conserved En.
    2.42821e+03   -3.13223e+06    5.46472e+05   -2.58575e+06   -2.53764e+06
    Temperature Pres. DC (bar) Pressure (bar)   Constr. rmsd
    2.97494e+02   -1.55329e+02    5.39344e-01    0.00000e+00

           Step           Time
         383000      766.00000

   Energies (kJ/mol)
           Bond          Angle    Proper Dih. Per. Imp. Dih.          LJ-14
    7.40443e+03    1.98619e+04    2.58513e+04    1.28887e+03    9.52865e+03
     Coulomb-14        LJ (SR)  Disper. corr.   Coulomb (SR)   Coul. recip.
    1.18652e+05    4.94693e+05   -2.04979e+04   -3.80057e+06    1.07863e+04
 Position Rest.      Potential    Kinetic En.   Total Energy  Conserved En.
    2.37402e+03   -3.13063e+06    5.48626e+05   -2.58200e+06   -2.53763e+06
    Temperature Pres. DC (bar) Pressure (bar)   Constr. rmsd
    2.98667e+02   -1.53609e+02   -3.52312e+01    0.00000e+00

           Step           Time
         383500      767.00000

   Energies (kJ/mol)
           Bond          Angle    Proper Dih. Per. Imp. Dih.          LJ-14
    7.12068e+03    1.97618e+04    2.57628e+04    1.14007e+03    9.64333e+03
     Coulomb-14        LJ (SR)  Disper. corr.   Coulomb (SR)   Coul. recip.
    1.19104e+05    4.94862e+05   -2.06651e+04   -3.80424e+06    1.07240e+04
 Position Rest.      Potential    Kinetic En.   Total Energy  Conserved En.
    2.49273e+03   -3.13429e+06    5.47390e+05   -2.58690e+06   -2.53747e+06
    Temperature Pres. DC (bar) Pressure (bar)   Constr. rmsd
    2.97994e+02   -1.56123e+02    7.29442e+01    0.00000e+00

           Step           Time
         384000      768.00000

   Energies (kJ/mol)
           Bond          Angle    Proper Dih. Per. Imp. Dih.          LJ-14
    6.93028e+03    2.01227e+04    2.58539e+04    1.23766e+03    9.62794e+03
     Coulomb-14        LJ (SR)  Disper. corr.   Coulomb (SR)   Coul. recip.
    1.19185e+05    4.88642e+05   -2.05446e+04   -3.79418e+06    1.09340e+04
 Position Rest.      Potential    Kinetic En.   Total Energy  Conserved En.
    2.38012e+03   -3.12981e+06    5.47498e+05   -2.58231e+06   -2.53742e+06
    Temperature Pres. DC (bar) Pressure (bar)   Constr. rmsd
    2.98053e+02   -1.54309e+02   -1.50355e+02    0.00000e+00

           Step           Time
         384500      769.00000

   Energies (kJ/mol)
           Bond          Angle    Proper Dih. Per. Imp. Dih.          LJ-14
    7.15840e+03    1.99110e+04    2.60488e+04    1.17834e+03    9.46878e+03
     Coulomb-14        LJ (SR)  Disper. corr.   Coulomb (SR)   Coul. recip.
    1.18984e+05    4.95779e+05   -2.05286e+04   -3.80225e+06    1.06485e+04
 Position Rest.      Potential    Kinetic En.   Total Energy  Conserved En.
    2.51203e+03   -3.13108e+06    5.47673e+05   -2.58341e+06   -2.53738e+06
    Temperature Pres. DC (bar) Pressure (bar)   Constr. rmsd
    2.98148e+02   -1.54070e+02    3.16182e+01    0.00000e+00

           Step           Time
         385000      770.00000

   Energies (kJ/mol)
           Bond          Angle    Proper Dih. Per. Imp. Dih.          LJ-14
    7.31187e+03    1.98250e+04    2.58202e+04    1.23455e+03    9.42217e+03
     Coulomb-14        LJ (SR)  Disper. corr.   Coulomb (SR)   Coul. recip.
    1.18651e+05    4.94450e+05   -2.05567e+04   -3.80017e+06    1.06610e+04
 Position Rest.      Potential    Kinetic En.   Total Energy  Conserved En.
    2.42803e+03   -3.13093e+06    5.47867e+05   -2.58306e+06   -2.53731e+06
    Temperature Pres. DC (bar) Pressure (bar)   Constr. rmsd
    2.98253e+02   -1.54492e+02   -4.61397e+01    0.00000e+00

           Step           Time
         385500      771.00000

   Energies (kJ/mol)
           Bond          Angle    Proper Dih. Per. Imp. Dih.          LJ-14
    7.08648e+03    1.99156e+04    2.56761e+04    1.19109e+03    9.60291e+03
     Coulomb-14        LJ (SR)  Disper. corr.   Coulomb (SR)   Coul. recip.
    1.19075e+05    4.93490e+05   -2.05367e+04   -3.79948e+06    1.07761e+04
 Position Rest.      Potential    Kinetic En.   Total Energy  Conserved En.
    2.48503e+03   -3.13072e+06    5.48103e+05   -2.58262e+06   -2.53727e+06
    Temperature Pres. DC (bar) Pressure (bar)   Constr. rmsd
    2.98382e+02   -1.54192e+02   -4.27680e+01    0.00000e+00

           Step           Time
         386000      772.00000

   Energies (kJ/mol)
           Bond          Angle    Proper Dih. Per. Imp. Dih.          LJ-14
    7.60205e+03    1.99926e+04    2.55822e+04    1.17082e+03    9.51972e+03
     Coulomb-14        LJ (SR)  Disper. corr.   Coulomb (SR)   Coul. recip.
    1.18941e+05    4.93517e+05   -2.06122e+04   -3.80151e+06    1.06763e+04
 Position Rest.      Potential    Kinetic En.   Total Energy  Conserved En.
    2.47719e+03   -3.13264e+06    5.49257e+05   -2.58339e+06   -2.53719e+06
    Temperature Pres. DC (bar) Pressure (bar)   Constr. rmsd
    2.99010e+02   -1.55326e+02   -4.26416e+01    0.00000e+00

           Step           Time
         386500      773.00000

   Energies (kJ/mol)
           Bond          Angle    Proper Dih. Per. Imp. Dih.          LJ-14
    7.27025e+03    1.97482e+04    2.58887e+04    1.26221e+03    9.61409e+03
     Coulomb-14        LJ (SR)  Disper. corr.   Coulomb (SR)   Coul. recip.
    1.18713e+05    4.91756e+05   -2.05302e+04   -3.79571e+06    1.06676e+04
 Position Rest.      Potential    Kinetic En.   Total Energy  Conserved En.
    2.53588e+03   -3.12879e+06    5.44740e+05   -2.58405e+06   -2.53715e+06
    Temperature Pres. DC (bar) Pressure (bar)   Constr. rmsd
    2.96551e+02   -1.54094e+02   -7.95335e+01    0.00000e+00

           Step           Time
         387000      774.00000

   Energies (kJ/mol)
           Bond          Angle    Proper Dih. Per. Imp. Dih.          LJ-14
    7.34316e+03    1.98316e+04    2.58047e+04    1.19803e+03    9.50921e+03
     Coulomb-14        LJ (SR)  Disper. corr.   Coulomb (SR)   Coul. recip.
    1.18880e+05    4.94179e+05   -2.05527e+04   -3.80171e+06    1.06849e+04
 Position Rest.      Potential    Kinetic En.   Total Energy  Conserved En.
    2.38799e+03   -3.13244e+06    5.49114e+05   -2.58333e+06   -2.53715e+06
    Temperature Pres. DC (bar) Pressure (bar)   Constr. rmsd
    2.98932e+02   -1.54431e+02   -3.50390e+01    0.00000e+00

           Step           Time
         387500      775.00000

   Energies (kJ/mol)
           Bond          Angle    Proper Dih. Per. Imp. Dih.          LJ-14
    7.35417e+03    1.98087e+04    2.57560e+04    1.32003e+03    9.47355e+03
     Coulomb-14        LJ (SR)  Disper. corr.   Coulomb (SR)   Coul. recip.
    1.18801e+05    4.98175e+05   -2.06011e+04   -3.80520e+06    1.06189e+04
 Position Rest.      Potential    Kinetic En.   Total Energy  Conserved En.
    2.56301e+03   -3.13193e+06    5.47079e+05   -2.58485e+06   -2.53707e+06
    Temperature Pres. DC (bar) Pressure (bar)   Constr. rmsd
    2.97824e+02   -1.55159e+02    2.39131e+01    0.00000e+00

           Step           Time
         388000      776.00000

   Energies (kJ/mol)
           Bond          Angle    Proper Dih. Per. Imp. Dih.          LJ-14
    6.99572e+03    1.97501e+04    2.57294e+04    1.20716e+03    9.66249e+03
     Coulomb-14        LJ (SR)  Disper. corr.   Coulomb (SR)   Coul. recip.
    1.19209e+05    4.95042e+05   -2.05302e+04   -3.80275e+06    1.06783e+04
 Position Rest.      Potential    Kinetic En.   Total Energy  Conserved En.
    2.38889e+03   -3.13262e+06    5.48359e+05   -2.58426e+06   -2.53712e+06
    Temperature Pres. DC (bar) Pressure (bar)   Constr. rmsd
    2.98521e+02   -1.54093e+02    5.01904e+01    0.00000e+00

           Step           Time
         388500      777.00000

   Energies (kJ/mol)
           Bond          Angle    Proper Dih. Per. Imp. Dih.          LJ-14
    7.36607e+03    1.97938e+04    2.56348e+04    1.21591e+03    9.53276e+03
     Coulomb-14        LJ (SR)  Disper. corr.   Coulomb (SR)   Coul. recip.
    1.18957e+05    4.95547e+05   -2.05943e+04   -3.80321e+06    1.07935e+04
 Position Rest.      Potential    Kinetic En.   Total Energy  Conserved En.
    2.49753e+03   -3.13247e+06    5.45766e+05   -2.58670e+06   -2.53703e+06
    Temperature Pres. DC (bar) Pressure (bar)   Constr. rmsd
    2.97110e+02   -1.55057e+02    3.28043e+01    0.00000e+00

           Step           Time
         389000      778.00000

   Energies (kJ/mol)
           Bond          Angle    Proper Dih. Per. Imp. Dih.          LJ-14
    7.32346e+03    1.98066e+04    2.57973e+04    1.21015e+03    9.74422e+03
     Coulomb-14        LJ (SR)  Disper. corr.   Coulomb (SR)   Coul. recip.
    1.19155e+05    4.92198e+05   -2.05346e+04   -3.79724e+06    1.06762e+04
 Position Rest.      Potential    Kinetic En.   Total Energy  Conserved En.
    2.55455e+03   -3.12930e+06    5.49684e+05   -2.57962e+06   -2.53705e+06
    Temperature Pres. DC (bar) Pressure (bar)   Constr. rmsd
    2.99243e+02   -1.54160e+02   -2.38437e+01    0.00000e+00

           Step           Time
         389500      779.00000

   Energies (kJ/mol)
           Bond          Angle    Proper Dih. Per. Imp. Dih.          LJ-14
    7.24598e+03    1.99367e+04    2.58248e+04    1.12036e+03    9.68688e+03
     Coulomb-14        LJ (SR)  Disper. corr.   Coulomb (SR)   Coul. recip.
    1.19194e+05    4.92027e+05   -2.05481e+04   -3.79602e+06    1.07771e+04
 Position Rest.      Potential    Kinetic En.   Total Energy  Conserved En.
    2.49620e+03   -3.12826e+06    5.46650e+05   -2.58161e+06   -2.53699e+06
    Temperature Pres. DC (bar) Pressure (bar)   Constr. rmsd
    2.97591e+02   -1.54362e+02   -2.94211e+01    0.00000e+00

           Step           Time
         390000      780.00000

   Energies (kJ/mol)
           Bond          Angle    Proper Dih. Per. Imp. Dih.          LJ-14
    7.35950e+03    2.00397e+04    2.59247e+04    1.21954e+03    9.58901e+03
     Coulomb-14        LJ (SR)  Disper. corr.   Coulomb (SR)   Coul. recip.
    1.18791e+05    4.94262e+05   -2.05947e+04   -3.80085e+06    1.07788e+04
 Position Rest.      Potential    Kinetic En.   Total Energy  Conserved En.
    2.46789e+03   -3.13101e+06    5.47948e+05   -2.58307e+06   -2.53693e+06
    Temperature Pres. DC (bar) Pressure (bar)   Constr. rmsd
    2.98297e+02   -1.55063e+02    7.22441e+01    0.00000e+00

           Step           Time
         390500      781.00000

   Energies (kJ/mol)
           Bond          Angle    Proper Dih. Per. Imp. Dih.          LJ-14
    7.23270e+03    1.95788e+04    2.58755e+04    1.25322e+03    9.52396e+03
     Coulomb-14        LJ (SR)  Disper. corr.   Coulomb (SR)   Coul. recip.
    1.19013e+05    4.92901e+05   -2.04965e+04   -3.79689e+06    1.07118e+04
 Position Rest.      Potential    Kinetic En.   Total Energy  Conserved En.
    2.51480e+03   -3.12878e+06    5.44121e+05   -2.58466e+06   -2.53688e+06
    Temperature Pres. DC (bar) Pressure (bar)   Constr. rmsd
    2.96214e+02   -1.53589e+02   -1.17950e+02    0.00000e+00

           Step           Time
         391000      782.00000

   Energies (kJ/mol)
           Bond          Angle    Proper Dih. Per. Imp. Dih.          LJ-14
    7.61716e+03    1.97101e+04    2.58287e+04    1.21647e+03    9.41759e+03
     Coulomb-14        LJ (SR)  Disper. corr.   Coulomb (SR)   Coul. recip.
    1.18676e+05    4.93978e+05   -2.06281e+04   -3.80115e+06    1.06262e+04
 Position Rest.      Potential    Kinetic En.   Total Energy  Conserved En.
    2.46261e+03   -3.13225e+06    5.47277e+05   -2.58497e+06   -2.53683e+06
    Temperature Pres. DC (bar) Pressure (bar)   Constr. rmsd
    2.97932e+02   -1.55565e+02   -4.35429e+01    0.00000e+00

           Step           Time
         391500      783.00000

   Energies (kJ/mol)
           Bond          Angle    Proper Dih. Per. Imp. Dih.          LJ-14
    7.24996e+03    1.98113e+04    2.58209e+04    1.22882e+03    9.58441e+03
     Coulomb-14        LJ (SR)  Disper. corr.   Coulomb (SR)   Coul. recip.
    1.18955e+05    4.91575e+05   -2.05655e+04   -3.79807e+06    1.08069e+04
 Position Rest.      Potential    Kinetic En.   Total Energy  Conserved En.
    2.48965e+03   -3.13111e+06    5.46552e+05   -2.58456e+06   -2.53672e+06
    Temperature Pres. DC (bar) Pressure (bar)   Constr. rmsd
    2.97537e+02   -1.54623e+02   -4.74821e+01    0.00000e+00

           Step           Time
         392000      784.00000

   Energies (kJ/mol)
           Bond          Angle    Proper Dih. Per. Imp. Dih.          LJ-14
    7.26168e+03    2.01097e+04    2.61207e+04    1.16861e+03    9.41125e+03
     Coulomb-14        LJ (SR)  Disper. corr.   Coulomb (SR)   Coul. recip.
    1.18907e+05    4.94371e+05   -2.05415e+04   -3.79956e+06    1.07115e+04
 Position Rest.      Potential    Kinetic En.   Total Energy  Conserved En.
    2.52190e+03   -3.12951e+06    5.47214e+05   -2.58230e+06   -2.53669e+06
    Temperature Pres. DC (bar) Pressure (bar)   Constr. rmsd
    2.97898e+02   -1.54263e+02   -5.20570e+00    0.00000e+00

           Step           Time
         392500      785.00000

   Energies (kJ/mol)
           Bond          Angle    Proper Dih. Per. Imp. Dih.          LJ-14
    7.34580e+03    2.00028e+04    2.58227e+04    1.23759e+03    9.58407e+03
     Coulomb-14        LJ (SR)  Disper. corr.   Coulomb (SR)   Coul. recip.
    1.18775e+05    4.93045e+05   -2.05279e+04   -3.79835e+06    1.07647e+04
 Position Rest.      Potential    Kinetic En.   Total Energy  Conserved En.
    2.50539e+03   -3.12979e+06    5.49380e+05   -2.58042e+06   -2.53671e+06
    Temperature Pres. DC (bar) Pressure (bar)   Constr. rmsd
    2.99077e+02   -1.54059e+02   -4.28317e+01    0.00000e+00

           Step           Time
         393000      786.00000

   Energies (kJ/mol)
           Bond          Angle    Proper Dih. Per. Imp. Dih.          LJ-14
    7.20186e+03    1.98282e+04    2.58713e+04    1.28753e+03    9.66091e+03
     Coulomb-14        LJ (SR)  Disper. corr.   Coulomb (SR)   Coul. recip.
    1.18958e+05    4.92624e+05   -2.05715e+04   -3.79765e+06    1.08397e+04
 Position Rest.      Potential    Kinetic En.   Total Energy  Conserved En.
    2.58043e+03   -3.12937e+06    5.48155e+05   -2.58122e+06   -2.53667e+06
    Temperature Pres. DC (bar) Pressure (bar)   Constr. rmsd
    2.98410e+02   -1.54714e+02    5.96857e+01    0.00000e+00

           Step           Time
         393500      787.00000

   Energies (kJ/mol)
           Bond          Angle    Proper Dih. Per. Imp. Dih.          LJ-14
    7.11441e+03    1.96593e+04    2.57704e+04    1.24045e+03    9.49528e+03
     Coulomb-14        LJ (SR)  Disper. corr.   Coulomb (SR)   Coul. recip.
    1.18855e+05    4.96235e+05   -2.05726e+04   -3.80583e+06    1.07801e+04
 Position Rest.      Potential    Kinetic En.   Total Energy  Conserved En.
    2.43054e+03   -3.13482e+06    5.45254e+05   -2.58957e+06   -2.53658e+06
    Temperature Pres. DC (bar) Pressure (bar)   Constr. rmsd
    2.96831e+02   -1.54730e+02    1.49665e+01    0.00000e+00

           Step           Time
         394000      788.00000

   Energies (kJ/mol)
           Bond          Angle    Proper Dih. Per. Imp. Dih.          LJ-14
    7.24719e+03    1.96998e+04    2.59677e+04    1.24586e+03    9.51351e+03
     Coulomb-14        LJ (SR)  Disper. corr.   Coulomb (SR)   Coul. recip.
    1.18775e+05    4.96462e+05   -2.05649e+04   -3.80309e+06    1.07795e+04
 Position Rest.      Potential    Kinetic En.   Total Energy  Conserved En.
    2.40766e+03   -3.13156e+06    5.48683e+05   -2.58288e+06   -2.53653e+06
    Temperature Pres. DC (bar) Pressure (bar)   Constr. rmsd
    2.98698e+02   -1.54615e+02    2.26274e+00    0.00000e+00

           Step           Time
         394500      789.00000

   Energies (kJ/mol)
           Bond          Angle    Proper Dih. Per. Imp. Dih.          LJ-14
    7.19957e+03    2.00392e+04    2.57530e+04    1.20891e+03    9.49190e+03
     Coulomb-14        LJ (SR)  Disper. corr.   Coulomb (SR)   Coul. recip.
    1.19168e+05    4.93946e+05   -2.05130e+04   -3.80105e+06    1.09313e+04
 Position Rest.      Potential    Kinetic En.   Total Energy  Conserved En.
    2.47339e+03   -3.13135e+06    5.47549e+05   -2.58380e+06   -2.53655e+06
    Temperature Pres. DC (bar) Pressure (bar)   Constr. rmsd
    2.98080e+02   -1.53836e+02    9.15107e+00    0.00000e+00

           Step           Time
         395000      790.00000

   Energies (kJ/mol)
           Bond          Angle    Proper Dih. Per. Imp. Dih.          LJ-14
    7.28664e+03    1.98687e+04    2.58581e+04    1.19243e+03    9.64817e+03
     Coulomb-14        LJ (SR)  Disper. corr.   Coulomb (SR)   Coul. recip.
    1.19054e+05    4.96516e+05   -2.06182e+04   -3.80375e+06    1.07346e+04
 Position Rest.      Potential    Kinetic En.   Total Energy  Conserved En.
    2.45097e+03   -3.13176e+06    5.46796e+05   -2.58497e+06   -2.53644e+06
    Temperature Pres. DC (bar) Pressure (bar)   Constr. rmsd
    2.97670e+02   -1.55416e+02    7.29190e+01    0.00000e+00

           Step           Time
         395500      791.00000

   Energies (kJ/mol)
           Bond          Angle    Proper Dih. Per. Imp. Dih.          LJ-14
    7.21521e+03    1.97124e+04    2.58746e+04    1.17474e+03    9.63588e+03
     Coulomb-14        LJ (SR)  Disper. corr.   Coulomb (SR)   Coul. recip.
    1.18919e+05    4.89720e+05   -2.05058e+04   -3.79425e+06    1.06248e+04
 Position Rest.      Potential    Kinetic En.   Total Energy  Conserved En.
    2.48266e+03   -3.12940e+06    5.47091e+05   -2.58231e+06   -2.53636e+06
    Temperature Pres. DC (bar) Pressure (bar)   Constr. rmsd
    2.97831e+02   -1.53728e+02   -9.79546e+01    0.00000e+00

           Step           Time
         396000      792.00000

   Energies (kJ/mol)
           Bond          Angle    Proper Dih. Per. Imp. Dih.          LJ-14
    7.27493e+03    2.01363e+04    2.58451e+04    1.23951e+03    9.68167e+03
     Coulomb-14        LJ (SR)  Disper. corr.   Coulomb (SR)   Coul. recip.
    1.19105e+05    4.96213e+05   -2.05973e+04   -3.80046e+06    1.07266e+04
 Position Rest.      Potential    Kinetic En.   Total Energy  Conserved En.
    2.34394e+03   -3.12849e+06    5.47910e+05   -2.58058e+06   -2.53629e+06
    Temperature Pres. DC (bar) Pressure (bar)   Constr. rmsd
    2.98277e+02   -1.55102e+02    3.85060e+01    0.00000e+00

           Step           Time
         396500      793.00000

   Energies (kJ/mol)
           Bond          Angle    Proper Dih. Per. Imp. Dih.          LJ-14
    7.26650e+03    1.99054e+04    2.56885e+04    1.25560e+03    9.70216e+03
     Coulomb-14        LJ (SR)  Disper. corr.   Coulomb (SR)   Coul. recip.
    1.19234e+05    4.92872e+05   -2.05321e+04   -3.79884e+06    1.07790e+04
 Position Rest.      Potential    Kinetic En.   Total Energy  Conserved En.
    2.42043e+03   -3.13025e+06    5.47601e+05   -2.58265e+06   -2.53626e+06
    Temperature Pres. DC (bar) Pressure (bar)   Constr. rmsd
    2.98109e+02   -1.54122e+02    1.03025e+01    0.00000e+00

           Step           Time
         397000      794.00000

   Energies (kJ/mol)
           Bond          Angle    Proper Dih. Per. Imp. Dih.          LJ-14
    7.37351e+03    1.98026e+04    2.56619e+04    1.20908e+03    9.53028e+03
     Coulomb-14        LJ (SR)  Disper. corr.   Coulomb (SR)   Coul. recip.
    1.18676e+05    4.97381e+05   -2.06147e+04   -3.80486e+06    1.05106e+04
 Position Rest.      Potential    Kinetic En.   Total Energy  Conserved En.
    2.32421e+03   -3.13301e+06    5.47700e+05   -2.58531e+06   -2.53630e+06
    Temperature Pres. DC (bar) Pressure (bar)   Constr. rmsd
    2.98163e+02   -1.55364e+02    1.54979e+02    0.00000e+00

           Step           Time
         397500      795.00000

   Energies (kJ/mol)
           Bond          Angle    Proper Dih. Per. Imp. Dih.          LJ-14
    7.16719e+03    1.97648e+04    2.59012e+04    1.30265e+03    9.53913e+03
     Coulomb-14        LJ (SR)  Disper. corr.   Coulomb (SR)   Coul. recip.
    1.19020e+05    4.93302e+05   -2.05468e+04   -3.79749e+06    1.06928e+04
 Position Rest.      Potential    Kinetic En.   Total Energy  Conserved En.
    2.45466e+03   -3.12889e+06    5.45193e+05   -2.58370e+06   -2.53621e+06
    Temperature Pres. DC (bar) Pressure (bar)   Constr. rmsd
    2.96798e+02   -1.54342e+02    5.60590e+00    0.00000e+00

           Step           Time
         398000      796.00000

   Energies (kJ/mol)
           Bond          Angle    Proper Dih. Per. Imp. Dih.          LJ-14
    7.10354e+03    2.00726e+04    2.56848e+04    1.14473e+03    9.72165e+03
     Coulomb-14        LJ (SR)  Disper. corr.   Coulomb (SR)   Coul. recip.
    1.19250e+05    4.92493e+05   -2.05302e+04   -3.79739e+06    1.08077e+04
 Position Rest.      Potential    Kinetic En.   Total Energy  Conserved En.
    2.44592e+03   -3.12920e+06    5.47950e+05   -2.58125e+06   -2.53621e+06
    Temperature Pres. DC (bar) Pressure (bar)   Constr. rmsd
    2.98299e+02   -1.54094e+02   -1.83514e+01    0.00000e+00

           Step           Time
         398500      797.00000

   Energies (kJ/mol)
           Bond          Angle    Proper Dih. Per. Imp. Dih.          LJ-14
    7.49644e+03    2.02190e+04    2.57051e+04    1.18966e+03    9.53577e+03
     Coulomb-14        LJ (SR)  Disper. corr.   Coulomb (SR)   Coul. recip.
    1.19108e+05    4.95254e+05   -2.05547e+04   -3.80064e+06    1.06543e+04
 Position Rest.      Potential    Kinetic En.   Total Energy  Conserved En.
    2.45218e+03   -3.12958e+06    5.49842e+05   -2.57974e+06   -2.53618e+06
    Temperature Pres. DC (bar) Pressure (bar)   Constr. rmsd
    2.99329e+02   -1.54461e+02    2.30206e+01    0.00000e+00

           Step           Time
         399000      798.00000

   Energies (kJ/mol)
           Bond          Angle    Proper Dih. Per. Imp. Dih.          LJ-14
    7.11062e+03    1.98177e+04    2.58207e+04    1.20364e+03    9.62011e+03
     Coulomb-14        LJ (SR)  Disper. corr.   Coulomb (SR)   Coul. recip.
    1.18840e+05    4.94091e+05   -2.05400e+04   -3.79907e+06    1.07931e+04
 Position Rest.      Potential    Kinetic En.   Total Energy  Conserved En.
    2.48325e+03   -3.12983e+06    5.46561e+05   -2.58327e+06   -2.53617e+06
    Temperature Pres. DC (bar) Pressure (bar)   Constr. rmsd
    2.97542e+02   -1.54240e+02   -2.73127e+01    0.00000e+00

           Step           Time
         399500      799.00000

   Energies (kJ/mol)
           Bond          Angle    Proper Dih. Per. Imp. Dih.          LJ-14
    7.23721e+03    2.00070e+04    2.59911e+04    1.19427e+03    9.49382e+03
     Coulomb-14        LJ (SR)  Disper. corr.   Coulomb (SR)   Coul. recip.
    1.18543e+05    4.92859e+05   -2.05473e+04   -3.79747e+06    1.07240e+04
 Position Rest.      Potential    Kinetic En.   Total Energy  Conserved En.
    2.52448e+03   -3.12945e+06    5.49550e+05   -2.57990e+06   -2.53621e+06
    Temperature Pres. DC (bar) Pressure (bar)   Constr. rmsd
    2.99169e+02   -1.54351e+02    5.36369e+00    0.00000e+00

           Step           Time
         400000      800.00000

   Energies (kJ/mol)
           Bond          Angle    Proper Dih. Per. Imp. Dih.          LJ-14
    7.46239e+03    2.02226e+04    2.59710e+04    1.24383e+03    9.51519e+03
     Coulomb-14        LJ (SR)  Disper. corr.   Coulomb (SR)   Coul. recip.
    1.18678e+05    4.94868e+05   -2.05663e+04   -3.80095e+06    1.07219e+04
 Position Rest.      Potential    Kinetic En.   Total Energy  Conserved En.
    2.50942e+03   -3.13032e+06    5.48590e+05   -2.58173e+06   -2.53611e+06
    Temperature Pres. DC (bar) Pressure (bar)   Constr. rmsd
    2.98647e+02   -1.54635e+02    1.52856e+01    0.00000e+00

           Step           Time
         400500      801.00000

   Energies (kJ/mol)
           Bond          Angle    Proper Dih. Per. Imp. Dih.          LJ-14
    7.45094e+03    1.96195e+04    2.59490e+04    1.19910e+03    9.46389e+03
     Coulomb-14        LJ (SR)  Disper. corr.   Coulomb (SR)   Coul. recip.
    1.19095e+05    4.92580e+05   -2.06044e+04   -3.79412e+06    1.08314e+04
 Position Rest.      Potential    Kinetic En.   Total Energy  Conserved En.
    2.40860e+03   -3.12613e+06    5.46426e+05   -2.57970e+06   -2.53613e+06
    Temperature Pres. DC (bar) Pressure (bar)   Constr. rmsd
    2.97469e+02   -1.55209e+02    5.71694e+00    0.00000e+00

           Step           Time
         401000      802.00000

   Energies (kJ/mol)
           Bond          Angle    Proper Dih. Per. Imp. Dih.          LJ-14
    7.39886e+03    1.93903e+04    2.59162e+04    1.24957e+03    9.64476e+03
     Coulomb-14        LJ (SR)  Disper. corr.   Coulomb (SR)   Coul. recip.
    1.18773e+05    4.93118e+05   -2.05041e+04   -3.79948e+06    1.06801e+04
 Position Rest.      Potential    Kinetic En.   Total Energy  Conserved En.
    2.45268e+03   -3.13136e+06    5.46941e+05   -2.58442e+06   -2.53609e+06
    Temperature Pres. DC (bar) Pressure (bar)   Constr. rmsd
    2.97749e+02   -1.53702e+02   -3.98808e+01    0.00000e+00

           Step           Time
         401500      803.00000

   Energies (kJ/mol)
           Bond          Angle    Proper Dih. Per. Imp. Dih.          LJ-14
    7.31788e+03    1.99583e+04    2.56794e+04    1.19747e+03    9.49909e+03
     Coulomb-14        LJ (SR)  Disper. corr.   Coulomb (SR)   Coul. recip.
    1.18952e+05    4.93382e+05   -2.05256e+04   -3.79984e+06    1.08212e+04
 Position Rest.      Potential    Kinetic En.   Total Energy  Conserved En.
    2.51553e+03   -3.13105e+06    5.48367e+05   -2.58268e+06   -2.53604e+06
    Temperature Pres. DC (bar) Pressure (bar)   Constr. rmsd
    2.98525e+02   -1.54024e+02   -4.89812e+01    0.00000e+00

           Step           Time
         402000      804.00000

   Energies (kJ/mol)
           Bond          Angle    Proper Dih. Per. Imp. Dih.          LJ-14
    7.29226e+03    2.00433e+04    2.56629e+04    1.25420e+03    9.48138e+03
     Coulomb-14        LJ (SR)  Disper. corr.   Coulomb (SR)   Coul. recip.
    1.18690e+05    4.95741e+05   -2.05933e+04   -3.80518e+06    1.05807e+04
 Position Rest.      Potential    Kinetic En.   Total Energy  Conserved En.
    2.45113e+03   -3.13457e+06    5.47214e+05   -2.58736e+06   -2.53598e+06
    Temperature Pres. DC (bar) Pressure (bar)   Constr. rmsd
    2.97898e+02   -1.55041e+02   -2.36746e+01    0.00000e+00

           Step           Time
         402500      805.00000

   Energies (kJ/mol)
           Bond          Angle    Proper Dih. Per. Imp. Dih.          LJ-14
    7.37656e+03    2.00267e+04    2.57886e+04    1.23267e+03    9.64288e+03
     Coulomb-14        LJ (SR)  Disper. corr.   Coulomb (SR)   Coul. recip.
    1.19118e+05    4.95437e+05   -2.05915e+04   -3.80191e+06    1.07006e+04
 Position Rest.      Potential    Kinetic En.   Total Energy  Conserved En.
    2.50083e+03   -3.13068e+06    5.46559e+05   -2.58412e+06   -2.53597e+06
    Temperature Pres. DC (bar) Pressure (bar)   Constr. rmsd
    2.97541e+02   -1.55015e+02    7.51573e+01    0.00000e+00

           Step           Time
         403000      806.00000

   Energies (kJ/mol)
           Bond          Angle    Proper Dih. Per. Imp. Dih.          LJ-14
    7.37007e+03    1.98808e+04    2.59192e+04    1.18930e+03    9.47781e+03
     Coulomb-14        LJ (SR)  Disper. corr.   Coulomb (SR)   Coul. recip.
    1.18903e+05    4.96664e+05   -2.05991e+04   -3.80285e+06    1.07511e+04
 Position Rest.      Potential    Kinetic En.   Total Energy  Conserved En.
    2.59430e+03   -3.13070e+06    5.48419e+05   -2.58228e+06   -2.53605e+06
    Temperature Pres. DC (bar) Pressure (bar)   Constr. rmsd
    2.98554e+02   -1.55129e+02    4.57579e+01    0.00000e+00

           Step           Time
         403500      807.00000

   Energies (kJ/mol)
           Bond          Angle    Proper Dih. Per. Imp. Dih.          LJ-14
    7.46728e+03    1.98731e+04    2.57436e+04    1.21792e+03    9.47072e+03
     Coulomb-14        LJ (SR)  Disper. corr.   Coulomb (SR)   Coul. recip.
    1.18412e+05    4.91993e+05   -2.05332e+04   -3.79645e+06    1.07508e+04
 Position Rest.      Potential    Kinetic En.   Total Energy  Conserved En.
    2.56346e+03   -3.12949e+06    5.45649e+05   -2.58384e+06   -2.53595e+06
    Temperature Pres. DC (bar) Pressure (bar)   Constr. rmsd
    2.97046e+02   -1.54139e+02   -6.25711e+01    0.00000e+00

           Step           Time
         404000      808.00000

   Energies (kJ/mol)
           Bond          Angle    Proper Dih. Per. Imp. Dih.          LJ-14
    7.30249e+03    1.93643e+04    2.56511e+04    1.30546e+03    9.65820e+03
     Coulomb-14        LJ (SR)  Disper. corr.   Coulomb (SR)   Coul. recip.
    1.18712e+05    4.93061e+05   -2.05304e+04   -3.79908e+06    1.07650e+04
 Position Rest.      Potential    Kinetic En.   Total Energy  Conserved En.
    2.46048e+03   -3.13133e+06    5.47338e+05   -2.58400e+06   -2.53603e+06
    Temperature Pres. DC (bar) Pressure (bar)   Constr. rmsd
    2.97965e+02   -1.54096e+02   -4.94757e+01    0.00000e+00

           Step           Time
         404500      809.00000

   Energies (kJ/mol)
           Bond          Angle    Proper Dih. Per. Imp. Dih.          LJ-14
    7.22231e+03    1.97356e+04    2.58872e+04    1.23068e+03    9.56440e+03
     Coulomb-14        LJ (SR)  Disper. corr.   Coulomb (SR)   Coul. recip.
    1.18761e+05    4.92651e+05   -2.05882e+04   -3.79818e+06    1.08081e+04
 Position Rest.      Potential    Kinetic En.   Total Energy  Conserved En.
    2.42128e+03   -3.13049e+06    5.46728e+05   -2.58376e+06   -2.53594e+06
    Temperature Pres. DC (bar) Pressure (bar)   Constr. rmsd
    2.97633e+02   -1.54965e+02    6.07569e+00    0.00000e+00

           Step           Time
         405000      810.00000

   Energies (kJ/mol)
           Bond          Angle    Proper Dih. Per. Imp. Dih.          LJ-14
    7.15801e+03    1.95579e+04    2.56892e+04    1.26312e+03    9.64245e+03
     Coulomb-14        LJ (SR)  Disper. corr.   Coulomb (SR)   Coul. recip.
    1.19026e+05    4.88060e+05   -2.04690e+04   -3.79263e+06    1.09099e+04
 Position Rest.      Potential    Kinetic En.   Total Energy  Conserved En.
    2.51853e+03   -3.12927e+06    5.46746e+05   -2.58253e+06   -2.53587e+06
    Temperature Pres. DC (bar) Pressure (bar)   Constr. rmsd
    2.97643e+02   -1.53177e+02   -1.39615e+02    0.00000e+00

           Step           Time
         405500      811.00000

   Energies (kJ/mol)
           Bond          Angle    Proper Dih. Per. Imp. Dih.          LJ-14
    7.24941e+03    2.00756e+04    2.57812e+04    1.19529e+03    9.57265e+03
     Coulomb-14        LJ (SR)  Disper. corr.   Coulomb (SR)   Coul. recip.
    1.18757e+05    4.92116e+05   -2.05629e+04   -3.79662e+06    1.08133e+04
 Position Rest.      Potential    Kinetic En.   Total Energy  Conserved En.
    2.46975e+03   -3.12915e+06    5.46948e+05   -2.58220e+06   -2.53574e+06
    Temperature Pres. DC (bar) Pressure (bar)   Constr. rmsd
    2.97753e+02   -1.54584e+02   -1.25298e+02    0.00000e+00

           Step           Time
         406000      812.00000

   Energies (kJ/mol)
           Bond          Angle    Proper Dih. Per. Imp. Dih.          LJ-14
    7.22372e+03    1.98122e+04    2.58608e+04    1.18901e+03    9.69528e+03
     Coulomb-14        LJ (SR)  Disper. corr.   Coulomb (SR)   Coul. recip.
    1.18997e+05    4.91334e+05   -2.05608e+04   -3.79694e+06    1.05562e+04
 Position Rest.      Potential    Kinetic En.   Total Energy  Conserved En.
    2.41882e+03   -3.13042e+06    5.48153e+05   -2.58226e+06   -2.53569e+06
    Temperature Pres. DC (bar) Pressure (bar)   Constr. rmsd
    2.98409e+02   -1.54552e+02   -1.16588e+01    0.00000e+00

           Step           Time
         406500      813.00000

   Energies (kJ/mol)
           Bond          Angle    Proper Dih. Per. Imp. Dih.          LJ-14
    7.46541e+03    2.03074e+04    2.58752e+04    1.23208e+03    9.58347e+03
     Coulomb-14        LJ (SR)  Disper. corr.   Coulomb (SR)   Coul. recip.
    1.18583e+05    4.92349e+05   -2.05821e+04   -3.79627e+06    1.07663e+04
 Position Rest.      Potential    Kinetic En.   Total Energy  Conserved En.
    2.51063e+03   -3.12818e+06    5.49468e+05   -2.57872e+06   -2.53560e+06
    Temperature Pres. DC (bar) Pressure (bar)   Constr. rmsd
    2.99125e+02   -1.54874e+02   -8.50918e+00    0.00000e+00

           Step           Time
         407000      814.00000

   Energies (kJ/mol)
           Bond          Angle    Proper Dih. Per. Imp. Dih.          LJ-14
    7.55644e+03    2.00690e+04    2.58536e+04    1.18625e+03    9.42544e+03
     Coulomb-14        LJ (SR)  Disper. corr.   Coulomb (SR)   Coul. recip.
    1.18702e+05    4.88737e+05   -2.05766e+04   -3.79316e+06    1.08126e+04
 Position Rest.      Potential    Kinetic En.   Total Energy  Conserved En.
    2.53646e+03   -3.12885e+06    5.47900e+05   -2.58095e+06   -2.53553e+06
    Temperature Pres. DC (bar) Pressure (bar)   Constr. rmsd
    2.98271e+02   -1.54790e+02   -8.23879e+01    0.00000e+00

           Step           Time
         407500      815.00000

   Energies (kJ/mol)
           Bond          Angle    Proper Dih. Per. Imp. Dih.          LJ-14
    7.13558e+03    1.97293e+04    2.57598e+04    1.16582e+03    9.63328e+03
     Coulomb-14        LJ (SR)  Disper. corr.   Coulomb (SR)   Coul. recip.
    1.19039e+05    4.93159e+05   -2.05291e+04   -3.79706e+06    1.08749e+04
 Position Rest.      Potential    Kinetic En.   Total Energy  Conserved En.
    2.46596e+03   -3.12862e+06    5.46801e+05   -2.58182e+06   -2.53558e+06
    Temperature Pres. DC (bar) Pressure (bar)   Constr. rmsd
    2.97673e+02   -1.54077e+02   -2.43809e+01    0.00000e+00

           Step           Time
         408000      816.00000

   Energies (kJ/mol)
           Bond          Angle    Proper Dih. Per. Imp. Dih.          LJ-14
    7.39579e+03    1.99539e+04    2.58511e+04    1.18070e+03    9.58496e+03
     Coulomb-14        LJ (SR)  Disper. corr.   Coulomb (SR)   Coul. recip.
    1.18801e+05    4.96856e+05   -2.06049e+04   -3.80503e+06    1.06310e+04
 Position Rest.      Potential    Kinetic En.   Total Energy  Conserved En.
    2.41436e+03   -3.13296e+06    5.48479e+05   -2.58448e+06   -2.53552e+06
    Temperature Pres. DC (bar) Pressure (bar)   Constr. rmsd
    2.98586e+02   -1.55215e+02    1.20427e+02    0.00000e+00

           Step           Time
         408500      817.00000

   Energies (kJ/mol)
           Bond          Angle    Proper Dih. Per. Imp. Dih.          LJ-14
    7.23722e+03    1.98691e+04    2.57592e+04    1.24593e+03    9.65040e+03
     Coulomb-14        LJ (SR)  Disper. corr.   Coulomb (SR)   Coul. recip.
    1.19054e+05    4.94325e+05   -2.05342e+04   -3.80055e+06    1.08127e+04
 Position Rest.      Potential    Kinetic En.   Total Energy  Conserved En.
    2.52137e+03   -3.13061e+06    5.47105e+05   -2.58350e+06   -2.53550e+06
    Temperature Pres. DC (bar) Pressure (bar)   Constr. rmsd
    2.97838e+02   -1.54153e+02    1.57500e+01    0.00000e+00

           Step           Time
         409000      818.00000

   Energies (kJ/mol)
           Bond          Angle    Proper Dih. Per. Imp. Dih.          LJ-14
    7.31717e+03    2.00649e+04    2.54605e+04    1.18464e+03    9.70756e+03
     Coulomb-14        LJ (SR)  Disper. corr.   Coulomb (SR)   Coul. recip.
    1.18903e+05    4.89693e+05   -2.05094e+04   -3.79213e+06    1.09068e+04
 Position Rest.      Potential    Kinetic En.   Total Energy  Conserved En.
    2.45506e+03   -3.12695e+06    5.48514e+05   -2.57843e+06   -2.53553e+06
    Temperature Pres. DC (bar) Pressure (bar)   Constr. rmsd
    2.98605e+02   -1.53782e+02   -9.93322e+01    0.00000e+00

           Step           Time
         409500      819.00000

   Energies (kJ/mol)
           Bond          Angle    Proper Dih. Per. Imp. Dih.          LJ-14
    7.46703e+03    2.00434e+04    2.58814e+04    1.23863e+03    9.55654e+03
     Coulomb-14        LJ (SR)  Disper. corr.   Coulomb (SR)   Coul. recip.
    1.19161e+05    4.92513e+05   -2.05225e+04   -3.79835e+06    1.09347e+04
 Position Rest.      Potential    Kinetic En.   Total Energy  Conserved En.
    2.42131e+03   -3.12965e+06    5.49054e+05   -2.58060e+06   -2.53547e+06
    Temperature Pres. DC (bar) Pressure (bar)   Constr. rmsd
    2.98900e+02   -1.53978e+02   -7.92669e+01    0.00000e+00

           Step           Time
         410000      820.00000

   Energies (kJ/mol)
           Bond          Angle    Proper Dih. Per. Imp. Dih.          LJ-14
    7.12870e+03    2.00572e+04    2.58489e+04    1.15844e+03    9.60833e+03
     Coulomb-14        LJ (SR)  Disper. corr.   Coulomb (SR)   Coul. recip.
    1.18844e+05    4.92781e+05   -2.05812e+04   -3.79841e+06    1.08408e+04
 Position Rest.      Potential    Kinetic En.   Total Energy  Conserved En.
    2.49997e+03   -3.13023e+06    5.49896e+05   -2.58033e+06   -2.53544e+06
    Temperature Pres. DC (bar) Pressure (bar)   Constr. rmsd
    2.99358e+02   -1.54859e+02    3.35385e+01    0.00000e+00

           Step           Time
         410500      821.00000

   Energies (kJ/mol)
           Bond          Angle    Proper Dih. Per. Imp. Dih.          LJ-14
    7.37779e+03    1.94921e+04    2.57488e+04    1.23224e+03    9.59004e+03
     Coulomb-14        LJ (SR)  Disper. corr.   Coulomb (SR)   Coul. recip.
    1.19440e+05    4.93207e+05   -2.05572e+04   -3.80030e+06    1.09414e+04
 Position Rest.      Potential    Kinetic En.   Total Energy  Conserved En.
    2.49554e+03   -3.13134e+06    5.47136e+05   -2.58420e+06   -2.53542e+06
    Temperature Pres. DC (bar) Pressure (bar)   Constr. rmsd
    2.97855e+02   -1.54499e+02   -5.36461e+01    0.00000e+00

           Step           Time
         411000      822.00000

   Energies (kJ/mol)
           Bond          Angle    Proper Dih. Per. Imp. Dih.          LJ-14
    7.03113e+03    1.98623e+04    2.56494e+04    1.16837e+03    9.66510e+03
     Coulomb-14        LJ (SR)  Disper. corr.   Coulomb (SR)   Coul. recip.
    1.19219e+05    4.93760e+05   -2.05832e+04   -3.80074e+06    1.09035e+04
 Position Rest.      Potential    Kinetic En.   Total Energy  Conserved En.
    2.37740e+03   -3.13169e+06    5.46028e+05   -2.58566e+06   -2.53536e+06
    Temperature Pres. DC (bar) Pressure (bar)   Constr. rmsd
    2.97252e+02   -1.54889e+02    6.42660e+01    0.00000e+00

           Step           Time
         411500      823.00000

   Energies (kJ/mol)
           Bond          Angle    Proper Dih. Per. Imp. Dih.          LJ-14
    7.12172e+03    1.99504e+04    2.59969e+04    1.23008e+03    9.64448e+03
     Coulomb-14        LJ (SR)  Disper. corr.   Coulomb (SR)   Coul. recip.
    1.18870e+05    4.88590e+05   -2.05335e+04   -3.79373e+06    1.06937e+04
 Position Rest.      Potential    Kinetic En.   Total Energy  Conserved En.
    2.56791e+03   -3.12960e+06    5.47131e+05   -2.58247e+06   -2.53536e+06
    Temperature Pres. DC (bar) Pressure (bar)   Constr. rmsd
    2.97853e+02   -1.54142e+02   -1.36293e+02    0.00000e+00

           Step           Time
         412000      824.00000

   Energies (kJ/mol)
           Bond          Angle    Proper Dih. Per. Imp. Dih.          LJ-14
    7.33611e+03    1.97539e+04    2.57221e+04    1.23765e+03    9.64171e+03
     Coulomb-14        LJ (SR)  Disper. corr.   Coulomb (SR)   Coul. recip.
    1.19038e+05    4.95888e+05   -2.06444e+04   -3.80367e+06    1.05288e+04
 Position Rest.      Potential    Kinetic En.   Total Energy  Conserved En.
    2.44279e+03   -3.13273e+06    5.47595e+05   -2.58513e+06   -2.53531e+06
    Temperature Pres. DC (bar) Pressure (bar)   Constr. rmsd
    2.98105e+02   -1.55811e+02    1.49253e+02    0.00000e+00

           Step           Time
         412500      825.00000

   Energies (kJ/mol)
           Bond          Angle    Proper Dih. Per. Imp. Dih.          LJ-14
    7.17432e+03    1.97313e+04    2.58942e+04    1.20264e+03    9.63239e+03
     Coulomb-14        LJ (SR)  Disper. corr.   Coulomb (SR)   Coul. recip.
    1.19148e+05    4.90756e+05   -2.05243e+04   -3.79357e+06    1.06888e+04
 Position Rest.      Potential    Kinetic En.   Total Energy  Conserved En.
    2.53557e+03   -3.12733e+06    5.47380e+05   -2.57995e+06   -2.53531e+06
    Temperature Pres. DC (bar) Pressure (bar)   Constr. rmsd
    2.97988e+02   -1.54006e+02   -5.42163e+01    0.00000e+00

           Step           Time
         413000      826.00000

   Energies (kJ/mol)
           Bond          Angle    Proper Dih. Per. Imp. Dih.          LJ-14
    7.30480e+03    1.94850e+04    2.58668e+04    1.17600e+03    9.63813e+03
     Coulomb-14        LJ (SR)  Disper. corr.   Coulomb (SR)   Coul. recip.
    1.19030e+05    4.96538e+05   -2.05990e+04   -3.80546e+06    1.07892e+04
 Position Rest.      Potential    Kinetic En.   Total Energy  Conserved En.
    2.48237e+03   -3.13375e+06    5.48638e+05   -2.58511e+06   -2.53526e+06
    Temperature Pres. DC (bar) Pressure (bar)   Constr. rmsd
    2.98673e+02   -1.55127e+02    4.32798e+01    0.00000e+00

           Step           Time
         413500      827.00000

   Energies (kJ/mol)
           Bond          Angle    Proper Dih. Per. Imp. Dih.          LJ-14
    7.19999e+03    1.97912e+04    2.57026e+04    1.15306e+03    9.80140e+03
     Coulomb-14        LJ (SR)  Disper. corr.   Coulomb (SR)   Coul. recip.
    1.19147e+05    4.90557e+05   -2.05037e+04   -3.79639e+06    1.07862e+04
 Position Rest.      Potential    Kinetic En.   Total Energy  Conserved En.
    2.49951e+03   -3.13026e+06    5.47105e+05   -2.58315e+06   -2.53524e+06
    Temperature Pres. DC (bar) Pressure (bar)   Constr. rmsd
    2.97838e+02   -1.53697e+02   -9.46318e+01    0.00000e+00

           Step           Time
         414000      828.00000

   Energies (kJ/mol)
           Bond          Angle    Proper Dih. Per. Imp. Dih.          LJ-14
    7.20540e+03    2.00218e+04    2.57016e+04    1.27261e+03    9.64259e+03
     Coulomb-14        LJ (SR)  Disper. corr.   Coulomb (SR)   Coul. recip.
    1.18998e+05    4.92841e+05   -2.06114e+04   -3.79927e+06    1.07054e+04
 Position Rest.      Potential    Kinetic En.   Total Energy  Conserved En.
    2.52298e+03   -3.13097e+06    5.48634e+05   -2.58234e+06   -2.53515e+06
    Temperature Pres. DC (bar) Pressure (bar)   Constr. rmsd
    2.98671e+02   -1.55314e+02    7.33103e+00    0.00000e+00

           Step           Time
         414500      829.00000

   Energies (kJ/mol)
           Bond          Angle    Proper Dih. Per. Imp. Dih.          LJ-14
    7.18938e+03    1.99760e+04    2.58184e+04    1.21933e+03    9.59151e+03
     Coulomb-14        LJ (SR)  Disper. corr.   Coulomb (SR)   Coul. recip.
    1.19092e+05    4.93376e+05   -2.04804e+04   -3.79690e+06    1.09827e+04
 Position Rest.      Potential    Kinetic En.   Total Energy  Conserved En.
    2.48666e+03   -3.12765e+06    5.47288e+05   -2.58036e+06   -2.53507e+06
    Temperature Pres. DC (bar) Pressure (bar)   Constr. rmsd
    2.97938e+02   -1.53347e+02   -5.02632e+01    0.00000e+00

           Step           Time
         415000      830.00000

   Energies (kJ/mol)
           Bond          Angle    Proper Dih. Per. Imp. Dih.          LJ-14
    7.17395e+03    2.04343e+04    2.58334e+04    1.19100e+03    9.61868e+03
     Coulomb-14        LJ (SR)  Disper. corr.   Coulomb (SR)   Coul. recip.
    1.18978e+05    4.93247e+05   -2.05778e+04   -3.79608e+06    1.08118e+04
 Position Rest.      Potential    Kinetic En.   Total Energy  Conserved En.
    2.41560e+03   -3.12695e+06    5.49048e+05   -2.57790e+06   -2.53504e+06
    Temperature Pres. DC (bar) Pressure (bar)   Constr. rmsd
    2.98896e+02   -1.54808e+02    5.07180e+01    0.00000e+00

           Step           Time
         415500      831.00000

   Energies (kJ/mol)
           Bond          Angle    Proper Dih. Per. Imp. Dih.          LJ-14
    7.24776e+03    2.00212e+04    2.57999e+04    1.29405e+03    9.56708e+03
     Coulomb-14        LJ (SR)  Disper. corr.   Coulomb (SR)   Coul. recip.
    1.18784e+05    4.94519e+05   -2.05519e+04   -3.80128e+06    1.07204e+04
 Position Rest.      Potential    Kinetic En.   Total Energy  Conserved En.
    2.40525e+03   -3.13148e+06    5.47005e+05   -2.58447e+06   -2.53507e+06
    Temperature Pres. DC (bar) Pressure (bar)   Constr. rmsd
    2.97784e+02   -1.54420e+02    2.90347e+01    0.00000e+00

           Step           Time
         416000      832.00000

   Energies (kJ/mol)
           Bond          Angle    Proper Dih. Per. Imp. Dih.          LJ-14
    7.19812e+03    1.96541e+04    2.58876e+04    1.19673e+03    9.67591e+03
     Coulomb-14        LJ (SR)  Disper. corr.   Coulomb (SR)   Coul. recip.
    1.19093e+05    4.92372e+05   -2.05889e+04   -3.79880e+06    1.08207e+04
 Position Rest.      Potential    Kinetic En.   Total Energy  Conserved En.
    2.39203e+03   -3.13110e+06    5.46994e+05   -2.58411e+06   -2.53505e+06
    Temperature Pres. DC (bar) Pressure (bar)   Constr. rmsd
    2.97778e+02   -1.54975e+02   -5.37725e+01    0.00000e+00

           Step           Time
         416500      833.00000

   Energies (kJ/mol)
           Bond          Angle    Proper Dih. Per. Imp. Dih.          LJ-14
    7.27372e+03    1.98993e+04    2.59000e+04    1.24101e+03    9.50794e+03
     Coulomb-14        LJ (SR)  Disper. corr.   Coulomb (SR)   Coul. recip.
    1.18975e+05    4.93071e+05   -2.05687e+04   -3.80153e+06    1.06725e+04
 Position Rest.      Potential    Kinetic En.   Total Energy  Conserved En.
    2.52371e+03   -3.13303e+06    5.47716e+05   -2.58531e+06   -2.53503e+06
    Temperature Pres. DC (bar) Pressure (bar)   Constr. rmsd
    2.98171e+02   -1.54671e+02   -1.98119e+01    0.00000e+00

           Step           Time
         417000      834.00000

   Energies (kJ/mol)
           Bond          Angle    Proper Dih. Per. Imp. Dih.          LJ-14
    7.38331e+03    1.99861e+04    2.56644e+04    1.18043e+03    9.55214e+03
     Coulomb-14        LJ (SR)  Disper. corr.   Coulomb (SR)   Coul. recip.
    1.19588e+05    4.95591e+05   -2.06317e+04   -3.80380e+06    1.07413e+04
 Position Rest.      Potential    Kinetic En.   Total Energy  Conserved En.
    2.56382e+03   -3.13218e+06    5.47085e+05   -2.58510e+06   -2.53496e+06
    Temperature Pres. DC (bar) Pressure (bar)   Constr. rmsd
    2.97827e+02   -1.55620e+02    3.65250e+01    0.00000e+00

           Step           Time
         417500      835.00000

   Energies (kJ/mol)
           Bond          Angle    Proper Dih. Per. Imp. Dih.          LJ-14
    7.20740e+03    1.97870e+04    2.57842e+04    1.23267e+03    9.38029e+03
     Coulomb-14        LJ (SR)  Disper. corr.   Coulomb (SR)   Coul. recip.
    1.18767e+05    4.93017e+05   -2.05287e+04   -3.80041e+06    1.07782e+04
 Position Rest.      Potential    Kinetic En.   Total Energy  Conserved En.
    2.50660e+03   -3.13248e+06    5.47186e+05   -2.58530e+06   -2.53498e+06
    Temperature Pres. DC (bar) Pressure (bar)   Constr. rmsd
    2.97882e+02   -1.54071e+02   -6.07913e+01    0.00000e+00

           Step           Time
         418000      836.00000

   Energies (kJ/mol)
           Bond          Angle    Proper Dih. Per. Imp. Dih.          LJ-14
    7.22296e+03    1.95776e+04    2.58425e+04    1.20846e+03    9.58164e+03
     Coulomb-14        LJ (SR)  Disper. corr.   Coulomb (SR)   Coul. recip.
    1.19120e+05    4.94163e+05   -2.05492e+04   -3.80262e+06    1.07308e+04
 Position Rest.      Potential    Kinetic En.   Total Energy  Conserved En.
    2.49229e+03   -3.13323e+06    5.46946e+05   -2.58629e+06   -2.53494e+06
    Temperature Pres. DC (bar) Pressure (bar)   Constr. rmsd
    2.97752e+02   -1.54379e+02   -2.99431e+01    0.00000e+00

           Step           Time
         418500      837.00000

   Energies (kJ/mol)
           Bond          Angle    Proper Dih. Per. Imp. Dih.          LJ-14
    7.25290e+03    1.98313e+04    2.57451e+04    1.21469e+03    9.58003e+03
     Coulomb-14        LJ (SR)  Disper. corr.   Coulomb (SR)   Coul. recip.
    1.18883e+05    4.91905e+05   -2.05648e+04   -3.79803e+06    1.08156e+04
 Position Rest.      Potential    Kinetic En.   Total Energy  Conserved En.
    2.40569e+03   -3.13096e+06    5.46544e+05   -2.58442e+06   -2.53490e+06
    Temperature Pres. DC (bar) Pressure (bar)   Constr. rmsd
    2.97533e+02   -1.54613e+02    1.52862e+00    0.00000e+00

           Step           Time
         419000      838.00000

   Energies (kJ/mol)
           Bond          Angle    Proper Dih. Per. Imp. Dih.          LJ-14
    7.31508e+03    1.98415e+04    2.58195e+04    1.23801e+03    9.42891e+03
     Coulomb-14        LJ (SR)  Disper. corr.   Coulomb (SR)   Coul. recip.
    1.18835e+05    4.94977e+05   -2.05663e+04   -3.80112e+06    1.08202e+04
 Position Rest.      Potential    Kinetic En.   Total Energy  Conserved En.
    2.47443e+03   -3.13094e+06    5.47679e+05   -2.58326e+06   -2.53475e+06
    Temperature Pres. DC (bar) Pressure (bar)   Constr. rmsd
    2.98151e+02   -1.54635e+02    4.75151e+01    0.00000e+00

           Step           Time
         419500      839.00000

   Energies (kJ/mol)
           Bond          Angle    Proper Dih. Per. Imp. Dih.          LJ-14
    7.28795e+03    1.99173e+04    2.57747e+04    1.15876e+03    9.53027e+03
     Coulomb-14        LJ (SR)  Disper. corr.   Coulomb (SR)   Coul. recip.
    1.19004e+05    4.93359e+05   -2.05813e+04   -3.80103e+06    1.09055e+04
 Position Rest.      Potential    Kinetic En.   Total Energy  Conserved En.
    2.46325e+03   -3.13221e+06    5.45748e+05   -2.58646e+06   -2.53462e+06
    Temperature Pres. DC (bar) Pressure (bar)   Constr. rmsd
    2.97100e+02   -1.54860e+02   -1.24111e+01    0.00000e+00

           Step           Time
         420000      840.00000

   Energies (kJ/mol)
           Bond          Angle    Proper Dih. Per. Imp. Dih.          LJ-14
    7.46875e+03    2.00824e+04    2.58188e+04    1.11420e+03    9.43557e+03
     Coulomb-14        LJ (SR)  Disper. corr.   Coulomb (SR)   Coul. recip.
    1.18931e+05    4.93442e+05   -2.05155e+04   -3.79962e+06    1.07976e+04
 Position Rest.      Potential    Kinetic En.   Total Energy  Conserved En.
    2.52386e+03   -3.13052e+06    5.49633e+05   -2.58088e+06   -2.53467e+06
    Temperature Pres. DC (bar) Pressure (bar)   Constr. rmsd
    2.99215e+02   -1.53873e+02   -4.21416e+01    0.00000e+00

           Step           Time
         420500      841.00000

   Energies (kJ/mol)
           Bond          Angle    Proper Dih. Per. Imp. Dih.          LJ-14
    7.40873e+03    2.01923e+04    2.58395e+04    1.16014e+03    9.57123e+03
     Coulomb-14        LJ (SR)  Disper. corr.   Coulomb (SR)   Coul. recip.
    1.18906e+05    4.92575e+05   -2.05826e+04   -3.79872e+06    1.09415e+04
 Position Rest.      Potential    Kinetic En.   Total Energy  Conserved En.
    2.51208e+03   -3.13019e+06    5.47411e+05   -2.58278e+06   -2.53463e+06
    Temperature Pres. DC (bar) Pressure (bar)   Constr. rmsd
    2.98005e+02   -1.54880e+02   -4.50684e+01    0.00000e+00

           Step           Time
         421000      842.00000

   Energies (kJ/mol)
           Bond          Angle    Proper Dih. Per. Imp. Dih.          LJ-14
    7.06475e+03    2.00972e+04    2.58743e+04    1.10748e+03    9.65795e+03
     Coulomb-14        LJ (SR)  Disper. corr.   Coulomb (SR)   Coul. recip.
    1.19384e+05    4.92664e+05   -2.05453e+04   -3.79915e+06    1.08506e+04
 Position Rest.      Potential    Kinetic En.   Total Energy  Conserved En.
    2.47420e+03   -3.13052e+06    5.46420e+05   -2.58410e+06   -2.53461e+06
    Temperature Pres. DC (bar) Pressure (bar)   Constr. rmsd
    2.97466e+02   -1.54320e+02   -3.03900e+01    0.00000e+00

           Step           Time
         421500      843.00000

   Energies (kJ/mol)
           Bond          Angle    Proper Dih. Per. Imp. Dih.          LJ-14
    7.13269e+03    2.02030e+04    2.56894e+04    1.18772e+03    9.48166e+03
     Coulomb-14        LJ (SR)  Disper. corr.   Coulomb (SR)   Coul. recip.
    1.18605e+05    4.95994e+05   -2.05589e+04   -3.80395e+06    1.07842e+04
 Position Rest.      Potential    Kinetic En.   Total Energy  Conserved En.
    2.34977e+03   -3.13308e+06    5.47976e+05   -2.58510e+06   -2.53462e+06
    Temperature Pres. DC (bar) Pressure (bar)   Constr. rmsd
    2.98313e+02   -1.54524e+02    4.17638e+00    0.00000e+00

           Step           Time
         422000      844.00000

   Energies (kJ/mol)
           Bond          Angle    Proper Dih. Per. Imp. Dih.          LJ-14
    7.34071e+03    2.00040e+04    2.59129e+04    1.16534e+03    9.73512e+03
     Coulomb-14        LJ (SR)  Disper. corr.   Coulomb (SR)   Coul. recip.
    1.19019e+05    4.95695e+05   -2.05606e+04   -3.80036e+06    1.07960e+04
 Position Rest.      Potential    Kinetic En.   Total Energy  Conserved En.
    2.49456e+03   -3.12876e+06    5.49618e+05   -2.57914e+06   -2.53460e+06
    Temperature Pres. DC (bar) Pressure (bar)   Constr. rmsd
    2.99207e+02   -1.54550e+02    8.36589e+01    0.00000e+00

           Step           Time
         422500      845.00000

   Energies (kJ/mol)
           Bond          Angle    Proper Dih. Per. Imp. Dih.          LJ-14
    7.03289e+03    1.99071e+04    2.60036e+04    1.23938e+03    9.62209e+03
     Coulomb-14        LJ (SR)  Disper. corr.   Coulomb (SR)   Coul. recip.
    1.18974e+05    4.90613e+05   -2.05739e+04   -3.79687e+06    1.07283e+04
 Position Rest.      Potential    Kinetic En.   Total Energy  Conserved En.
    2.46622e+03   -3.13086e+06    5.45837e+05   -2.58502e+06   -2.53460e+06
    Temperature Pres. DC (bar) Pressure (bar)   Constr. rmsd
    2.97148e+02   -1.54750e+02   -7.96902e+01    0.00000e+00

           Step           Time
         423000      846.00000

   Energies (kJ/mol)
           Bond          Angle    Proper Dih. Per. Imp. Dih.          LJ-14
    7.30137e+03    1.99292e+04    2.58330e+04    1.24168e+03    9.61300e+03
     Coulomb-14        LJ (SR)  Disper. corr.   Coulomb (SR)   Coul. recip.
    1.18595e+05    4.92125e+05   -2.05648e+04   -3.79666e+06    1.06747e+04
 Position Rest.      Potential    Kinetic En.   Total Energy  Conserved En.
    2.39234e+03   -3.12951e+06    5.46880e+05   -2.58263e+06   -2.53456e+06
    Temperature Pres. DC (bar) Pressure (bar)   Constr. rmsd
    2.97716e+02   -1.54612e+02    1.14209e+01    0.00000e+00

           Step           Time
         423500      847.00000

   Energies (kJ/mol)
           Bond          Angle    Proper Dih. Per. Imp. Dih.          LJ-14
    7.24636e+03    1.98826e+04    2.57502e+04    1.21042e+03    9.55484e+03
     Coulomb-14        LJ (SR)  Disper. corr.   Coulomb (SR)   Coul. recip.
    1.19044e+05    4.93111e+05   -2.05329e+04   -3.79753e+06    1.07713e+04
 Position Rest.      Potential    Kinetic En.   Total Energy  Conserved En.
    2.42764e+03   -3.12906e+06    5.45309e+05   -2.58375e+06   -2.53448e+06
    Temperature Pres. DC (bar) Pressure (bar)   Constr. rmsd
    2.96861e+02   -1.54134e+02    7.48165e+00    0.00000e+00

           Step           Time
         424000      848.00000

   Energies (kJ/mol)
           Bond          Angle    Proper Dih. Per. Imp. Dih.          LJ-14
    7.22035e+03    1.98648e+04    2.57514e+04    1.28890e+03    9.55691e+03
     Coulomb-14        LJ (SR)  Disper. corr.   Coulomb (SR)   Coul. recip.
    1.18877e+05    4.97356e+05   -2.05336e+04   -3.80224e+06    1.08119e+04
 Position Rest.      Potential    Kinetic En.   Total Energy  Conserved En.
    2.45869e+03   -3.12959e+06    5.45365e+05   -2.58422e+06   -2.53444e+06
    Temperature Pres. DC (bar) Pressure (bar)   Constr. rmsd
    2.96891e+02   -1.54144e+02    9.17592e+01    0.00000e+00

           Step           Time
         424500      849.00000

   Energies (kJ/mol)
           Bond          Angle    Proper Dih. Per. Imp. Dih.          LJ-14
    7.39134e+03    1.96151e+04    2.56640e+04    1.15887e+03    9.70457e+03
     Coulomb-14        LJ (SR)  Disper. corr.   Coulomb (SR)   Coul. recip.
    1.19045e+05    5.00665e+05   -2.06292e+04   -3.81118e+06    1.06706e+04
 Position Rest.      Potential    Kinetic En.   Total Energy  Conserved En.
    2.47300e+03   -3.13543e+06    5.49613e+05   -2.58581e+06   -2.53442e+06
    Temperature Pres. DC (bar) Pressure (bar)   Constr. rmsd
    2.99204e+02   -1.55583e+02    1.76162e+02    0.00000e+00

           Step           Time
         425000      850.00000

   Energies (kJ/mol)
           Bond          Angle    Proper Dih. Per. Imp. Dih.          LJ-14
    7.20494e+03    1.98052e+04    2.57267e+04    1.17745e+03    9.58372e+03
     Coulomb-14        LJ (SR)  Disper. corr.   Coulomb (SR)   Coul. recip.
    1.19230e+05    4.89277e+05   -2.05146e+04   -3.79501e+06    1.08212e+04
 Position Rest.      Potential    Kinetic En.   Total Energy  Conserved En.
    2.50133e+03   -3.13020e+06    5.46070e+05   -2.58413e+06   -2.53440e+06
    Temperature Pres. DC (bar) Pressure (bar)   Constr. rmsd
    2.97275e+02   -1.53860e+02   -1.02532e+02    0.00000e+00

           Step           Time
         425500      851.00000

   Energies (kJ/mol)
           Bond          Angle    Proper Dih. Per. Imp. Dih.          LJ-14
    7.07038e+03    1.98215e+04    2.57286e+04    1.24775e+03    9.49013e+03
     Coulomb-14        LJ (SR)  Disper. corr.   Coulomb (SR)   Coul. recip.
    1.18802e+05    4.95576e+05   -2.06371e+04   -3.80481e+06    1.06956e+04
 Position Rest.      Potential    Kinetic En.   Total Energy  Conserved En.
    2.46395e+03   -3.13455e+06    5.45945e+05   -2.58860e+06   -2.53435e+06
    Temperature Pres. DC (bar) Pressure (bar)   Constr. rmsd
    2.97207e+02   -1.55701e+02    3.24287e+01    0.00000e+00

           Step           Time
         426000      852.00000

   Energies (kJ/mol)
           Bond          Angle    Proper Dih. Per. Imp. Dih.          LJ-14
    7.03617e+03    2.00424e+04    2.57821e+04    1.30239e+03    9.43727e+03
     Coulomb-14        LJ (SR)  Disper. corr.   Coulomb (SR)   Coul. recip.
    1.19163e+05    4.92687e+05   -2.05146e+04   -3.79876e+06    1.07608e+04
 Position Rest.      Potential    Kinetic En.   Total Energy  Conserved En.
    2.48332e+03   -3.13058e+06    5.46543e+05   -2.58404e+06   -2.53428e+06
    Temperature Pres. DC (bar) Pressure (bar)   Constr. rmsd
    2.97533e+02   -1.53860e+02   -8.26736e+01    0.00000e+00

           Step           Time
         426500      853.00000

   Energies (kJ/mol)
           Bond          Angle    Proper Dih. Per. Imp. Dih.          LJ-14
    7.07642e+03    1.96517e+04    2.56916e+04    1.29689e+03    9.63805e+03
     Coulomb-14        LJ (SR)  Disper. corr.   Coulomb (SR)   Coul. recip.
    1.18861e+05    4.92677e+05   -2.06307e+04   -3.79738e+06    1.07149e+04
 Position Rest.      Potential    Kinetic En.   Total Energy  Conserved En.
    2.46566e+03   -3.12994e+06    5.47638e+05   -2.58230e+06   -2.53424e+06
    Temperature Pres. DC (bar) Pressure (bar)   Constr. rmsd
    2.98129e+02   -1.55605e+02    1.09437e+02    0.00000e+00

           Step           Time
         427000      854.00000

   Energies (kJ/mol)
           Bond          Angle    Proper Dih. Per. Imp. Dih.          LJ-14
    7.15138e+03    1.98029e+04    2.58008e+04    1.26673e+03    9.65216e+03
     Coulomb-14        LJ (SR)  Disper. corr.   Coulomb (SR)   Coul. recip.
    1.19071e+05    4.92077e+05   -2.05754e+04   -3.79574e+06    1.07114e+04
 Position Rest.      Potential    Kinetic En.   Total Energy  Conserved En.
    2.42895e+03   -3.12835e+06    5.43001e+05   -2.58535e+06   -2.53416e+06
    Temperature Pres. DC (bar) Pressure (bar)   Constr. rmsd
    2.95604e+02   -1.54772e+02   -1.62619e+01    0.00000e+00

           Step           Time
         427500      855.00000

   Energies (kJ/mol)
           Bond          Angle    Proper Dih. Per. Imp. Dih.          LJ-14
    7.28904e+03    1.97518e+04    2.57506e+04    1.24261e+03    9.62065e+03
     Coulomb-14        LJ (SR)  Disper. corr.   Coulomb (SR)   Coul. recip.
    1.19213e+05    4.96776e+05   -2.05724e+04   -3.80290e+06    1.05565e+04
 Position Rest.      Potential    Kinetic En.   Total Energy  Conserved En.
    2.57126e+03   -3.13070e+06    5.47572e+05   -2.58312e+06   -2.53419e+06
    Temperature Pres. DC (bar) Pressure (bar)   Constr. rmsd
    2.98093e+02   -1.54727e+02    6.87351e+01    0.00000e+00

           Step           Time
         428000      856.00000

   Energies (kJ/mol)
           Bond          Angle    Proper Dih. Per. Imp. Dih.          LJ-14
    7.22602e+03    2.00271e+04    2.58871e+04    1.17660e+03    9.51635e+03
     Coulomb-14        LJ (SR)  Disper. corr.   Coulomb (SR)   Coul. recip.
    1.18980e+05    4.92292e+05   -2.05335e+04   -3.79835e+06    1.07429e+04
 Position Rest.      Potential    Kinetic En.   Total Energy  Conserved En.
    2.52702e+03   -3.13051e+06    5.45765e+05   -2.58474e+06   -2.53414e+06
    Temperature Pres. DC (bar) Pressure (bar)   Constr. rmsd
    2.97109e+02   -1.54143e+02   -1.18107e+02    0.00000e+00

           Step           Time
         428500      857.00000

   Energies (kJ/mol)
           Bond          Angle    Proper Dih. Per. Imp. Dih.          LJ-14
    7.24881e+03    2.01505e+04    2.59140e+04    1.22626e+03    9.55976e+03
     Coulomb-14        LJ (SR)  Disper. corr.   Coulomb (SR)   Coul. recip.
    1.18962e+05    4.90117e+05   -2.05991e+04   -3.79615e+06    1.07323e+04
 Position Rest.      Potential    Kinetic En.   Total Energy  Conserved En.
    2.45240e+03   -3.13039e+06    5.46909e+05   -2.58348e+06   -2.53411e+06
    Temperature Pres. DC (bar) Pressure (bar)   Constr. rmsd
    2.97732e+02   -1.55129e+02   -3.09168e+01    0.00000e+00

           Step           Time
         429000      858.00000

   Energies (kJ/mol)
           Bond          Angle    Proper Dih. Per. Imp. Dih.          LJ-14
    7.28592e+03    1.98496e+04    2.57771e+04    1.16667e+03    9.51472e+03
     Coulomb-14        LJ (SR)  Disper. corr.   Coulomb (SR)   Coul. recip.
    1.18892e+05    4.93724e+05   -2.05545e+04   -3.79949e+06    1.08184e+04
 Position Rest.      Potential    Kinetic En.   Total Energy  Conserved En.
    2.61435e+03   -3.13040e+06    5.48574e+05   -2.58182e+06   -2.53416e+06
    Temperature Pres. DC (bar) Pressure (bar)   Constr. rmsd
    2.98638e+02   -1.54458e+02    3.84016e+01    0.00000e+00

           Step           Time
         429500      859.00000

   Energies (kJ/mol)
           Bond          Angle    Proper Dih. Per. Imp. Dih.          LJ-14
    7.18458e+03    2.03664e+04    2.57169e+04    1.15213e+03    9.57805e+03
     Coulomb-14        LJ (SR)  Disper. corr.   Coulomb (SR)   Coul. recip.
    1.18979e+05    4.92179e+05   -2.05463e+04   -3.79616e+06    1.07581e+04
 Position Rest.      Potential    Kinetic En.   Total Energy  Conserved En.
    2.44282e+03   -3.12835e+06    5.47590e+05   -2.58076e+06   -2.53407e+06
    Temperature Pres. DC (bar) Pressure (bar)   Constr. rmsd
    2.98102e+02   -1.54335e+02    9.87358e-02    0.00000e+00

           Step           Time
         430000      860.00000

   Energies (kJ/mol)
           Bond          Angle    Proper Dih. Per. Imp. Dih.          LJ-14
    7.10426e+03    2.02163e+04    2.57526e+04    1.21373e+03    9.55595e+03
     Coulomb-14        LJ (SR)  Disper. corr.   Coulomb (SR)   Coul. recip.
    1.19195e+05    4.91828e+05   -2.05393e+04   -3.79670e+06    1.08525e+04
 Position Rest.      Potential    Kinetic En.   Total Energy  Conserved En.
    2.42036e+03   -3.12910e+06    5.47104e+05   -2.58200e+06   -2.53405e+06
    Temperature Pres. DC (bar) Pressure (bar)   Constr. rmsd
    2.97838e+02   -1.54230e+02   -1.02867e+02    0.00000e+00

           Step           Time
         430500      861.00000

   Energies (kJ/mol)
           Bond          Angle    Proper Dih. Per. Imp. Dih.          LJ-14
    7.04762e+03    1.98554e+04    2.58184e+04    1.19206e+03    9.51538e+03
     Coulomb-14        LJ (SR)  Disper. corr.   Coulomb (SR)   Coul. recip.
    1.18997e+05    4.94438e+05   -2.05896e+04   -3.80076e+06    1.07620e+04
 Position Rest.      Potential    Kinetic En.   Total Energy  Conserved En.
    2.44871e+03   -3.13127e+06    5.48097e+05   -2.58318e+06   -2.53406e+06
    Temperature Pres. DC (bar) Pressure (bar)   Constr. rmsd
    2.98379e+02   -1.54986e+02    2.06234e+01    0.00000e+00

           Step           Time
         431000      862.00000

   Energies (kJ/mol)
           Bond          Angle    Proper Dih. Per. Imp. Dih.          LJ-14
    7.26334e+03    1.97649e+04    2.57970e+04    1.22662e+03    9.62493e+03
     Coulomb-14        LJ (SR)  Disper. corr.   Coulomb (SR)   Coul. recip.
    1.19048e+05    4.91514e+05   -2.05044e+04   -3.79771e+06    1.10326e+04
 Position Rest.      Potential    Kinetic En.   Total Energy  Conserved En.
    2.48111e+03   -3.13046e+06    5.48889e+05   -2.58157e+06   -2.53407e+06
    Temperature Pres. DC (bar) Pressure (bar)   Constr. rmsd
    2.98810e+02   -1.53706e+02   -6.91876e+01    0.00000e+00

           Step           Time
         431500      863.00000

   Energies (kJ/mol)
           Bond          Angle    Proper Dih. Per. Imp. Dih.          LJ-14
    7.16023e+03    1.99132e+04    2.57527e+04    1.19388e+03    9.49422e+03
     Coulomb-14        LJ (SR)  Disper. corr.   Coulomb (SR)   Coul. recip.
    1.19003e+05    4.93889e+05   -2.05128e+04   -3.79833e+06    1.09835e+04
 Position Rest.      Potential    Kinetic En.   Total Energy  Conserved En.
    2.43069e+03   -3.12903e+06    5.48222e+05   -2.58080e+06   -2.53400e+06
    Temperature Pres. DC (bar) Pressure (bar)   Constr. rmsd
    2.98447e+02   -1.53832e+02   -6.55854e+01    0.00000e+00

           Step           Time
         432000      864.00000

   Energies (kJ/mol)
           Bond          Angle    Proper Dih. Per. Imp. Dih.          LJ-14
    7.33206e+03    1.96437e+04    2.57880e+04    1.18372e+03    9.48196e+03
     Coulomb-14        LJ (SR)  Disper. corr.   Coulomb (SR)   Coul. recip.
    1.18776e+05    4.94207e+05   -2.05369e+04   -3.80206e+06    1.07556e+04
 Position Rest.      Potential    Kinetic En.   Total Energy  Conserved En.
    2.47365e+03   -3.13295e+06    5.46551e+05   -2.58640e+06   -2.53400e+06
    Temperature Pres. DC (bar) Pressure (bar)   Constr. rmsd
    2.97537e+02   -1.54194e+02   -7.07800e+01    0.00000e+00

           Step           Time
         432500      865.00000

   Energies (kJ/mol)
           Bond          Angle    Proper Dih. Per. Imp. Dih.          LJ-14
    7.12532e+03    1.98260e+04    2.58382e+04    1.21642e+03    9.50985e+03
     Coulomb-14        LJ (SR)  Disper. corr.   Coulomb (SR)   Coul. recip.
    1.18717e+05    4.90648e+05   -2.05441e+04   -3.79377e+06    1.08554e+04
 Position Rest.      Potential    Kinetic En.   Total Energy  Conserved En.
    2.48679e+03   -3.12809e+06    5.46934e+05   -2.58116e+06   -2.53402e+06
    Temperature Pres. DC (bar) Pressure (bar)   Constr. rmsd
    2.97745e+02   -1.54302e+02   -1.27397e+02    0.00000e+00

           Step           Time
         433000      866.00000

   Energies (kJ/mol)
           Bond          Angle    Proper Dih. Per. Imp. Dih.          LJ-14
    7.22387e+03    1.99811e+04    2.57116e+04    1.21451e+03    9.59956e+03
     Coulomb-14        LJ (SR)  Disper. corr.   Coulomb (SR)   Coul. recip.
    1.19043e+05    4.92783e+05   -2.05786e+04   -3.79753e+06    1.07019e+04
 Position Rest.      Potential    Kinetic En.   Total Energy  Conserved En.
    2.44740e+03   -3.12940e+06    5.48153e+05   -2.58125e+06   -2.53392e+06
    Temperature Pres. DC (bar) Pressure (bar)   Constr. rmsd
    2.98409e+02   -1.54821e+02    5.40573e+01    0.00000e+00

           Step           Time
         433500      867.00000

   Energies (kJ/mol)
           Bond          Angle    Proper Dih. Per. Imp. Dih.          LJ-14
    7.15006e+03    1.98702e+04    2.58448e+04    1.17392e+03    9.49128e+03
     Coulomb-14        LJ (SR)  Disper. corr.   Coulomb (SR)   Coul. recip.
    1.19244e+05    4.90865e+05   -2.05375e+04   -3.79287e+06    1.08842e+04
 Position Rest.      Potential    Kinetic En.   Total Energy  Conserved En.
    2.53621e+03   -3.12634e+06    5.47388e+05   -2.57896e+06   -2.53391e+06
    Temperature Pres. DC (bar) Pressure (bar)   Constr. rmsd
    2.97992e+02   -1.54203e+02   -1.11005e+02    0.00000e+00

           Step           Time
         434000      868.00000

   Energies (kJ/mol)
           Bond          Angle    Proper Dih. Per. Imp. Dih.          LJ-14
    7.38222e+03    1.98944e+04    2.57978e+04    1.20618e+03    9.57031e+03
     Coulomb-14        LJ (SR)  Disper. corr.   Coulomb (SR)   Coul. recip.
    1.19061e+05    4.94803e+05   -2.05811e+04   -3.80407e+06    1.06633e+04
 Position Rest.      Potential    Kinetic En.   Total Energy  Conserved En.
    2.60081e+03   -3.13367e+06    5.48743e+05   -2.58493e+06   -2.53388e+06
    Temperature Pres. DC (bar) Pressure (bar)   Constr. rmsd
    2.98730e+02   -1.54858e+02    1.14678e+01    0.00000e+00

           Step           Time
         434500      869.00000

   Energies (kJ/mol)
           Bond          Angle    Proper Dih. Per. Imp. Dih.          LJ-14
    7.29049e+03    1.99446e+04    2.58605e+04    1.28154e+03    9.61556e+03
     Coulomb-14        LJ (SR)  Disper. corr.   Coulomb (SR)   Coul. recip.
    1.19057e+05    4.96553e+05   -2.05670e+04   -3.80180e+06    1.07289e+04
 Position Rest.      Potential    Kinetic En.   Total Energy  Conserved En.
    2.49007e+03   -3.12954e+06    5.44942e+05   -2.58460e+06   -2.53385e+06
    Temperature Pres. DC (bar) Pressure (bar)   Constr. rmsd
    2.96661e+02   -1.54646e+02    7.68290e+01    0.00000e+00

           Step           Time
         435000      870.00000

   Energies (kJ/mol)
           Bond          Angle    Proper Dih. Per. Imp. Dih.          LJ-14
    7.03076e+03    1.98949e+04    2.57281e+04    1.13778e+03    9.50565e+03
     Coulomb-14        LJ (SR)  Disper. corr.   Coulomb (SR)   Coul. recip.
    1.19070e+05    4.93646e+05   -2.05272e+04   -3.79865e+06    1.09906e+04
 Position Rest.      Potential    Kinetic En.   Total Energy  Conserved En.
    2.50754e+03   -3.12966e+06    5.45546e+05   -2.58412e+06   -2.53387e+06
    Temperature Pres. DC (bar) Pressure (bar)   Constr. rmsd
    2.96990e+02   -1.54048e+02   -2.34744e+01    0.00000e+00

           Step           Time
         435500      871.00000

   Energies (kJ/mol)
           Bond          Angle    Proper Dih. Per. Imp. Dih.          LJ-14
    7.39281e+03    1.97591e+04    2.59975e+04    1.32650e+03    9.62949e+03
     Coulomb-14        LJ (SR)  Disper. corr.   Coulomb (SR)   Coul. recip.
    1.19337e+05    4.94466e+05   -2.05533e+04   -3.80076e+06    1.06498e+04
 Position Rest.      Potential    Kinetic En.   Total Energy  Conserved En.
    2.43280e+03   -3.13033e+06    5.47985e+05   -2.58234e+06   -2.53377e+06
    Temperature Pres. DC (bar) Pressure (bar)   Constr. rmsd
    2.98317e+02   -1.54440e+02    6.27949e+01    0.00000e+00

           Step           Time
         436000      872.00000

   Energies (kJ/mol)
           Bond          Angle    Proper Dih. Per. Imp. Dih.          LJ-14
    7.00410e+03    1.98224e+04    2.57955e+04    1.22117e+03    9.54932e+03
     Coulomb-14        LJ (SR)  Disper. corr.   Coulomb (SR)   Coul. recip.
    1.19007e+05    4.95245e+05   -2.05368e+04   -3.80007e+06    1.08475e+04
 Position Rest.      Potential    Kinetic En.   Total Energy  Conserved En.
    2.58554e+03   -3.12953e+06    5.47577e+05   -2.58195e+06   -2.53379e+06
    Temperature Pres. DC (bar) Pressure (bar)   Constr. rmsd
    2.98095e+02   -1.54193e+02   -3.54985e+01    0.00000e+00

           Step           Time
         436500      873.00000

   Energies (kJ/mol)
           Bond          Angle    Proper Dih. Per. Imp. Dih.          LJ-14
    7.19850e+03    2.00703e+04    2.57798e+04    1.23212e+03    9.68338e+03
     Coulomb-14        LJ (SR)  Disper. corr.   Coulomb (SR)   Coul. recip.
    1.19101e+05    4.90769e+05   -2.05340e+04   -3.79545e+06    1.06651e+04
 Position Rest.      Potential    Kinetic En.   Total Energy  Conserved En.
    2.54145e+03   -3.12895e+06    5.48614e+05   -2.58033e+06   -2.53373e+06
    Temperature Pres. DC (bar) Pressure (bar)   Constr. rmsd
    2.98660e+02   -1.54150e+02   -1.14226e+02    0.00000e+00

           Step           Time
         437000      874.00000

   Energies (kJ/mol)
           Bond          Angle    Proper Dih. Per. Imp. Dih.          LJ-14
    7.27986e+03    1.97442e+04    2.58340e+04    1.19187e+03    9.54527e+03
     Coulomb-14        LJ (SR)  Disper. corr.   Coulomb (SR)   Coul. recip.
    1.18876e+05    4.92567e+05   -2.05563e+04   -3.79903e+06    1.09456e+04
 Position Rest.      Potential    Kinetic En.   Total Energy  Conserved En.
    2.44308e+03   -3.13116e+06    5.44509e+05   -2.58665e+06   -2.53371e+06
    Temperature Pres. DC (bar) Pressure (bar)   Constr. rmsd
    2.96425e+02   -1.54486e+02   -7.58772e+00    0.00000e+00

           Step           Time
         437500      875.00000

   Energies (kJ/mol)
           Bond          Angle    Proper Dih. Per. Imp. Dih.          LJ-14
    7.35170e+03    1.96822e+04    2.58479e+04    1.25095e+03    9.38468e+03
     Coulomb-14        LJ (SR)  Disper. corr.   Coulomb (SR)   Coul. recip.
    1.18985e+05    4.95429e+05   -2.06370e+04   -3.80236e+06    1.07288e+04
 Position Rest.      Potential    Kinetic En.   Total Energy  Conserved En.
    2.38132e+03   -3.13195e+06    5.46695e+05   -2.58526e+06   -2.53365e+06
    Temperature Pres. DC (bar) Pressure (bar)   Constr. rmsd
    2.97615e+02   -1.55700e+02    3.67984e+01    0.00000e+00

           Step           Time
         438000      876.00000

   Energies (kJ/mol)
           Bond          Angle    Proper Dih. Per. Imp. Dih.          LJ-14
    7.34945e+03    1.94874e+04    2.57105e+04    1.23738e+03    9.62100e+03
     Coulomb-14        LJ (SR)  Disper. corr.   Coulomb (SR)   Coul. recip.
    1.18827e+05    4.90585e+05   -2.05375e+04   -3.79572e+06    1.08334e+04
 Position Rest.      Potential    Kinetic En.   Total Energy  Conserved En.
    2.50821e+03   -3.13010e+06    5.47651e+05   -2.58244e+06   -2.53370e+06
    Temperature Pres. DC (bar) Pressure (bar)   Constr. rmsd
    2.98136e+02   -1.54204e+02   -5.28820e+01    0.00000e+00

           Step           Time
         438500      877.00000

   Energies (kJ/mol)
           Bond          Angle    Proper Dih. Per. Imp. Dih.          LJ-14
    7.45522e+03    2.02279e+04    2.58945e+04    1.21082e+03    9.59687e+03
     Coulomb-14        LJ (SR)  Disper. corr.   Coulomb (SR)   Coul. recip.
    1.18904e+05    4.92006e+05   -2.05055e+04   -3.79405e+06    1.08878e+04
 Position Rest.      Potential    Kinetic En.   Total Energy  Conserved En.
    2.40437e+03   -3.12597e+06    5.47485e+05   -2.57848e+06   -2.53362e+06
    Temperature Pres. DC (bar) Pressure (bar)   Constr. rmsd
    2.98046e+02   -1.53724e+02   -6.44871e+01    0.00000e+00

           Step           Time
         439000      878.00000

   Energies (kJ/mol)
           Bond          Angle    Proper Dih. Per. Imp. Dih.          LJ-14
    7.21414e+03    2.03614e+04    2.59213e+04    1.28573e+03    9.62629e+03
     Coulomb-14        LJ (SR)  Disper. corr.   Coulomb (SR)   Coul. recip.
    1.19214e+05    4.95999e+05   -2.05944e+04   -3.80401e+06    1.06291e+04
 Position Rest.      Potential    Kinetic En.   Total Energy  Conserved En.
    2.45867e+03   -3.13190e+06    5.48429e+05   -2.58347e+06   -2.53351e+06
    Temperature Pres. DC (bar) Pressure (bar)   Constr. rmsd
    2.98559e+02   -1.55058e+02    1.17594e+02    0.00000e+00

           Step           Time
         439500      879.00000

   Energies (kJ/mol)
           Bond          Angle    Proper Dih. Per. Imp. Dih.          LJ-14
    7.27369e+03    2.00211e+04    2.56524e+04    1.22136e+03    9.59579e+03
     Coulomb-14        LJ (SR)  Disper. corr.   Coulomb (SR)   Coul. recip.
    1.18836e+05    4.90891e+05   -2.04973e+04   -3.79292e+06    1.10526e+04
 Position Rest.      Potential    Kinetic En.   Total Energy  Conserved En.
    2.41636e+03   -3.12646e+06    5.44464e+05   -2.58200e+06   -2.53350e+06
    Temperature Pres. DC (bar) Pressure (bar)   Constr. rmsd
    2.96401e+02   -1.53601e+02   -9.50614e+01    0.00000e+00

           Step           Time
         440000      880.00000

   Energies (kJ/mol)
           Bond          Angle    Proper Dih. Per. Imp. Dih.          LJ-14
    7.17460e+03    2.00315e+04    2.58563e+04    1.24855e+03    9.59324e+03
     Coulomb-14        LJ (SR)  Disper. corr.   Coulomb (SR)   Coul. recip.
    1.18749e+05    4.92586e+05   -2.05846e+04   -3.79781e+06    1.07394e+04
 Position Rest.      Potential    Kinetic En.   Total Energy  Conserved En.
    2.36446e+03   -3.13006e+06    5.50196e+05   -2.57986e+06   -2.53352e+06
    Temperature Pres. DC (bar) Pressure (bar)   Constr. rmsd
    2.99521e+02   -1.54910e+02   -2.51136e+01    0.00000e+00

           Step           Time
         440500      881.00000

   Energies (kJ/mol)
           Bond          Angle    Proper Dih. Per. Imp. Dih.          LJ-14
    7.47666e+03    1.98244e+04    2.57086e+04    1.17590e+03    9.59408e+03
     Coulomb-14        LJ (SR)  Disper. corr.   Coulomb (SR)   Coul. recip.
    1.19024e+05    4.93760e+05   -2.05136e+04   -3.79864e+06    1.07700e+04
 Position Rest.      Potential    Kinetic En.   Total Energy  Conserved En.
    2.47129e+03   -3.12935e+06    5.46193e+05   -2.58316e+06   -2.53341e+06
    Temperature Pres. DC (bar) Pressure (bar)   Constr. rmsd
    2.97342e+02   -1.53844e+02   -4.76229e+01    0.00000e+00

           Step           Time
         441000      882.00000

   Energies (kJ/mol)
           Bond          Angle    Proper Dih. Per. Imp. Dih.          LJ-14
    7.12913e+03    1.94612e+04    2.56351e+04    1.17817e+03    9.61508e+03
     Coulomb-14        LJ (SR)  Disper. corr.   Coulomb (SR)   Coul. recip.
    1.19209e+05    4.96799e+05   -2.06624e+04   -3.80722e+06    1.08068e+04
 Position Rest.      Potential    Kinetic En.   Total Energy  Conserved En.
    2.48860e+03   -3.13556e+06    5.46504e+05   -2.58905e+06   -2.53331e+06
    Temperature Pres. DC (bar) Pressure (bar)   Constr. rmsd
    2.97512e+02   -1.56082e+02    6.16631e+01    0.00000e+00

           Step           Time
         441500      883.00000

   Energies (kJ/mol)
           Bond          Angle    Proper Dih. Per. Imp. Dih.          LJ-14
    7.21821e+03    1.98293e+04    2.59968e+04    1.28936e+03    9.46471e+03
     Coulomb-14        LJ (SR)  Disper. corr.   Coulomb (SR)   Coul. recip.
    1.18875e+05    4.91958e+05   -2.05244e+04   -3.79694e+06    1.06768e+04
 Position Rest.      Potential    Kinetic En.   Total Energy  Conserved En.
    2.42389e+03   -3.12973e+06    5.47374e+05   -2.58236e+06   -2.53326e+06
    Temperature Pres. DC (bar) Pressure (bar)   Constr. rmsd
    2.97985e+02   -1.54007e+02   -5.99062e+01    0.00000e+00

           Step           Time
         442000      884.00000

   Energies (kJ/mol)
           Bond          Angle    Proper Dih. Per. Imp. Dih.          LJ-14
    7.47647e+03    2.02365e+04    2.57117e+04    1.17066e+03    9.48768e+03
     Coulomb-14        LJ (SR)  Disper. corr.   Coulomb (SR)   Coul. recip.
    1.18777e+05    4.95111e+05   -2.05648e+04   -3.80092e+06    1.08179e+04
 Position Rest.      Potential    Kinetic En.   Total Energy  Conserved En.
    2.39000e+03   -3.13030e+06    5.46860e+05   -2.58344e+06   -2.53317e+06
    Temperature Pres. DC (bar) Pressure (bar)   Constr. rmsd
    2.97705e+02   -1.54612e+02   -2.72274e+01    0.00000e+00

           Step           Time
         442500      885.00000

   Energies (kJ/mol)
           Bond          Angle    Proper Dih. Per. Imp. Dih.          LJ-14
    7.14832e+03    2.00494e+04    2.56805e+04    1.13066e+03    9.58633e+03
     Coulomb-14        LJ (SR)  Disper. corr.   Coulomb (SR)   Coul. recip.
    1.19304e+05    4.92972e+05   -2.05185e+04   -3.79901e+06    1.07814e+04
 Position Rest.      Potential    Kinetic En.   Total Energy  Conserved En.
    2.41114e+03   -3.13046e+06    5.45936e+05   -2.58453e+06   -2.53319e+06
    Temperature Pres. DC (bar) Pressure (bar)   Constr. rmsd
    2.97202e+02   -1.53918e+02   -3.64374e+01    0.00000e+00

           Step           Time
         443000      886.00000

   Energies (kJ/mol)
           Bond          Angle    Proper Dih. Per. Imp. Dih.          LJ-14
    7.41929e+03    1.95944e+04    2.56939e+04    1.19972e+03    9.64828e+03
     Coulomb-14        LJ (SR)  Disper. corr.   Coulomb (SR)   Coul. recip.
    1.18949e+05    4.94018e+05   -2.05957e+04   -3.80106e+06    1.08002e+04
 Position Rest.      Potential    Kinetic En.   Total Energy  Conserved En.
    2.42942e+03   -3.13191e+06    5.44957e+05   -2.58695e+06   -2.53310e+06
    Temperature Pres. DC (bar) Pressure (bar)   Constr. rmsd
    2.96669e+02   -1.55078e+02    1.67574e+00    0.00000e+00

           Step           Time
         443500      887.00000

   Energies (kJ/mol)
           Bond          Angle    Proper Dih. Per. Imp. Dih.          LJ-14
    7.30356e+03    1.98866e+04    2.58176e+04    1.23115e+03    9.48220e+03
     Coulomb-14        LJ (SR)  Disper. corr.   Coulomb (SR)   Coul. recip.
    1.18889e+05    4.92435e+05   -2.05031e+04   -3.79564e+06    1.08942e+04
 Position Rest.      Potential    Kinetic En.   Total Energy  Conserved En.
    2.39047e+03   -3.12781e+06    5.45024e+05   -2.58279e+06   -2.53304e+06
    Temperature Pres. DC (bar) Pressure (bar)   Constr. rmsd
    2.96706e+02   -1.53688e+02   -7.95770e+01    0.00000e+00

           Step           Time
         444000      888.00000

   Energies (kJ/mol)
           Bond          Angle    Proper Dih. Per. Imp. Dih.          LJ-14
    7.32649e+03    1.98567e+04    2.58177e+04    1.15135e+03    9.41312e+03
     Coulomb-14        LJ (SR)  Disper. corr.   Coulomb (SR)   Coul. recip.
    1.18791e+05    4.93616e+05   -2.05571e+04   -3.79888e+06    1.08443e+04
 Position Rest.      Potential    Kinetic En.   Total Energy  Conserved En.
    2.44311e+03   -3.13018e+06    5.46886e+05   -2.58329e+06   -2.53306e+06
    Temperature Pres. DC (bar) Pressure (bar)   Constr. rmsd
    2.97720e+02   -1.54498e+02   -3.48413e+01    0.00000e+00

           Step           Time
         444500      889.00000

   Energies (kJ/mol)
           Bond          Angle    Proper Dih. Per. Imp. Dih.          LJ-14
    7.23127e+03    1.99998e+04    2.56971e+04    1.20759e+03    9.57796e+03
     Coulomb-14        LJ (SR)  Disper. corr.   Coulomb (SR)   Coul. recip.
    1.18914e+05    4.92176e+05   -2.05816e+04   -3.79788e+06    1.09043e+04
 Position Rest.      Potential    Kinetic En.   Total Energy  Conserved En.
    2.33965e+03   -3.13042e+06    5.48143e+05   -2.58228e+06   -2.53300e+06
    Temperature Pres. DC (bar) Pressure (bar)   Constr. rmsd
    2.98403e+02   -1.54866e+02   -1.51758e+01    0.00000e+00

           Step           Time
         445000      890.00000

   Energies (kJ/mol)
           Bond          Angle    Proper Dih. Per. Imp. Dih.          LJ-14
    7.11263e+03    1.99673e+04    2.56148e+04    1.28155e+03    9.66111e+03
     Coulomb-14        LJ (SR)  Disper. corr.   Coulomb (SR)   Coul. recip.
    1.18865e+05    4.92961e+05   -2.05270e+04   -3.79707e+06    1.09535e+04
 Position Rest.      Potential    Kinetic En.   Total Energy  Conserved En.
    2.46276e+03   -3.12872e+06    5.47659e+05   -2.58106e+06   -2.53299e+06
    Temperature Pres. DC (bar) Pressure (bar)   Constr. rmsd
    2.98140e+02   -1.54046e+02   -4.97875e+00    0.00000e+00

           Step           Time
         445500      891.00000

   Energies (kJ/mol)
           Bond          Angle    Proper Dih. Per. Imp. Dih.          LJ-14
    7.22038e+03    1.99138e+04    2.58254e+04    1.20271e+03    9.51755e+03
     Coulomb-14        LJ (SR)  Disper. corr.   Coulomb (SR)   Coul. recip.
    1.19152e+05    4.97310e+05   -2.05950e+04   -3.80774e+06    1.09585e+04
 Position Rest.      Potential    Kinetic En.   Total Energy  Conserved En.
    2.52093e+03   -3.13472e+06    5.47633e+05   -2.58708e+06   -2.53294e+06
    Temperature Pres. DC (bar) Pressure (bar)   Constr. rmsd
    2.98126e+02   -1.55067e+02    3.77329e+01    0.00000e+00

           Step           Time
         446000      892.00000

   Energies (kJ/mol)
           Bond          Angle    Proper Dih. Per. Imp. Dih.          LJ-14
    7.24254e+03    1.98191e+04    2.57378e+04    1.17642e+03    9.58987e+03
     Coulomb-14        LJ (SR)  Disper. corr.   Coulomb (SR)   Coul. recip.
    1.18821e+05    4.95885e+05   -2.05425e+04   -3.80159e+06    1.07440e+04
 Position Rest.      Potential    Kinetic En.   Total Energy  Conserved En.
    2.56065e+03   -3.13056e+06    5.44746e+05   -2.58581e+06   -2.53287e+06
    Temperature Pres. DC (bar) Pressure (bar)   Constr. rmsd
    2.96555e+02   -1.54278e+02    3.64350e+01    0.00000e+00

           Step           Time
         446500      893.00000

   Energies (kJ/mol)
           Bond          Angle    Proper Dih. Per. Imp. Dih.          LJ-14
    6.88440e+03    1.99413e+04    2.57204e+04    1.27856e+03    9.64413e+03
     Coulomb-14        LJ (SR)  Disper. corr.   Coulomb (SR)   Coul. recip.
    1.19309e+05    4.90357e+05   -2.05006e+04   -3.79440e+06    1.07990e+04
 Position Rest.      Potential    Kinetic En.   Total Energy  Conserved En.
    2.39761e+03   -3.12857e+06    5.46934e+05   -2.58163e+06   -2.53290e+06
    Temperature Pres. DC (bar) Pressure (bar)   Constr. rmsd
    2.97745e+02   -1.53650e+02   -7.55308e+01    0.00000e+00

           Step           Time
         447000      894.00000

   Energies (kJ/mol)
           Bond          Angle    Proper Dih. Per. Imp. Dih.          LJ-14
    7.36351e+03    1.97692e+04    2.56134e+04    1.21051e+03    9.64315e+03
     Coulomb-14        LJ (SR)  Disper. corr.   Coulomb (SR)   Coul. recip.
    1.18863e+05    4.94151e+05   -2.05507e+04   -3.80033e+06    1.09125e+04
 Position Rest.      Potential    Kinetic En.   Total Energy  Conserved En.
    2.49311e+03   -3.13086e+06    5.44305e+05   -2.58656e+06   -2.53283e+06
    Temperature Pres. DC (bar) Pressure (bar)   Constr. rmsd
    2.96314e+02   -1.54401e+02   -8.03975e-01    0.00000e+00

           Step           Time
         447500      895.00000

   Energies (kJ/mol)
           Bond          Angle    Proper Dih. Per. Imp. Dih.          LJ-14
    7.07120e+03    1.99012e+04    2.58478e+04    1.24212e+03    9.54215e+03
     Coulomb-14        LJ (SR)  Disper. corr.   Coulomb (SR)   Coul. recip.
    1.18859e+05    4.94775e+05   -2.05870e+04   -3.80335e+06    1.09189e+04
 Position Rest.      Potential    Kinetic En.   Total Energy  Conserved En.
    2.41850e+03   -3.13336e+06    5.47199e+05   -2.58616e+06   -2.53289e+06
    Temperature Pres. DC (bar) Pressure (bar)   Constr. rmsd
    2.97889e+02   -1.54947e+02    3.14425e+01    0.00000e+00

           Step           Time
         448000      896.00000

   Energies (kJ/mol)
           Bond          Angle    Proper Dih. Per. Imp. Dih.          LJ-14
    7.28551e+03    1.98546e+04    2.59323e+04    1.26151e+03    9.50001e+03
     Coulomb-14        LJ (SR)  Disper. corr.   Coulomb (SR)   Coul. recip.
    1.18988e+05    4.94134e+05   -2.05290e+04   -3.79945e+06    1.07023e+04
 Position Rest.      Potential    Kinetic En.   Total Energy  Conserved En.
    2.42501e+03   -3.12990e+06    5.47778e+05   -2.58212e+06   -2.53285e+06
    Temperature Pres. DC (bar) Pressure (bar)   Constr. rmsd
    2.98205e+02   -1.54076e+02   -2.41274e+01    0.00000e+00

           Step           Time
         448500      897.00000

   Energies (kJ/mol)
           Bond          Angle    Proper Dih. Per. Imp. Dih.          LJ-14
    7.40008e+03    2.01434e+04    2.59122e+04    1.13733e+03    9.50384e+03
     Coulomb-14        LJ (SR)  Disper. corr.   Coulomb (SR)   Coul. recip.
    1.19044e+05    4.96503e+05   -2.05896e+04   -3.80382e+06    1.08482e+04
 Position Rest.      Potential    Kinetic En.   Total Energy  Conserved En.
    2.49637e+03   -3.13142e+06    5.47951e+05   -2.58347e+06   -2.53280e+06
    Temperature Pres. DC (bar) Pressure (bar)   Constr. rmsd
    2.98299e+02   -1.54985e+02    4.80803e+01    0.00000e+00

           Step           Time
         449000      898.00000

   Energies (kJ/mol)
           Bond          Angle    Proper Dih. Per. Imp. Dih.          LJ-14
    7.50178e+03    1.99479e+04    2.57345e+04    1.17373e+03    9.65726e+03
     Coulomb-14        LJ (SR)  Disper. corr.   Coulomb (SR)   Coul. recip.
    1.18861e+05    4.92914e+05   -2.05647e+04   -3.79943e+06    1.08978e+04
 Position Rest.      Potential    Kinetic En.   Total Energy  Conserved En.
    2.43759e+03   -3.13087e+06    5.46787e+05   -2.58408e+06   -2.53273e+06
    Temperature Pres. DC (bar) Pressure (bar)   Constr. rmsd
    2.97666e+02   -1.54611e+02    6.83596e+00    0.00000e+00

           Step           Time
         449500      899.00000

   Energies (kJ/mol)
           Bond          Angle    Proper Dih. Per. Imp. Dih.          LJ-14
    7.20827e+03    2.02233e+04    2.59542e+04    1.20409e+03    9.74540e+03
     Coulomb-14        LJ (SR)  Disper. corr.   Coulomb (SR)   Coul. recip.
    1.18766e+05    4.91258e+05   -2.05517e+04   -3.79686e+06    1.08043e+04
 Position Rest.      Potential    Kinetic En.   Total Energy  Conserved En.
    2.47159e+03   -3.12978e+06    5.48083e+05   -2.58170e+06   -2.53266e+06
    Temperature Pres. DC (bar) Pressure (bar)   Constr. rmsd
    2.98371e+02   -1.54417e+02   -7.94167e+01    0.00000e+00

           Step           Time
         450000      900.00000

   Energies (kJ/mol)
           Bond          Angle    Proper Dih. Per. Imp. Dih.          LJ-14
    7.36891e+03    1.99289e+04    2.58989e+04    1.19781e+03    9.64693e+03
     Coulomb-14        LJ (SR)  Disper. corr.   Coulomb (SR)   Coul. recip.
    1.19144e+05    4.92426e+05   -2.05392e+04   -3.79598e+06    1.06710e+04
 Position Rest.      Potential    Kinetic En.   Total Energy  Conserved En.
    2.36963e+03   -3.12787e+06    5.46982e+05   -2.58089e+06   -2.53261e+06
    Temperature Pres. DC (bar) Pressure (bar)   Constr. rmsd
    2.97771e+02   -1.54229e+02   -6.98818e+00    0.00000e+00

           Step           Time
         450500      901.00000

   Energies (kJ/mol)
           Bond          Angle    Proper Dih. Per. Imp. Dih.          LJ-14
    7.38984e+03    1.99324e+04    2.57734e+04    1.28853e+03    9.45213e+03
     Coulomb-14        LJ (SR)  Disper. corr.   Coulomb (SR)   Coul. recip.
    1.18679e+05    4.94188e+05   -2.05558e+04   -3.80215e+06    1.06415e+04
 Position Rest.      Potential    Kinetic En.   Total Energy  Conserved En.
    2.42522e+03   -3.13294e+06    5.49051e+05   -2.58389e+06   -2.53264e+06
    Temperature Pres. DC (bar) Pressure (bar)   Constr. rmsd
    2.98898e+02   -1.54477e+02   -1.24971e+02    0.00000e+00

           Step           Time
         451000      902.00000

   Energies (kJ/mol)
           Bond          Angle    Proper Dih. Per. Imp. Dih.          LJ-14
    7.11613e+03    2.02244e+04    2.57182e+04    1.18567e+03    9.53362e+03
     Coulomb-14        LJ (SR)  Disper. corr.   Coulomb (SR)   Coul. recip.
    1.18857e+05    4.90991e+05   -2.05436e+04   -3.79636e+06    1.08277e+04
 Position Rest.      Potential    Kinetic En.   Total Energy  Conserved En.
    2.41537e+03   -3.13003e+06    5.49957e+05   -2.58008e+06   -2.53260e+06
    Temperature Pres. DC (bar) Pressure (bar)   Constr. rmsd
    2.99391e+02   -1.54294e+02   -2.13882e+01    0.00000e+00

           Step           Time
         451500      903.00000

   Energies (kJ/mol)
           Bond          Angle    Proper Dih. Per. Imp. Dih.          LJ-14
    7.41505e+03    1.97496e+04    2.56752e+04    1.26991e+03    9.53784e+03
     Coulomb-14        LJ (SR)  Disper. corr.   Coulomb (SR)   Coul. recip.
    1.18683e+05    4.94025e+05   -2.05965e+04   -3.80155e+06    1.06967e+04
 Position Rest.      Potential    Kinetic En.   Total Energy  Conserved En.
    2.44035e+03   -3.13265e+06    5.47916e+05   -2.58474e+06   -2.53263e+06
    Temperature Pres. DC (bar) Pressure (bar)   Constr. rmsd
    2.98280e+02   -1.55090e+02   -4.54113e+00    0.00000e+00

           Step           Time
         452000      904.00000

   Energies (kJ/mol)
           Bond          Angle    Proper Dih. Per. Imp. Dih.          LJ-14
    7.41910e+03    1.97515e+04    2.58153e+04    1.24984e+03    9.52603e+03
     Coulomb-14        LJ (SR)  Disper. corr.   Coulomb (SR)   Coul. recip.
    1.19071e+05    4.96245e+05   -2.05528e+04   -3.80359e+06    1.08201e+04
 Position Rest.      Potential    Kinetic En.   Total Energy  Conserved En.
    2.39052e+03   -3.13185e+06    5.47655e+05   -2.58420e+06   -2.53255e+06
    Temperature Pres. DC (bar) Pressure (bar)   Constr. rmsd
    2.98138e+02   -1.54433e+02    7.82686e+01    0.00000e+00

           Step           Time
         452500      905.00000

   Energies (kJ/mol)
           Bond          Angle    Proper Dih. Per. Imp. Dih.          LJ-14
    7.08307e+03    1.99063e+04    2.57412e+04    1.20061e+03    9.49428e+03
     Coulomb-14        LJ (SR)  Disper. corr.   Coulomb (SR)   Coul. recip.
    1.18938e+05    4.92860e+05   -2.05648e+04   -3.79854e+06    1.07158e+04
 Position Rest.      Potential    Kinetic En.   Total Energy  Conserved En.
    2.51242e+03   -3.13065e+06    5.46574e+05   -2.58408e+06   -2.53252e+06
    Temperature Pres. DC (bar) Pressure (bar)   Constr. rmsd
    2.97550e+02   -1.54614e+02   -5.67893e+01    0.00000e+00

           Step           Time
         453000      906.00000

   Energies (kJ/mol)
           Bond          Angle    Proper Dih. Per. Imp. Dih.          LJ-14
    7.25700e+03    2.02532e+04    2.58310e+04    1.24126e+03    9.60284e+03
     Coulomb-14        LJ (SR)  Disper. corr.   Coulomb (SR)   Coul. recip.
    1.18997e+05    4.92484e+05   -2.05716e+04   -3.79563e+06    1.09759e+04
 Position Rest.      Potential    Kinetic En.   Total Energy  Conserved En.
    2.35146e+03   -3.12721e+06    5.48001e+05   -2.57921e+06   -2.53247e+06
    Temperature Pres. DC (bar) Pressure (bar)   Constr. rmsd
    2.98326e+02   -1.54715e+02    6.08247e+01    0.00000e+00

           Step           Time
         453500      907.00000

   Energies (kJ/mol)
           Bond          Angle    Proper Dih. Per. Imp. Dih.          LJ-14
    7.41299e+03    1.95913e+04    2.57652e+04    1.20651e+03    9.61613e+03
     Coulomb-14        LJ (SR)  Disper. corr.   Coulomb (SR)   Coul. recip.
    1.19329e+05    4.93946e+05   -2.05630e+04   -3.79995e+06    1.07047e+04
 Position Rest.      Potential    Kinetic En.   Total Energy  Conserved En.
    2.37691e+03   -3.13056e+06    5.46870e+05   -2.58369e+06   -2.53249e+06
    Temperature Pres. DC (bar) Pressure (bar)   Constr. rmsd
    2.97711e+02   -1.54587e+02    6.21865e+01    0.00000e+00

           Step           Time
         454000      908.00000

   Energies (kJ/mol)
           Bond          Angle    Proper Dih. Per. Imp. Dih.          LJ-14
    7.29265e+03    1.98871e+04    2.58174e+04    1.23626e+03    9.53590e+03
     Coulomb-14        LJ (SR)  Disper. corr.   Coulomb (SR)   Coul. recip.
    1.19044e+05    4.97728e+05   -2.05138e+04   -3.80345e+06    1.07651e+04
 Position Rest.      Potential    Kinetic En.   Total Energy  Conserved En.
    2.48190e+03   -3.13018e+06    5.46867e+05   -2.58331e+06   -2.53245e+06
    Temperature Pres. DC (bar) Pressure (bar)   Constr. rmsd
    2.97709e+02   -1.53848e+02    5.00598e+00    0.00000e+00

           Step           Time
         454500      909.00000

   Energies (kJ/mol)
           Bond          Angle    Proper Dih. Per. Imp. Dih.          LJ-14
    7.28868e+03    1.95912e+04    2.58142e+04    1.19965e+03    9.58529e+03
     Coulomb-14        LJ (SR)  Disper. corr.   Coulomb (SR)   Coul. recip.
    1.19037e+05    4.95477e+05   -2.05468e+04   -3.80289e+06    1.07518e+04
 Position Rest.      Potential    Kinetic En.   Total Energy  Conserved En.
    2.44539e+03   -3.13224e+06    5.47447e+05   -2.58480e+06   -2.53246e+06
    Temperature Pres. DC (bar) Pressure (bar)   Constr. rmsd
    2.98025e+02   -1.54343e+02    1.00344e+01    0.00000e+00

           Step           Time
         455000      910.00000

   Energies (kJ/mol)
           Bond          Angle    Proper Dih. Per. Imp. Dih.          LJ-14
    7.27436e+03    1.96531e+04    2.58538e+04    1.19421e+03    9.58969e+03
     Coulomb-14        LJ (SR)  Disper. corr.   Coulomb (SR)   Coul. recip.
    1.19170e+05    4.93763e+05   -2.05149e+04   -3.80153e+06    1.09975e+04
 Position Rest.      Potential    Kinetic En.   Total Energy  Conserved En.
    2.42654e+03   -3.13212e+06    5.47903e+05   -2.58422e+06   -2.53246e+06
    Temperature Pres. DC (bar) Pressure (bar)   Constr. rmsd
    2.98273e+02   -1.53865e+02   -1.65307e+01    0.00000e+00

           Step           Time
         455500      911.00000

   Energies (kJ/mol)
           Bond          Angle    Proper Dih. Per. Imp. Dih.          LJ-14
    7.09779e+03    2.00491e+04    2.58440e+04    1.26073e+03    9.77296e+03
     Coulomb-14        LJ (SR)  Disper. corr.   Coulomb (SR)   Coul. recip.
    1.19105e+05    4.93147e+05   -2.05379e+04   -3.79791e+06    1.08865e+04
 Position Rest.      Potential    Kinetic En.   Total Energy  Conserved En.
    2.31694e+03   -3.12897e+06    5.46133e+05   -2.58284e+06   -2.53242e+06
    Temperature Pres. DC (bar) Pressure (bar)   Constr. rmsd
    2.97309e+02   -1.54209e+02    4.12047e+01    0.00000e+00

           Step           Time
         456000      912.00000

   Energies (kJ/mol)
           Bond          Angle    Proper Dih. Per. Imp. Dih.          LJ-14
    7.09500e+03    1.97256e+04    2.58986e+04    1.25197e+03    9.58682e+03
     Coulomb-14        LJ (SR)  Disper. corr.   Coulomb (SR)   Coul. recip.
    1.19042e+05    4.94335e+05   -2.05794e+04   -3.79997e+06    1.08456e+04
 Position Rest.      Potential    Kinetic En.   Total Energy  Conserved En.
    2.40251e+03   -3.13037e+06    5.47452e+05   -2.58292e+06   -2.53243e+06
    Temperature Pres. DC (bar) Pressure (bar)   Constr. rmsd
    2.98028e+02   -1.54833e+02    5.78009e+01    0.00000e+00

           Step           Time
         456500      913.00000

   Energies (kJ/mol)
           Bond          Angle    Proper Dih. Per. Imp. Dih.          LJ-14
    7.31285e+03    1.97302e+04    2.60500e+04    1.13558e+03    9.56888e+03
     Coulomb-14        LJ (SR)  Disper. corr.   Coulomb (SR)   Coul. recip.
    1.18862e+05    4.95084e+05   -2.05735e+04   -3.80134e+06    1.08047e+04
 Position Rest.      Potential    Kinetic En.   Total Energy  Conserved En.
    2.42673e+03   -3.13094e+06    5.49481e+05   -2.58146e+06   -2.53244e+06
    Temperature Pres. DC (bar) Pressure (bar)   Constr. rmsd
    2.99132e+02   -1.54744e+02    3.70021e+01    0.00000e+00

           Step           Time
         457000      914.00000

   Energies (kJ/mol)
           Bond          Angle    Proper Dih. Per. Imp. Dih.          LJ-14
    7.34091e+03    1.97273e+04    2.58189e+04    1.28351e+03    9.51614e+03
     Coulomb-14        LJ (SR)  Disper. corr.   Coulomb (SR)   Coul. recip.
    1.19103e+05    4.93280e+05   -2.05656e+04   -3.79905e+06    1.08345e+04
 Position Rest.      Potential    Kinetic En.   Total Energy  Conserved En.
    2.45609e+03   -3.13026e+06    5.48074e+05   -2.58219e+06   -2.53242e+06
    Temperature Pres. DC (bar) Pressure (bar)   Constr. rmsd
    2.98366e+02   -1.54625e+02   -5.56561e+01    0.00000e+00

           Step           Time
         457500      915.00000

   Energies (kJ/mol)
           Bond          Angle    Proper Dih. Per. Imp. Dih.          LJ-14
    7.22092e+03    2.00081e+04    2.58015e+04    1.19673e+03    9.51980e+03
     Coulomb-14        LJ (SR)  Disper. corr.   Coulomb (SR)   Coul. recip.
    1.18773e+05    4.94207e+05   -2.05692e+04   -3.80006e+06    1.08676e+04
 Position Rest.      Potential    Kinetic En.   Total Energy  Conserved En.
    2.55946e+03   -3.13048e+06    5.48866e+05   -2.58161e+06   -2.53239e+06
    Temperature Pres. DC (bar) Pressure (bar)   Constr. rmsd
    2.98797e+02   -1.54679e+02   -1.97076e+01    0.00000e+00

           Step           Time
         458000      916.00000

   Energies (kJ/mol)
           Bond          Angle    Proper Dih. Per. Imp. Dih.          LJ-14
    7.33633e+03    1.96327e+04    2.55643e+04    1.18309e+03    9.56265e+03
     Coulomb-14        LJ (SR)  Disper. corr.   Coulomb (SR)   Coul. recip.
    1.18869e+05    4.95322e+05   -2.05616e+04   -3.80119e+06    1.07018e+04
 Position Rest.      Potential    Kinetic En.   Total Energy  Conserved En.
    2.46365e+03   -3.13111e+06    5.49234e+05   -2.58188e+06   -2.53241e+06
    Temperature Pres. DC (bar) Pressure (bar)   Constr. rmsd
    2.98998e+02   -1.54566e+02   -2.73510e+01    0.00000e+00

           Step           Time
         458500      917.00000

   Energies (kJ/mol)
           Bond          Angle    Proper Dih. Per. Imp. Dih.          LJ-14
    7.36156e+03    1.97437e+04    2.57810e+04    1.25257e+03    9.62107e+03
     Coulomb-14        LJ (SR)  Disper. corr.   Coulomb (SR)   Coul. recip.
    1.19012e+05    4.94455e+05   -2.05144e+04   -3.80101e+06    1.06949e+04
 Position Rest.      Potential    Kinetic En.   Total Energy  Conserved En.
    2.40028e+03   -3.13120e+06    5.48968e+05   -2.58223e+06   -2.53238e+06
    Temperature Pres. DC (bar) Pressure (bar)   Constr. rmsd
    2.98853e+02   -1.53857e+02   -4.57216e+01    0.00000e+00

           Step           Time
         459000      918.00000

   Energies (kJ/mol)
           Bond          Angle    Proper Dih. Per. Imp. Dih.          LJ-14
    7.05783e+03    2.00156e+04    2.58207e+04    1.23540e+03    9.66395e+03
     Coulomb-14        LJ (SR)  Disper. corr.   Coulomb (SR)   Coul. recip.
    1.19429e+05    4.92259e+05   -2.05605e+04   -3.79876e+06    1.07263e+04
 Position Rest.      Potential    Kinetic En.   Total Energy  Conserved En.
    2.34493e+03   -3.13077e+06    5.45787e+05   -2.58498e+06   -2.53234e+06
    Temperature Pres. DC (bar) Pressure (bar)   Constr. rmsd
    2.97121e+02   -1.54549e+02   -5.37007e+01    0.00000e+00

           Step           Time
         459500      919.00000

   Energies (kJ/mol)
           Bond          Angle    Proper Dih. Per. Imp. Dih.          LJ-14
    7.43717e+03    1.97561e+04    2.59357e+04    1.17309e+03    9.55245e+03
     Coulomb-14        LJ (SR)  Disper. corr.   Coulomb (SR)   Coul. recip.
    1.18978e+05    4.93730e+05   -2.05920e+04   -3.79659e+06    1.09474e+04
 Position Rest.      Potential    Kinetic En.   Total Energy  Conserved En.
    2.41236e+03   -3.12726e+06    5.49484e+05   -2.57777e+06   -2.53230e+06
    Temperature Pres. DC (bar) Pressure (bar)   Constr. rmsd
    2.99133e+02   -1.55022e+02    9.27598e+01    0.00000e+00

           Step           Time
         460000      920.00000

   Energies (kJ/mol)
           Bond          Angle    Proper Dih. Per. Imp. Dih.          LJ-14
    7.18678e+03    2.02860e+04    2.58363e+04    1.24392e+03    9.75337e+03
     Coulomb-14        LJ (SR)  Disper. corr.   Coulomb (SR)   Coul. recip.
    1.18839e+05    4.93280e+05   -2.05594e+04   -3.79970e+06    1.09410e+04
 Position Rest.      Potential    Kinetic En.   Total Energy  Conserved En.
    2.47177e+03   -3.13042e+06    5.47729e+05   -2.58269e+06   -2.53223e+06
    Temperature Pres. DC (bar) Pressure (bar)   Constr. rmsd
    2.98178e+02   -1.54532e+02    3.81708e+01    0.00000e+00

           Step           Time
         460500      921.00000

   Energies (kJ/mol)
           Bond          Angle    Proper Dih. Per. Imp. Dih.          LJ-14
    7.37763e+03    1.99239e+04    2.57076e+04    1.19860e+03    9.59570e+03
     Coulomb-14        LJ (SR)  Disper. corr.   Coulomb (SR)   Coul. recip.
    1.19029e+05    4.90954e+05   -2.05566e+04   -3.79601e+06    1.08699e+04
 Position Rest.      Potential    Kinetic En.   Total Energy  Conserved En.
    2.54568e+03   -3.12936e+06    5.48394e+05   -2.58097e+06   -2.53234e+06
    Temperature Pres. DC (bar) Pressure (bar)   Constr. rmsd
    2.98540e+02   -1.54491e+02   -6.26758e+01    0.00000e+00

           Step           Time
         461000      922.00000

   Energies (kJ/mol)
           Bond          Angle    Proper Dih. Per. Imp. Dih.          LJ-14
    7.16257e+03    1.96348e+04    2.56687e+04    1.19995e+03    9.67009e+03
     Coulomb-14        LJ (SR)  Disper. corr.   Coulomb (SR)   Coul. recip.
    1.19073e+05    4.93501e+05   -2.05964e+04   -3.80092e+06    1.08803e+04
 Position Rest.      Potential    Kinetic En.   Total Energy  Conserved En.
    2.47837e+03   -3.13224e+06    5.46513e+05   -2.58573e+06   -2.53227e+06
    Temperature Pres. DC (bar) Pressure (bar)   Constr. rmsd
    2.97516e+02   -1.55088e+02    4.33427e+01    0.00000e+00

           Step           Time
         461500      923.00000

   Energies (kJ/mol)
           Bond          Angle    Proper Dih. Per. Imp. Dih.          LJ-14
    6.92438e+03    1.99984e+04    2.56197e+04    1.15102e+03    9.54719e+03
     Coulomb-14        LJ (SR)  Disper. corr.   Coulomb (SR)   Coul. recip.
    1.19191e+05    4.95825e+05   -2.05537e+04   -3.80210e+06    1.08051e+04
 Position Rest.      Potential    Kinetic En.   Total Energy  Conserved En.
    2.50130e+03   -3.13109e+06    5.46791e+05   -2.58430e+06   -2.53228e+06
    Temperature Pres. DC (bar) Pressure (bar)   Constr. rmsd
    2.97668e+02   -1.54447e+02    5.42319e+01    0.00000e+00

           Step           Time
         462000      924.00000

   Energies (kJ/mol)
           Bond          Angle    Proper Dih. Per. Imp. Dih.          LJ-14
    7.06352e+03    1.98810e+04    2.58872e+04    1.28503e+03    9.65567e+03
     Coulomb-14        LJ (SR)  Disper. corr.   Coulomb (SR)   Coul. recip.
    1.18794e+05    4.94996e+05   -2.05759e+04   -3.79957e+06    1.08620e+04
 Position Rest.      Potential    Kinetic En.   Total Energy  Conserved En.
    2.42927e+03   -3.12929e+06    5.49651e+05   -2.57964e+06   -2.53224e+06
    Temperature Pres. DC (bar) Pressure (bar)   Constr. rmsd
    2.99224e+02   -1.54779e+02    3.15145e+01    0.00000e+00

           Step           Time
         462500      925.00000

   Energies (kJ/mol)
           Bond          Angle    Proper Dih. Per. Imp. Dih.          LJ-14
    7.57069e+03    1.99437e+04    2.58385e+04    1.15651e+03    9.52247e+03
     Coulomb-14        LJ (SR)  Disper. corr.   Coulomb (SR)   Coul. recip.
    1.19237e+05    4.93844e+05   -2.05776e+04   -3.79992e+06    1.07275e+04
 Position Rest.      Potential    Kinetic En.   Total Energy  Conserved En.
    2.45791e+03   -3.13020e+06    5.47359e+05   -2.58284e+06   -2.53218e+06
    Temperature Pres. DC (bar) Pressure (bar)   Constr. rmsd
    2.97977e+02   -1.54805e+02    2.92870e+01    0.00000e+00

           Step           Time
         463000      926.00000

   Energies (kJ/mol)
           Bond          Angle    Proper Dih. Per. Imp. Dih.          LJ-14
    7.35049e+03    2.02544e+04    2.59548e+04    1.21089e+03    9.59017e+03
     Coulomb-14        LJ (SR)  Disper. corr.   Coulomb (SR)   Coul. recip.
    1.19184e+05    4.93055e+05   -2.05115e+04   -3.79811e+06    1.07069e+04
 Position Rest.      Potential    Kinetic En.   Total Energy  Conserved En.
    2.56758e+03   -3.12875e+06    5.48066e+05   -2.58068e+06   -2.53216e+06
    Temperature Pres. DC (bar) Pressure (bar)   Constr. rmsd
    2.98361e+02   -1.53813e+02   -4.32767e+01    0.00000e+00

           Step           Time
         463500      927.00000

   Energies (kJ/mol)
           Bond          Angle    Proper Dih. Per. Imp. Dih.          LJ-14
    7.46146e+03    1.95735e+04    2.56319e+04    1.19013e+03    9.66624e+03
     Coulomb-14        LJ (SR)  Disper. corr.   Coulomb (SR)   Coul. recip.
    1.18860e+05    4.93033e+05   -2.05796e+04   -3.80341e+06    1.06649e+04
 Position Rest.      Potential    Kinetic En.   Total Energy  Conserved En.
    2.40477e+03   -3.13550e+06    5.46597e+05   -2.58891e+06   -2.53216e+06
    Temperature Pres. DC (bar) Pressure (bar)   Constr. rmsd
    2.97562e+02   -1.54835e+02   -6.30439e+01    0.00000e+00

           Step           Time
         464000      928.00000

   Energies (kJ/mol)
           Bond          Angle    Proper Dih. Per. Imp. Dih.          LJ-14
    7.27672e+03    2.00421e+04    2.57574e+04    1.16306e+03    9.69369e+03
     Coulomb-14        LJ (SR)  Disper. corr.   Coulomb (SR)   Coul. recip.
    1.19016e+05    4.97285e+05   -2.05907e+04   -3.80556e+06    1.06367e+04
 Position Rest.      Potential    Kinetic En.   Total Energy  Conserved En.
    2.50084e+03   -3.13278e+06    5.50012e+05   -2.58277e+06   -2.53212e+06
    Temperature Pres. DC (bar) Pressure (bar)   Constr. rmsd
    2.99421e+02   -1.55002e+02    7.43243e+01    0.00000e+00

           Step           Time
         464500      929.00000

   Energies (kJ/mol)
           Bond          Angle    Proper Dih. Per. Imp. Dih.          LJ-14
    7.43168e+03    1.99301e+04    2.57589e+04    1.22654e+03    9.58419e+03
     Coulomb-14        LJ (SR)  Disper. corr.   Coulomb (SR)   Coul. recip.
    1.18824e+05    4.92678e+05   -2.05411e+04   -3.79522e+06    1.06433e+04
 Position Rest.      Potential    Kinetic En.   Total Energy  Conserved En.
    2.49572e+03   -3.12719e+06    5.46106e+05   -2.58108e+06   -2.53209e+06
    Temperature Pres. DC (bar) Pressure (bar)   Constr. rmsd
    2.97295e+02   -1.54257e+02   -2.22114e+01    0.00000e+00

           Step           Time
         465000      930.00000

   Energies (kJ/mol)
           Bond          Angle    Proper Dih. Per. Imp. Dih.          LJ-14
    7.04680e+03    1.97024e+04    2.58097e+04    1.24055e+03    9.49494e+03
     Coulomb-14        LJ (SR)  Disper. corr.   Coulomb (SR)   Coul. recip.
    1.18892e+05    4.93552e+05   -2.05510e+04   -3.79922e+06    1.07036e+04
 Position Rest.      Potential    Kinetic En.   Total Energy  Conserved En.
    2.39410e+03   -3.13094e+06    5.46220e+05   -2.58472e+06   -2.53204e+06
    Temperature Pres. DC (bar) Pressure (bar)   Constr. rmsd
    2.97357e+02   -1.54407e+02   -3.47213e+00    0.00000e+00

           Step           Time
         465500      931.00000

   Energies (kJ/mol)
           Bond          Angle    Proper Dih. Per. Imp. Dih.          LJ-14
    7.22800e+03    1.98112e+04    2.58256e+04    1.19792e+03    9.60696e+03
     Coulomb-14        LJ (SR)  Disper. corr.   Coulomb (SR)   Coul. recip.
    1.18809e+05    4.95578e+05   -2.05842e+04   -3.80402e+06    1.07120e+04
 Position Rest.      Potential    Kinetic En.   Total Energy  Conserved En.
    2.44218e+03   -3.13340e+06    5.46859e+05   -2.58654e+06   -2.53199e+06
    Temperature Pres. DC (bar) Pressure (bar)   Constr. rmsd
    2.97704e+02   -1.54905e+02    4.01377e+01    0.00000e+00

           Step           Time
         466000      932.00000

   Energies (kJ/mol)
           Bond          Angle    Proper Dih. Per. Imp. Dih.          LJ-14
    7.18620e+03    2.00336e+04    2.57904e+04    1.22609e+03    9.64846e+03
     Coulomb-14        LJ (SR)  Disper. corr.   Coulomb (SR)   Coul. recip.
    1.18827e+05    4.95835e+05   -2.05624e+04   -3.80081e+06    1.07787e+04
 Position Rest.      Potential    Kinetic En.   Total Energy  Conserved En.
    2.52306e+03   -3.12953e+06    5.47555e+05   -2.58197e+06   -2.53193e+06
    Temperature Pres. DC (bar) Pressure (bar)   Constr. rmsd
    2.98084e+02   -1.54576e+02    9.74811e+01    0.00000e+00

           Step           Time
         466500      933.00000

   Energies (kJ/mol)
           Bond          Angle    Proper Dih. Per. Imp. Dih.          LJ-14
    7.34522e+03    1.98122e+04    2.58131e+04    1.18909e+03    9.56482e+03
     Coulomb-14        LJ (SR)  Disper. corr.   Coulomb (SR)   Coul. recip.
    1.18724e+05    4.95209e+05   -2.05103e+04   -3.80266e+06    1.06339e+04
 Position Rest.      Potential    Kinetic En.   Total Energy  Conserved En.
    2.45796e+03   -3.13242e+06    5.47192e+05   -2.58522e+06   -2.53194e+06
    Temperature Pres. DC (bar) Pressure (bar)   Constr. rmsd
    2.97886e+02   -1.53796e+02   -3.23586e+01    0.00000e+00

           Step           Time
         467000      934.00000

   Energies (kJ/mol)
           Bond          Angle    Proper Dih. Per. Imp. Dih.          LJ-14
    7.18728e+03    1.99095e+04    2.59130e+04    1.25674e+03    9.61177e+03
     Coulomb-14        LJ (SR)  Disper. corr.   Coulomb (SR)   Coul. recip.
    1.19044e+05    4.92528e+05   -2.05633e+04   -3.79764e+06    1.08286e+04
 Position Rest.      Potential    Kinetic En.   Total Energy  Conserved En.
    2.48411e+03   -3.12944e+06    5.48758e+05   -2.58068e+06   -2.53192e+06
    Temperature Pres. DC (bar) Pressure (bar)   Constr. rmsd
    2.98739e+02   -1.54590e+02   -3.51853e+01    0.00000e+00

           Step           Time
         467500      935.00000

   Energies (kJ/mol)
           Bond          Angle    Proper Dih. Per. Imp. Dih.          LJ-14
    7.25222e+03    1.96452e+04    2.59802e+04    1.27512e+03    9.76004e+03
     Coulomb-14        LJ (SR)  Disper. corr.   Coulomb (SR)   Coul. recip.
    1.19161e+05    4.96584e+05   -2.05524e+04   -3.80094e+06    1.08149e+04
 Position Rest.      Potential    Kinetic En.   Total Energy  Conserved En.
    2.52438e+03   -3.12849e+06    5.47929e+05   -2.58056e+06   -2.53184e+06
    Temperature Pres. DC (bar) Pressure (bar)   Constr. rmsd
    2.98287e+02   -1.54427e+02    1.47164e+02    0.00000e+00

           Step           Time
         468000      936.00000

   Energies (kJ/mol)
           Bond          Angle    Proper Dih. Per. Imp. Dih.          LJ-14
    7.23077e+03    1.97607e+04    2.58472e+04    1.21111e+03    9.43707e+03
     Coulomb-14        LJ (SR)  Disper. corr.   Coulomb (SR)   Coul. recip.
    1.19085e+05    5.00280e+05   -2.05649e+04   -3.80876e+06    1.08232e+04
 Position Rest.      Potential    Kinetic En.   Total Energy  Conserved En.
    2.48666e+03   -3.13316e+06    5.48137e+05   -2.58503e+06   -2.53185e+06
    Temperature Pres. DC (bar) Pressure (bar)   Constr. rmsd
    2.98400e+02   -1.54614e+02    7.92907e+01    0.00000e+00

           Step           Time
         468500      937.00000

   Energies (kJ/mol)
           Bond          Angle    Proper Dih. Per. Imp. Dih.          LJ-14
    7.46404e+03    1.96577e+04    2.56278e+04    1.18528e+03    9.59811e+03
     Coulomb-14        LJ (SR)  Disper. corr.   Coulomb (SR)   Coul. recip.
    1.19130e+05    4.91694e+05   -2.05404e+04   -3.79957e+06    1.05587e+04
 Position Rest.      Potential    Kinetic En.   Total Energy  Conserved En.
    2.44155e+03   -3.13275e+06    5.46365e+05   -2.58639e+06   -2.53184e+06
    Temperature Pres. DC (bar) Pressure (bar)   Constr. rmsd
    2.97436e+02   -1.54247e+02   -6.47576e+01    0.00000e+00

           Step           Time
         469000      938.00000

   Energies (kJ/mol)
           Bond          Angle    Proper Dih. Per. Imp. Dih.          LJ-14
    7.08691e+03    2.00600e+04    2.59882e+04    1.18131e+03    9.43156e+03
     Coulomb-14        LJ (SR)  Disper. corr.   Coulomb (SR)   Coul. recip.
    1.18839e+05    4.93612e+05   -2.05660e+04   -3.80135e+06    1.06275e+04
 Position Rest.      Potential    Kinetic En.   Total Energy  Conserved En.
    2.43092e+03   -3.13266e+06    5.46955e+05   -2.58571e+06   -2.53176e+06
    Temperature Pres. DC (bar) Pressure (bar)   Constr. rmsd
    2.97757e+02   -1.54631e+02   -5.52529e+01    0.00000e+00

           Step           Time
         469500      939.00000

   Energies (kJ/mol)
           Bond          Angle    Proper Dih. Per. Imp. Dih.          LJ-14
    7.44294e+03    1.99492e+04    2.57061e+04    1.20593e+03    9.63260e+03
     Coulomb-14        LJ (SR)  Disper. corr.   Coulomb (SR)   Coul. recip.
    1.18904e+05    4.96873e+05   -2.05587e+04   -3.80393e+06    1.07385e+04
 Position Rest.      Potential    Kinetic En.   Total Energy  Conserved En.
    2.33142e+03   -3.13170e+06    5.48570e+05   -2.58313e+06   -2.53171e+06
    Temperature Pres. DC (bar) Pressure (bar)   Constr. rmsd
    2.98636e+02   -1.54521e+02    1.03244e+02    0.00000e+00

           Step           Time
         470000      940.00000

   Energies (kJ/mol)
           Bond          Angle    Proper Dih. Per. Imp. Dih.          LJ-14
    7.26984e+03    1.96390e+04    2.59920e+04    1.13568e+03    9.57045e+03
     Coulomb-14        LJ (SR)  Disper. corr.   Coulomb (SR)   Coul. recip.
    1.18904e+05    4.96812e+05   -2.06109e+04   -3.80513e+06    1.07402e+04
 Position Rest.      Potential    Kinetic En.   Total Energy  Conserved En.
    2.34686e+03   -3.13333e+06    5.45896e+05   -2.58743e+06   -2.53168e+06
    Temperature Pres. DC (bar) Pressure (bar)   Constr. rmsd
    2.97180e+02   -1.55307e+02    1.32029e+02    0.00000e+00

           Step           Time
         470500      941.00000

   Energies (kJ/mol)
           Bond          Angle    Proper Dih. Per. Imp. Dih.          LJ-14
    7.14356e+03    2.02211e+04    2.58887e+04    1.17388e+03    9.60676e+03
     Coulomb-14        LJ (SR)  Disper. corr.   Coulomb (SR)   Coul. recip.
    1.19444e+05    4.92704e+05   -2.05355e+04   -3.79640e+06    1.07723e+04
 Position Rest.      Potential    Kinetic En.   Total Energy  Conserved En.
    2.51641e+03   -3.12746e+06    5.48452e+05   -2.57901e+06   -2.53170e+06
    Temperature Pres. DC (bar) Pressure (bar)   Constr. rmsd
    2.98572e+02   -1.54173e+02   -4.42049e+00    0.00000e+00

           Step           Time
         471000      942.00000

   Energies (kJ/mol)
           Bond          Angle    Proper Dih. Per. Imp. Dih.          LJ-14
    7.16584e+03    2.00336e+04    2.58066e+04    1.25419e+03    9.65015e+03
     Coulomb-14        LJ (SR)  Disper. corr.   Coulomb (SR)   Coul. recip.
    1.18998e+05    4.94473e+05   -2.05526e+04   -3.80036e+06    1.05350e+04
 Position Rest.      Potential    Kinetic En.   Total Energy  Conserved En.
    2.37759e+03   -3.13062e+06    5.47029e+05   -2.58359e+06   -2.53169e+06
    Temperature Pres. DC (bar) Pressure (bar)   Constr. rmsd
    2.97797e+02   -1.54429e+02    9.66386e+00    0.00000e+00

           Step           Time
         471500      943.00000

   Energies (kJ/mol)
           Bond          Angle    Proper Dih. Per. Imp. Dih.          LJ-14
    7.24149e+03    1.99248e+04    2.58125e+04    1.23858e+03    9.65346e+03
     Coulomb-14        LJ (SR)  Disper. corr.   Coulomb (SR)   Coul. recip.
    1.19626e+05    4.92251e+05   -2.05486e+04   -3.79869e+06    1.07733e+04
 Position Rest.      Potential    Kinetic En.   Total Energy  Conserved En.
    2.39107e+03   -3.13033e+06    5.47149e+05   -2.58318e+06   -2.53163e+06
    Temperature Pres. DC (bar) Pressure (bar)   Constr. rmsd
    2.97862e+02   -1.54369e+02   -2.31796e+01    0.00000e+00

           Step           Time
         472000      944.00000

   Energies (kJ/mol)
           Bond          Angle    Proper Dih. Per. Imp. Dih.          LJ-14
    7.01991e+03    1.98513e+04    2.57367e+04    1.16037e+03    9.49475e+03
     Coulomb-14        LJ (SR)  Disper. corr.   Coulomb (SR)   Coul. recip.
    1.18692e+05    4.97356e+05   -2.05901e+04   -3.80460e+06    1.07679e+04
 Position Rest.      Potential    Kinetic En.   Total Energy  Conserved En.
    2.51744e+03   -3.13259e+06    5.45213e+05   -2.58738e+06   -2.53160e+06
    Temperature Pres. DC (bar) Pressure (bar)   Constr. rmsd
    2.96809e+02   -1.54994e+02    5.33138e+01    0.00000e+00

           Step           Time
         472500      945.00000

   Energies (kJ/mol)
           Bond          Angle    Proper Dih. Per. Imp. Dih.          LJ-14
    7.01150e+03    1.98213e+04    2.59423e+04    1.25180e+03    9.74988e+03
     Coulomb-14        LJ (SR)  Disper. corr.   Coulomb (SR)   Coul. recip.
    1.19250e+05    4.93094e+05   -2.05303e+04   -3.79947e+06    1.07782e+04
 Position Rest.      Potential    Kinetic En.   Total Energy  Conserved En.
    2.38024e+03   -3.13072e+06    5.48264e+05   -2.58246e+06   -2.53163e+06
    Temperature Pres. DC (bar) Pressure (bar)   Constr. rmsd
    2.98469e+02   -1.54095e+02   -4.00221e+01    0.00000e+00

           Step           Time
         473000      946.00000

   Energies (kJ/mol)
           Bond          Angle    Proper Dih. Per. Imp. Dih.          LJ-14
    6.99125e+03    1.96861e+04    2.59926e+04    1.18266e+03    9.46926e+03
     Coulomb-14        LJ (SR)  Disper. corr.   Coulomb (SR)   Coul. recip.
    1.18854e+05    4.90744e+05   -2.05634e+04   -3.79724e+06    1.07553e+04
 Position Rest.      Potential    Kinetic En.   Total Energy  Conserved En.
    2.38840e+03   -3.13174e+06    5.47966e+05   -2.58377e+06   -2.53168e+06
    Temperature Pres. DC (bar) Pressure (bar)   Constr. rmsd
    2.98307e+02   -1.54592e+02   -2.84095e+01    0.00000e+00

           Step           Time
         473500      947.00000

   Energies (kJ/mol)
           Bond          Angle    Proper Dih. Per. Imp. Dih.          LJ-14
    7.24899e+03    2.01806e+04    2.59129e+04    1.18617e+03    9.47391e+03
     Coulomb-14        LJ (SR)  Disper. corr.   Coulomb (SR)   Coul. recip.
    1.19205e+05    4.91444e+05   -2.05660e+04   -3.79795e+06    1.07403e+04
 Position Rest.      Potential    Kinetic En.   Total Energy  Conserved En.
    2.40031e+03   -3.13072e+06    5.48528e+05   -2.58220e+06   -2.53159e+06
    Temperature Pres. DC (bar) Pressure (bar)   Constr. rmsd
    2.98613e+02   -1.54631e+02   -8.76843e+01    0.00000e+00

           Step           Time
         474000      948.00000

   Energies (kJ/mol)
           Bond          Angle    Proper Dih. Per. Imp. Dih.          LJ-14
    7.50309e+03    1.98269e+04    2.57852e+04    1.17294e+03    9.60838e+03
     Coulomb-14        LJ (SR)  Disper. corr.   Coulomb (SR)   Coul. recip.
    1.18898e+05    4.89698e+05   -2.05435e+04   -3.79418e+06    1.08223e+04
 Position Rest.      Potential    Kinetic En.   Total Energy  Conserved En.
    2.42314e+03   -3.12899e+06    5.45422e+05   -2.58357e+06   -2.53157e+06
    Temperature Pres. DC (bar) Pressure (bar)   Constr. rmsd
    2.96922e+02   -1.54293e+02   -6.52939e+01    0.00000e+00

           Step           Time
         474500      949.00000

   Energies (kJ/mol)
           Bond          Angle    Proper Dih. Per. Imp. Dih.          LJ-14
    7.26701e+03    2.00381e+04    2.57666e+04    1.15223e+03    9.43010e+03
     Coulomb-14        LJ (SR)  Disper. corr.   Coulomb (SR)   Coul. recip.
    1.18709e+05    4.94074e+05   -2.05911e+04   -3.79893e+06    1.07744e+04
 Position Rest.      Potential    Kinetic En.   Total Energy  Conserved En.
    2.51145e+03   -3.12980e+06    5.46243e+05   -2.58355e+06   -2.53159e+06
    Temperature Pres. DC (bar) Pressure (bar)   Constr. rmsd
    2.97369e+02   -1.55008e+02    1.82230e+01    0.00000e+00

           Step           Time
         475000      950.00000

   Energies (kJ/mol)
           Bond          Angle    Proper Dih. Per. Imp. Dih.          LJ-14
    7.53242e+03    1.97557e+04    2.59289e+04    1.18643e+03    9.42868e+03
     Coulomb-14        LJ (SR)  Disper. corr.   Coulomb (SR)   Coul. recip.
    1.18613e+05    4.92823e+05   -2.05070e+04   -3.79562e+06    1.08687e+04
 Position Rest.      Potential    Kinetic En.   Total Energy  Conserved En.
    2.46581e+03   -3.12752e+06    5.49684e+05   -2.57784e+06   -2.53158e+06
    Temperature Pres. DC (bar) Pressure (bar)   Constr. rmsd
    2.99243e+02   -1.53746e+02   -5.12356e+01    0.00000e+00

           Step           Time
         475500      951.00000

   Energies (kJ/mol)
           Bond          Angle    Proper Dih. Per. Imp. Dih.          LJ-14
    7.33569e+03    1.95949e+04    2.56928e+04    1.14177e+03    9.59299e+03
     Coulomb-14        LJ (SR)  Disper. corr.   Coulomb (SR)   Coul. recip.
    1.19002e+05    4.94757e+05   -2.05748e+04   -3.80145e+06    1.09403e+04
 Position Rest.      Potential    Kinetic En.   Total Energy  Conserved En.
    2.57332e+03   -3.13139e+06    5.47260e+05   -2.58413e+06   -2.53154e+06
    Temperature Pres. DC (bar) Pressure (bar)   Constr. rmsd
    2.97923e+02   -1.54763e+02    2.91700e+01    0.00000e+00

           Step           Time
         476000      952.00000

   Energies (kJ/mol)
           Bond          Angle    Proper Dih. Per. Imp. Dih.          LJ-14
    7.37384e+03    1.99666e+04    2.58131e+04    1.19281e+03    9.56487e+03
     Coulomb-14        LJ (SR)  Disper. corr.   Coulomb (SR)   Coul. recip.
    1.18822e+05    4.92780e+05   -2.05410e+04   -3.79831e+06    1.07619e+04
 Position Rest.      Potential    Kinetic En.   Total Energy  Conserved En.
    2.45958e+03   -3.13012e+06    5.46561e+05   -2.58356e+06   -2.53151e+06
    Temperature Pres. DC (bar) Pressure (bar)   Constr. rmsd
    2.97542e+02   -1.54255e+02   -1.07818e+02    0.00000e+00

           Step           Time
         476500      953.00000

   Energies (kJ/mol)
           Bond          Angle    Proper Dih. Per. Imp. Dih.          LJ-14
    7.13912e+03    1.95319e+04    2.58464e+04    1.27821e+03    9.62997e+03
     Coulomb-14        LJ (SR)  Disper. corr.   Coulomb (SR)   Coul. recip.
    1.19320e+05    4.95088e+05   -2.05935e+04   -3.80449e+06    1.06467e+04
 Position Rest.      Potential    Kinetic En.   Total Energy  Conserved En.
    2.52122e+03   -3.13408e+06    5.48796e+05   -2.58529e+06   -2.53152e+06
    Temperature Pres. DC (bar) Pressure (bar)   Constr. rmsd
    2.98759e+02   -1.55044e+02    4.49235e+01    0.00000e+00

           Step           Time
         477000      954.00000

   Energies (kJ/mol)
           Bond          Angle    Proper Dih. Per. Imp. Dih.          LJ-14
    7.02306e+03    1.98764e+04    2.59946e+04    1.17269e+03    9.67032e+03
     Coulomb-14        LJ (SR)  Disper. corr.   Coulomb (SR)   Coul. recip.
    1.19032e+05    4.92647e+05   -2.05272e+04   -3.79883e+06    1.09510e+04
 Position Rest.      Potential    Kinetic En.   Total Energy  Conserved En.
    2.44340e+03   -3.13055e+06    5.46343e+05   -2.58420e+06   -2.53150e+06
    Temperature Pres. DC (bar) Pressure (bar)   Constr. rmsd
    2.97424e+02   -1.54049e+02    5.05825e+01    0.00000e+00

           Step           Time
         477500      955.00000

   Energies (kJ/mol)
           Bond          Angle    Proper Dih. Per. Imp. Dih.          LJ-14
    7.30849e+03    1.98577e+04    2.56660e+04    1.18736e+03    9.58670e+03
     Coulomb-14        LJ (SR)  Disper. corr.   Coulomb (SR)   Coul. recip.
    1.18958e+05    4.94908e+05   -2.05997e+04   -3.80134e+06    1.08164e+04
 Position Rest.      Potential    Kinetic En.   Total Energy  Conserved En.
    2.56064e+03   -3.13109e+06    5.47875e+05   -2.58322e+06   -2.53147e+06
    Temperature Pres. DC (bar) Pressure (bar)   Constr. rmsd
    2.98258e+02   -1.55138e+02    9.95581e+00    0.00000e+00

           Step           Time
         478000      956.00000

   Energies (kJ/mol)
           Bond          Angle    Proper Dih. Per. Imp. Dih.          LJ-14
    7.35947e+03    2.01982e+04    2.57408e+04    1.22800e+03    9.68419e+03
     Coulomb-14        LJ (SR)  Disper. corr.   Coulomb (SR)   Coul. recip.
    1.18982e+05    4.93699e+05   -2.05189e+04   -3.79920e+06    1.07554e+04
 Position Rest.      Potential    Kinetic En.   Total Energy  Conserved En.
    2.47998e+03   -3.12959e+06    5.46741e+05   -2.58285e+06   -2.53138e+06
    Temperature Pres. DC (bar) Pressure (bar)   Constr. rmsd
    2.97640e+02   -1.53924e+02   -3.46734e+01    0.00000e+00

           Step           Time
         478500      957.00000

   Energies (kJ/mol)
           Bond          Angle    Proper Dih. Per. Imp. Dih.          LJ-14
    7.10243e+03    2.00109e+04    2.57449e+04    1.20684e+03    9.59318e+03
     Coulomb-14        LJ (SR)  Disper. corr.   Coulomb (SR)   Coul. recip.
    1.18829e+05    4.96468e+05   -2.05826e+04   -3.80310e+06    1.08429e+04
 Position Rest.      Potential    Kinetic En.   Total Energy  Conserved En.
    2.51664e+03   -3.13137e+06    5.47030e+05   -2.58434e+06   -2.53136e+06
    Temperature Pres. DC (bar) Pressure (bar)   Constr. rmsd
    2.97798e+02   -1.54880e+02    6.41407e+01    0.00000e+00

           Step           Time
         479000      958.00000

   Energies (kJ/mol)
           Bond          Angle    Proper Dih. Per. Imp. Dih.          LJ-14
    7.18917e+03    1.99122e+04    2.58005e+04    1.27469e+03    9.49995e+03
     Coulomb-14        LJ (SR)  Disper. corr.   Coulomb (SR)   Coul. recip.
    1.18816e+05    4.91642e+05   -2.05360e+04   -3.79747e+06    1.07425e+04
 Position Rest.      Potential    Kinetic En.   Total Energy  Conserved En.
    2.48986e+03   -3.13064e+06    5.48266e+05   -2.58237e+06   -2.53131e+06
    Temperature Pres. DC (bar) Pressure (bar)   Constr. rmsd
    2.98471e+02   -1.54181e+02   -1.05779e+02    0.00000e+00

           Step           Time
         479500      959.00000

   Energies (kJ/mol)
           Bond          Angle    Proper Dih. Per. Imp. Dih.          LJ-14
    7.00846e+03    2.00886e+04    2.58637e+04    1.18860e+03    9.58147e+03
     Coulomb-14        LJ (SR)  Disper. corr.   Coulomb (SR)   Coul. recip.
    1.18763e+05    4.97820e+05   -2.05777e+04   -3.80723e+06    1.07120e+04
 Position Rest.      Potential    Kinetic En.   Total Energy  Conserved En.
    2.43198e+03   -3.13435e+06    5.45584e+05   -2.58877e+06   -2.53127e+06
    Temperature Pres. DC (bar) Pressure (bar)   Constr. rmsd
    2.97010e+02   -1.54807e+02    8.78351e+01    0.00000e+00

           Step           Time
         480000      960.00000

   Energies (kJ/mol)
           Bond          Angle    Proper Dih. Per. Imp. Dih.          LJ-14
    6.99704e+03    2.01243e+04    2.57978e+04    1.17172e+03    9.63950e+03
     Coulomb-14        LJ (SR)  Disper. corr.   Coulomb (SR)   Coul. recip.
    1.18888e+05    4.91232e+05   -2.05201e+04   -3.79481e+06    1.08050e+04
 Position Rest.      Potential    Kinetic En.   Total Energy  Conserved En.
    2.44720e+03   -3.12823e+06    5.48658e+05   -2.57957e+06   -2.53131e+06
    Temperature Pres. DC (bar) Pressure (bar)   Constr. rmsd
    2.98684e+02   -1.53942e+02    7.98924e+00    0.00000e+00

           Step           Time
         480500      961.00000

   Energies (kJ/mol)
           Bond          Angle    Proper Dih. Per. Imp. Dih.          LJ-14
    7.07687e+03    1.98858e+04    2.57444e+04    1.29624e+03    9.68345e+03
     Coulomb-14        LJ (SR)  Disper. corr.   Coulomb (SR)   Coul. recip.
    1.18947e+05    4.94217e+05   -2.06016e+04   -3.79988e+06    1.06554e+04
 Position Rest.      Potential    Kinetic En.   Total Energy  Conserved En.
    2.48056e+03   -3.13050e+06    5.45596e+05   -2.58490e+06   -2.53123e+06
    Temperature Pres. DC (bar) Pressure (bar)   Constr. rmsd
    2.97017e+02   -1.55167e+02    5.57931e+01    0.00000e+00

           Step           Time
         481000      962.00000

   Energies (kJ/mol)
           Bond          Angle    Proper Dih. Per. Imp. Dih.          LJ-14
    7.08334e+03    1.97380e+04    2.59477e+04    1.16050e+03    9.66164e+03
     Coulomb-14        LJ (SR)  Disper. corr.   Coulomb (SR)   Coul. recip.
    1.19190e+05    4.95448e+05   -2.05999e+04   -3.80054e+06    1.07471e+04
 Position Rest.      Potential    Kinetic En.   Total Energy  Conserved En.
    2.54556e+03   -3.12962e+06    5.49015e+05   -2.58060e+06   -2.53118e+06
    Temperature Pres. DC (bar) Pressure (bar)   Constr. rmsd
    2.98878e+02   -1.55141e+02    1.14618e+02    0.00000e+00

           Step           Time
         481500      963.00000

   Energies (kJ/mol)
           Bond          Angle    Proper Dih. Per. Imp. Dih.          LJ-14
    7.30899e+03    2.00164e+04    2.57680e+04    1.26005e+03    9.52573e+03
     Coulomb-14        LJ (SR)  Disper. corr.   Coulomb (SR)   Coul. recip.
    1.18645e+05    4.90470e+05   -2.04796e+04   -3.79424e+06    1.08092e+04
 Position Rest.      Potential    Kinetic En.   Total Energy  Conserved En.
    2.45488e+03   -3.12846e+06    5.49452e+05   -2.57901e+06   -2.53119e+06
    Temperature Pres. DC (bar) Pressure (bar)   Constr. rmsd
    2.99116e+02   -1.53336e+02   -1.29606e+02    0.00000e+00

           Step           Time
         482000      964.00000

   Energies (kJ/mol)
           Bond          Angle    Proper Dih. Per. Imp. Dih.          LJ-14
    7.33341e+03    1.98966e+04    2.56466e+04    1.16112e+03    9.54659e+03
     Coulomb-14        LJ (SR)  Disper. corr.   Coulomb (SR)   Coul. recip.
    1.19197e+05    4.95419e+05   -2.05936e+04   -3.80533e+06    1.08938e+04
 Position Rest.      Potential    Kinetic En.   Total Energy  Conserved En.
    2.54136e+03   -3.13429e+06    5.46484e+05   -2.58781e+06   -2.53104e+06
    Temperature Pres. DC (bar) Pressure (bar)   Constr. rmsd
    2.97501e+02   -1.55046e+02   -1.78910e+01    0.00000e+00

           Step           Time
         482500      965.00000

   Energies (kJ/mol)
           Bond          Angle    Proper Dih. Per. Imp. Dih.          LJ-14
    6.96224e+03    2.01821e+04    2.57752e+04    1.21349e+03    9.52392e+03
     Coulomb-14        LJ (SR)  Disper. corr.   Coulomb (SR)   Coul. recip.
    1.18964e+05    4.94296e+05   -2.05698e+04   -3.80292e+06    1.06250e+04
 Position Rest.      Potential    Kinetic En.   Total Energy  Conserved En.
    2.58407e+03   -3.13336e+06    5.46521e+05   -2.58684e+06   -2.53108e+06
    Temperature Pres. DC (bar) Pressure (bar)   Constr. rmsd
    2.97521e+02   -1.54688e+02   -8.21122e+00    0.00000e+00

           Step           Time
         483000      966.00000

   Energies (kJ/mol)
           Bond          Angle    Proper Dih. Per. Imp. Dih.          LJ-14
    7.10828e+03    1.98313e+04    2.58658e+04    1.22830e+03    9.50412e+03
     Coulomb-14        LJ (SR)  Disper. corr.   Coulomb (SR)   Coul. recip.
    1.18957e+05    4.93253e+05   -2.05358e+04   -3.80297e+06    1.08126e+04
 Position Rest.      Potential    Kinetic En.   Total Energy  Conserved En.
    2.57730e+03   -3.13437e+06    5.45568e+05   -2.58880e+06   -2.53108e+06
    Temperature Pres. DC (bar) Pressure (bar)   Constr. rmsd
    2.97002e+02   -1.54177e+02   -1.06929e+02    0.00000e+00

           Step           Time
         483500      967.00000

   Energies (kJ/mol)
           Bond          Angle    Proper Dih. Per. Imp. Dih.          LJ-14
    7.40542e+03    1.98456e+04    2.57497e+04    1.24533e+03    9.57194e+03
     Coulomb-14        LJ (SR)  Disper. corr.   Coulomb (SR)   Coul. recip.
    1.19280e+05    4.98392e+05   -2.05558e+04   -3.80636e+06    1.08580e+04
 Position Rest.      Potential    Kinetic En.   Total Energy  Conserved En.
    2.54899e+03   -3.13202e+06    5.46088e+05   -2.58593e+06   -2.53103e+06
    Temperature Pres. DC (bar) Pressure (bar)   Constr. rmsd
    2.97285e+02   -1.54477e+02    1.13059e+02    0.00000e+00

           Step           Time
         484000      968.00000

   Energies (kJ/mol)
           Bond          Angle    Proper Dih. Per. Imp. Dih.          LJ-14
    7.38432e+03    2.00033e+04    2.58124e+04    1.20425e+03    9.65934e+03
     Coulomb-14        LJ (SR)  Disper. corr.   Coulomb (SR)   Coul. recip.
    1.19069e+05    4.94717e+05   -2.05078e+04   -3.79904e+06    1.07599e+04
 Position Rest.      Potential    Kinetic En.   Total Energy  Conserved En.
    2.49952e+03   -3.12844e+06    5.48292e+05   -2.58015e+06   -2.53103e+06
    Temperature Pres. DC (bar) Pressure (bar)   Constr. rmsd
    2.98485e+02   -1.53758e+02    6.33680e-01    0.00000e+00

           Step           Time
         484500      969.00000

   Energies (kJ/mol)
           Bond          Angle    Proper Dih. Per. Imp. Dih.          LJ-14
    7.51573e+03    1.97912e+04    2.57030e+04    1.13239e+03    9.54106e+03
     Coulomb-14        LJ (SR)  Disper. corr.   Coulomb (SR)   Coul. recip.
    1.19152e+05    4.93026e+05   -2.05508e+04   -3.80096e+06    1.09807e+04
 Position Rest.      Potential    Kinetic En.   Total Energy  Conserved En.
    2.52269e+03   -3.13215e+06    5.47467e+05   -2.58468e+06   -2.53100e+06
    Temperature Pres. DC (bar) Pressure (bar)   Constr. rmsd
    2.98036e+02   -1.54404e+02   -9.02805e+01    0.00000e+00

           Step           Time
         485000      970.00000

   Energies (kJ/mol)
           Bond          Angle    Proper Dih. Per. Imp. Dih.          LJ-14
    7.19375e+03    1.99214e+04    2.57864e+04    1.26219e+03    9.52932e+03
     Coulomb-14        LJ (SR)  Disper. corr.   Coulomb (SR)   Coul. recip.
    1.18890e+05    4.89769e+05   -2.05142e+04   -3.79763e+06    1.08024e+04
 Position Rest.      Potential    Kinetic En.   Total Energy  Conserved En.
    2.46366e+03   -3.13252e+06    5.47074e+05   -2.58545e+06   -2.53101e+06
    Temperature Pres. DC (bar) Pressure (bar)   Constr. rmsd
    2.97822e+02   -1.53853e+02   -1.40895e+02    0.00000e+00

           Step           Time
         485500      971.00000

   Energies (kJ/mol)
           Bond          Angle    Proper Dih. Per. Imp. Dih.          LJ-14
    7.38971e+03    1.99479e+04    2.57794e+04    1.18384e+03    9.60267e+03
     Coulomb-14        LJ (SR)  Disper. corr.   Coulomb (SR)   Coul. recip.
    1.19197e+05    4.92535e+05   -2.05566e+04   -3.79880e+06    1.07879e+04
 Position Rest.      Potential    Kinetic En.   Total Energy  Conserved En.
    2.46499e+03   -3.13047e+06    5.46662e+05   -2.58380e+06   -2.53098e+06
    Temperature Pres. DC (bar) Pressure (bar)   Constr. rmsd
    2.97597e+02   -1.54490e+02   -1.31881e+01    0.00000e+00

           Step           Time
         486000      972.00000

   Energies (kJ/mol)
           Bond          Angle    Proper Dih. Per. Imp. Dih.          LJ-14
    7.45345e+03    2.00775e+04    2.58207e+04    1.26721e+03    9.76553e+03
     Coulomb-14        LJ (SR)  Disper. corr.   Coulomb (SR)   Coul. recip.
    1.18888e+05    4.95707e+05   -2.05565e+04   -3.79953e+06    1.06827e+04
 Position Rest.      Potential    Kinetic En.   Total Energy  Conserved En.
    2.40807e+03   -3.12801e+06    5.48677e+05   -2.57934e+06   -2.53092e+06
    Temperature Pres. DC (bar) Pressure (bar)   Constr. rmsd
    2.98694e+02   -1.54488e+02    6.83142e+01    0.00000e+00

           Step           Time
         486500      973.00000

   Energies (kJ/mol)
           Bond          Angle    Proper Dih. Per. Imp. Dih.          LJ-14
    7.05897e+03    2.00132e+04    2.57575e+04    1.19759e+03    9.68369e+03
     Coulomb-14        LJ (SR)  Disper. corr.   Coulomb (SR)   Coul. recip.
    1.19179e+05    4.90671e+05   -2.05929e+04   -3.79816e+06    1.07502e+04
 Position Rest.      Potential    Kinetic En.   Total Energy  Conserved En.
    2.39873e+03   -3.13205e+06    5.47528e+05   -2.58452e+06   -2.53090e+06
    Temperature Pres. DC (bar) Pressure (bar)   Constr. rmsd
    2.98069e+02   -1.55036e+02    6.93372e+00    0.00000e+00

           Step           Time
         487000      974.00000

   Energies (kJ/mol)
           Bond          Angle    Proper Dih. Per. Imp. Dih.          LJ-14
    7.39302e+03    1.97606e+04    2.58302e+04    1.25264e+03    9.41589e+03
     Coulomb-14        LJ (SR)  Disper. corr.   Coulomb (SR)   Coul. recip.
    1.19258e+05    4.92564e+05   -2.05764e+04   -3.79751e+06    1.07009e+04
 Position Rest.      Potential    Kinetic En.   Total Energy  Conserved En.
    2.43142e+03   -3.12948e+06    5.48540e+05   -2.58094e+06   -2.53087e+06
    Temperature Pres. DC (bar) Pressure (bar)   Constr. rmsd
    2.98620e+02   -1.54787e+02   -5.87068e+00    0.00000e+00

           Step           Time
         487500      975.00000

   Energies (kJ/mol)
           Bond          Angle    Proper Dih. Per. Imp. Dih.          LJ-14
    6.96881e+03    1.97764e+04    2.58731e+04    1.29815e+03    9.56302e+03
     Coulomb-14        LJ (SR)  Disper. corr.   Coulomb (SR)   Coul. recip.
    1.19210e+05    4.95012e+05   -2.05944e+04   -3.80081e+06    1.08050e+04
 Position Rest.      Potential    Kinetic En.   Total Energy  Conserved En.
    2.40913e+03   -3.13049e+06    5.46692e+05   -2.58380e+06   -2.53081e+06
    Temperature Pres. DC (bar) Pressure (bar)   Constr. rmsd
    2.97614e+02   -1.55059e+02    5.32487e+01    0.00000e+00

           Step           Time
         488000      976.00000

   Energies (kJ/mol)
           Bond          Angle    Proper Dih. Per. Imp. Dih.          LJ-14
    7.27473e+03    1.97695e+04    2.57885e+04    1.24206e+03    9.62856e+03
     Coulomb-14        LJ (SR)  Disper. corr.   Coulomb (SR)   Coul. recip.
    1.18999e+05    4.91140e+05   -2.05436e+04   -3.79543e+06    1.06166e+04
 Position Rest.      Potential    Kinetic En.   Total Energy  Conserved En.
    2.56240e+03   -3.12895e+06    5.47358e+05   -2.58159e+06   -2.53072e+06
    Temperature Pres. DC (bar) Pressure (bar)   Constr. rmsd
    2.97976e+02   -1.54295e+02   -5.99925e+01    0.00000e+00

           Step           Time
         488500      977.00000

   Energies (kJ/mol)
           Bond          Angle    Proper Dih. Per. Imp. Dih.          LJ-14
    7.47393e+03    1.99584e+04    2.57372e+04    1.19331e+03    9.39075e+03
     Coulomb-14        LJ (SR)  Disper. corr.   Coulomb (SR)   Coul. recip.
    1.18601e+05    4.91140e+05   -2.05229e+04   -3.79558e+06    1.08689e+04
 Position Rest.      Potential    Kinetic En.   Total Energy  Conserved En.
    2.48487e+03   -3.12926e+06    5.48453e+05   -2.58080e+06   -2.53068e+06
    Temperature Pres. DC (bar) Pressure (bar)   Constr. rmsd
    2.98572e+02   -1.53985e+02   -1.16732e+02    0.00000e+00

           Step           Time
         489000      978.00000

   Energies (kJ/mol)
           Bond          Angle    Proper Dih. Per. Imp. Dih.          LJ-14
    7.21102e+03    1.98705e+04    2.57498e+04    1.14298e+03    9.67804e+03
     Coulomb-14        LJ (SR)  Disper. corr.   Coulomb (SR)   Coul. recip.
    1.19019e+05    4.92891e+05   -2.05684e+04   -3.79871e+06    1.08708e+04
 Position Rest.      Potential    Kinetic En.   Total Energy  Conserved En.
    2.49419e+03   -3.13035e+06    5.46706e+05   -2.58364e+06   -2.53053e+06
    Temperature Pres. DC (bar) Pressure (bar)   Constr. rmsd
    2.97621e+02   -1.54668e+02   -1.23687e+01    0.00000e+00

           Step           Time
         489500      979.00000

   Energies (kJ/mol)
           Bond          Angle    Proper Dih. Per. Imp. Dih.          LJ-14
    7.22483e+03    1.97929e+04    2.59268e+04    1.25765e+03    9.53754e+03
     Coulomb-14        LJ (SR)  Disper. corr.   Coulomb (SR)   Coul. recip.
    1.19153e+05    4.93842e+05   -2.05547e+04   -3.79935e+06    1.08670e+04
 Position Rest.      Potential    Kinetic En.   Total Energy  Conserved En.
    2.53396e+03   -3.12977e+06    5.45434e+05   -2.58433e+06   -2.53050e+06
    Temperature Pres. DC (bar) Pressure (bar)   Constr. rmsd
    2.96929e+02   -1.54461e+02   -1.11223e+01    0.00000e+00

           Step           Time
         490000      980.00000

   Energies (kJ/mol)
           Bond          Angle    Proper Dih. Per. Imp. Dih.          LJ-14
    7.14772e+03    1.96605e+04    2.59629e+04    1.24363e+03    9.62522e+03
     Coulomb-14        LJ (SR)  Disper. corr.   Coulomb (SR)   Coul. recip.
    1.19103e+05    4.94168e+05   -2.05385e+04   -3.79941e+06    1.07999e+04
 Position Rest.      Potential    Kinetic En.   Total Energy  Conserved En.
    2.49592e+03   -3.12974e+06    5.45678e+05   -2.58406e+06   -2.53049e+06
    Temperature Pres. DC (bar) Pressure (bar)   Constr. rmsd
    2.97062e+02   -1.54217e+02    2.09823e+01    0.00000e+00

           Step           Time
         490500      981.00000

   Energies (kJ/mol)
           Bond          Angle    Proper Dih. Per. Imp. Dih.          LJ-14
    7.51342e+03    1.99897e+04    2.56832e+04    1.19457e+03    9.64685e+03
     Coulomb-14        LJ (SR)  Disper. corr.   Coulomb (SR)   Coul. recip.
    1.18703e+05    4.92379e+05   -2.05227e+04   -3.79594e+06    1.07885e+04
 Position Rest.      Potential    Kinetic En.   Total Energy  Conserved En.
    2.52905e+03   -3.12803e+06    5.47246e+05   -2.58079e+06   -2.53046e+06
    Temperature Pres. DC (bar) Pressure (bar)   Constr. rmsd
    2.97915e+02   -1.53981e+02   -3.28333e+01    0.00000e+00

           Step           Time
         491000      982.00000

   Energies (kJ/mol)
           Bond          Angle    Proper Dih. Per. Imp. Dih.          LJ-14
    6.91150e+03    1.99407e+04    2.58364e+04    1.16817e+03    9.56478e+03
     Coulomb-14        LJ (SR)  Disper. corr.   Coulomb (SR)   Coul. recip.
    1.19001e+05    4.93915e+05   -2.05811e+04   -3.79949e+06    1.07118e+04
 Position Rest.      Potential    Kinetic En.   Total Energy  Conserved En.
    2.54978e+03   -3.13047e+06    5.45356e+05   -2.58511e+06   -2.53048e+06
    Temperature Pres. DC (bar) Pressure (bar)   Constr. rmsd
    2.96886e+02   -1.54858e+02    5.24791e+00    0.00000e+00

           Step           Time
         491500      983.00000

   Energies (kJ/mol)
           Bond          Angle    Proper Dih. Per. Imp. Dih.          LJ-14
    7.33089e+03    1.97635e+04    2.58993e+04    1.21473e+03    9.46137e+03
     Coulomb-14        LJ (SR)  Disper. corr.   Coulomb (SR)   Coul. recip.
    1.18576e+05    4.91910e+05   -2.05143e+04   -3.79922e+06    1.07779e+04
 Position Rest.      Potential    Kinetic En.   Total Energy  Conserved En.
    2.45860e+03   -3.13235e+06    5.45525e+05   -2.58682e+06   -2.53043e+06
    Temperature Pres. DC (bar) Pressure (bar)   Constr. rmsd
    2.96978e+02   -1.53855e+02   -1.37811e+02    0.00000e+00

           Step           Time
         492000      984.00000

   Energies (kJ/mol)
           Bond          Angle    Proper Dih. Per. Imp. Dih.          LJ-14
    7.39999e+03    1.99950e+04    2.56988e+04    1.22934e+03    9.60065e+03
     Coulomb-14        LJ (SR)  Disper. corr.   Coulomb (SR)   Coul. recip.
    1.19202e+05    4.95784e+05   -2.06029e+04   -3.80246e+06    1.07638e+04
 Position Rest.      Potential    Kinetic En.   Total Energy  Conserved En.
    2.48551e+03   -3.13090e+06    5.48432e+05   -2.58247e+06   -2.53040e+06
    Temperature Pres. DC (bar) Pressure (bar)   Constr. rmsd
    2.98561e+02   -1.55186e+02    7.75873e+01    0.00000e+00

           Step           Time
         492500      985.00000

   Energies (kJ/mol)
           Bond          Angle    Proper Dih. Per. Imp. Dih.          LJ-14
    7.55229e+03    1.99733e+04    2.57154e+04    1.25929e+03    9.62392e+03
     Coulomb-14        LJ (SR)  Disper. corr.   Coulomb (SR)   Coul. recip.
    1.18765e+05    4.87924e+05   -2.04900e+04   -3.79440e+06    1.09176e+04
 Position Rest.      Potential    Kinetic En.   Total Energy  Conserved En.
    2.53578e+03   -3.13062e+06    5.46784e+05   -2.58384e+06   -2.53035e+06
    Temperature Pres. DC (bar) Pressure (bar)   Constr. rmsd
    2.97663e+02   -1.53491e+02   -1.86796e+02    0.00000e+00

           Step           Time
         493000      986.00000

   Energies (kJ/mol)
           Bond          Angle    Proper Dih. Per. Imp. Dih.          LJ-14
    7.13571e+03    1.98530e+04    2.59323e+04    1.19373e+03    9.64874e+03
     Coulomb-14        LJ (SR)  Disper. corr.   Coulomb (SR)   Coul. recip.
    1.19160e+05    4.95405e+05   -2.05632e+04   -3.80296e+06    1.08717e+04
 Position Rest.      Potential    Kinetic En.   Total Energy  Conserved En.
    2.54962e+03   -3.13178e+06    5.47187e+05   -2.58459e+06   -2.53030e+06
    Temperature Pres. DC (bar) Pressure (bar)   Constr. rmsd
    2.97883e+02   -1.54588e+02    1.13390e+02    0.00000e+00

           Step           Time
         493500      987.00000

   Energies (kJ/mol)
           Bond          Angle    Proper Dih. Per. Imp. Dih.          LJ-14
    7.36212e+03    1.95891e+04    2.58129e+04    1.23969e+03    9.54776e+03
     Coulomb-14        LJ (SR)  Disper. corr.   Coulomb (SR)   Coul. recip.
    1.18976e+05    4.93593e+05   -2.05813e+04   -3.80174e+06    1.08145e+04
 Position Rest.      Potential    Kinetic En.   Total Energy  Conserved En.
    2.47713e+03   -3.13290e+06    5.47726e+05   -2.58518e+06   -2.53034e+06
    Temperature Pres. DC (bar) Pressure (bar)   Constr. rmsd
    2.98177e+02   -1.54861e+02   -5.97161e+01    0.00000e+00

           Step           Time
         494000      988.00000

   Energies (kJ/mol)
           Bond          Angle    Proper Dih. Per. Imp. Dih.          LJ-14
    7.28968e+03    1.98467e+04    2.57518e+04    1.23802e+03    9.52901e+03
     Coulomb-14        LJ (SR)  Disper. corr.   Coulomb (SR)   Coul. recip.
    1.19034e+05    4.94964e+05   -2.05850e+04   -3.80261e+06    1.07539e+04
 Position Rest.      Potential    Kinetic En.   Total Energy  Conserved En.
    2.51896e+03   -3.13227e+06    5.49377e+05   -2.58289e+06   -2.53031e+06
    Temperature Pres. DC (bar) Pressure (bar)   Constr. rmsd
    2.99075e+02   -1.54916e+02    4.75005e+01    0.00000e+00

           Step           Time
         494500      989.00000

   Energies (kJ/mol)
           Bond          Angle    Proper Dih. Per. Imp. Dih.          LJ-14
    7.13238e+03    1.96960e+04    2.60084e+04    1.25134e+03    9.58044e+03
     Coulomb-14        LJ (SR)  Disper. corr.   Coulomb (SR)   Coul. recip.
    1.18432e+05    4.93929e+05   -2.05437e+04   -3.79994e+06    1.08504e+04
 Position Rest.      Potential    Kinetic En.   Total Energy  Conserved En.
    2.61501e+03   -3.13099e+06    5.46562e+05   -2.58443e+06   -2.53032e+06
    Temperature Pres. DC (bar) Pressure (bar)   Constr. rmsd
    2.97543e+02   -1.54296e+02   -7.98778e+01    0.00000e+00

           Step           Time
         495000      990.00000

   Energies (kJ/mol)
           Bond          Angle    Proper Dih. Per. Imp. Dih.          LJ-14
    7.45640e+03    1.98065e+04    2.56569e+04    1.18788e+03    9.58294e+03
     Coulomb-14        LJ (SR)  Disper. corr.   Coulomb (SR)   Coul. recip.
    1.18936e+05    4.93288e+05   -2.05254e+04   -3.79630e+06    1.07445e+04
 Position Rest.      Potential    Kinetic En.   Total Energy  Conserved En.
    2.52556e+03   -3.12764e+06    5.49299e+05   -2.57835e+06   -2.53028e+06
    Temperature Pres. DC (bar) Pressure (bar)   Constr. rmsd
    2.99033e+02   -1.54021e+02   -3.37256e+01    0.00000e+00

           Step           Time
         495500      991.00000

   Energies (kJ/mol)
           Bond          Angle    Proper Dih. Per. Imp. Dih.          LJ-14
    7.24705e+03    1.98425e+04    2.57448e+04    1.26024e+03    9.62356e+03
     Coulomb-14        LJ (SR)  Disper. corr.   Coulomb (SR)   Coul. recip.
    1.19039e+05    4.95923e+05   -2.05973e+04   -3.80081e+06    1.07341e+04
 Position Rest.      Potential    Kinetic En.   Total Energy  Conserved En.
    2.46660e+03   -3.12953e+06    5.47586e+05   -2.58194e+06   -2.53029e+06
    Temperature Pres. DC (bar) Pressure (bar)   Constr. rmsd
    2.98100e+02   -1.55101e+02    8.44176e+01    0.00000e+00

           Step           Time
         496000      992.00000

   Energies (kJ/mol)
           Bond          Angle    Proper Dih. Per. Imp. Dih.          LJ-14
    7.25349e+03    2.01445e+04    2.58562e+04    1.24670e+03    9.54038e+03
     Coulomb-14        LJ (SR)  Disper. corr.   Coulomb (SR)   Coul. recip.
    1.19250e+05    4.95546e+05   -2.05190e+04   -3.80044e+06    1.07326e+04
 Position Rest.      Potential    Kinetic En.   Total Energy  Conserved En.
    2.50707e+03   -3.12888e+06    5.49171e+05   -2.57971e+06   -2.53019e+06
    Temperature Pres. DC (bar) Pressure (bar)   Constr. rmsd
    2.98963e+02   -1.53926e+02    3.72016e+01    0.00000e+00

           Step           Time
         496500      993.00000

   Energies (kJ/mol)
           Bond          Angle    Proper Dih. Per. Imp. Dih.          LJ-14
    7.37741e+03    1.97824e+04    2.57299e+04    1.13548e+03    9.57665e+03
     Coulomb-14        LJ (SR)  Disper. corr.   Coulomb (SR)   Coul. recip.
    1.19221e+05    4.96780e+05   -2.06016e+04   -3.80486e+06    1.06977e+04
 Position Rest.      Potential    Kinetic En.   Total Energy  Conserved En.
    2.43639e+03   -3.13272e+06    5.46360e+05   -2.58636e+06   -2.53012e+06
    Temperature Pres. DC (bar) Pressure (bar)   Constr. rmsd
    2.97433e+02   -1.55166e+02    5.14226e+01    0.00000e+00

           Step           Time
         497000      994.00000

   Energies (kJ/mol)
           Bond          Angle    Proper Dih. Per. Imp. Dih.          LJ-14
    7.20873e+03    2.01805e+04    2.57624e+04    1.17537e+03    9.53343e+03
     Coulomb-14        LJ (SR)  Disper. corr.   Coulomb (SR)   Coul. recip.
    1.18742e+05    4.94995e+05   -2.05034e+04   -3.80238e+06    1.08874e+04
 Position Rest.      Potential    Kinetic En.   Total Energy  Conserved En.
    2.43754e+03   -3.13196e+06    5.47401e+05   -2.58456e+06   -2.53011e+06
    Temperature Pres. DC (bar) Pressure (bar)   Constr. rmsd
    2.98000e+02   -1.53693e+02   -1.97798e+01    0.00000e+00

           Step           Time
         497500      995.00000

   Energies (kJ/mol)
           Bond          Angle    Proper Dih. Per. Imp. Dih.          LJ-14
    7.22799e+03    1.97983e+04    2.57704e+04    1.20333e+03    9.38225e+03
     Coulomb-14        LJ (SR)  Disper. corr.   Coulomb (SR)   Coul. recip.
    1.18871e+05    4.97956e+05   -2.05853e+04   -3.80804e+06    1.08737e+04
 Position Rest.      Potential    Kinetic En.   Total Energy  Conserved En.
    2.56809e+03   -3.13498e+06    5.47912e+05   -2.58707e+06   -2.53013e+06
    Temperature Pres. DC (bar) Pressure (bar)   Constr. rmsd
    2.98278e+02   -1.54922e+02    5.40596e-01    0.00000e+00

           Step           Time
         498000      996.00000

   Energies (kJ/mol)
           Bond          Angle    Proper Dih. Per. Imp. Dih.          LJ-14
    7.34690e+03    1.97712e+04    2.58438e+04    1.19013e+03    9.43726e+03
     Coulomb-14        LJ (SR)  Disper. corr.   Coulomb (SR)   Coul. recip.
    1.18872e+05    4.92427e+05   -2.05440e+04   -3.79932e+06    1.07848e+04
 Position Rest.      Potential    Kinetic En.   Total Energy  Conserved En.
    2.47598e+03   -3.13172e+06    5.48570e+05   -2.58315e+06   -2.53013e+06
    Temperature Pres. DC (bar) Pressure (bar)   Constr. rmsd
    2.98636e+02   -1.54300e+02   -6.08298e+01    0.00000e+00

           Step           Time
         498500      997.00000

   Energies (kJ/mol)
           Bond          Angle    Proper Dih. Per. Imp. Dih.          LJ-14
    7.16381e+03    2.02247e+04    2.56585e+04    1.26033e+03    9.48543e+03
     Coulomb-14        LJ (SR)  Disper. corr.   Coulomb (SR)   Coul. recip.
    1.18930e+05    4.94102e+05   -2.05511e+04   -3.80075e+06    1.08579e+04
 Position Rest.      Potential    Kinetic En.   Total Energy  Conserved En.
    2.53192e+03   -3.13109e+06    5.48545e+05   -2.58254e+06   -2.53007e+06
    Temperature Pres. DC (bar) Pressure (bar)   Constr. rmsd
    2.98622e+02   -1.54407e+02    1.31965e+01    0.00000e+00

           Step           Time
         499000      998.00000

   Energies (kJ/mol)
           Bond          Angle    Proper Dih. Per. Imp. Dih.          LJ-14
    7.14686e+03    1.94622e+04    2.59090e+04    1.15660e+03    9.70251e+03
     Coulomb-14        LJ (SR)  Disper. corr.   Coulomb (SR)   Coul. recip.
    1.19297e+05    4.89750e+05   -2.05860e+04   -3.79544e+06    1.06619e+04
 Position Rest.      Potential    Kinetic En.   Total Energy  Conserved En.
    2.65681e+03   -3.13029e+06    5.45880e+05   -2.58441e+06   -2.53008e+06
    Temperature Pres. DC (bar) Pressure (bar)   Constr. rmsd
    2.97172e+02   -1.54931e+02   -7.25291e+01    0.00000e+00

           Step           Time
         499500      999.00000

   Energies (kJ/mol)
           Bond          Angle    Proper Dih. Per. Imp. Dih.          LJ-14
    7.22409e+03    1.99101e+04    2.58475e+04    1.23839e+03    9.72750e+03
     Coulomb-14        LJ (SR)  Disper. corr.   Coulomb (SR)   Coul. recip.
    1.18955e+05    4.95039e+05   -2.05873e+04   -3.80063e+06    1.06457e+04
 Position Rest.      Potential    Kinetic En.   Total Energy  Conserved En.
    2.57304e+03   -3.13005e+06    5.46210e+05   -2.58384e+06   -2.53003e+06
    Temperature Pres. DC (bar) Pressure (bar)   Constr. rmsd
    2.97351e+02   -1.54952e+02    7.98021e+01    0.00000e+00

           Step           Time
         500000     1000.00000

Writing checkpoint, step 500000 at Thu Apr  9 17:06:49 2026


   Energies (kJ/mol)
           Bond          Angle    Proper Dih. Per. Imp. Dih.          LJ-14
    7.21960e+03    1.99009e+04    2.57243e+04    1.17079e+03    9.55675e+03
     Coulomb-14        LJ (SR)  Disper. corr.   Coulomb (SR)   Coul. recip.
    1.19352e+05    4.90523e+05   -2.04625e+04   -3.79492e+06    1.07927e+04
 Position Rest.      Potential    Kinetic En.   Total Energy  Conserved En.
    2.37294e+03   -3.12877e+06    5.47174e+05   -2.58160e+06   -2.52998e+06
    Temperature Pres. DC (bar) Pressure (bar)   Constr. rmsd
    2.97876e+02   -1.53080e+02   -8.33807e+01    0.00000e+00


Energy conservation over simulation part #1 of length 1000 ps, time 0 to 1000 ps
  Conserved energy drift: 1.62e-04 kJ/mol/ps per atom


	<======  ###############  ==>
	<====  A V E R A G E S  ====>
	<==  ###############  ======>

	Statistics over 500001 steps using 5001 frames

   Energies (kJ/mol)
           Bond          Angle    Proper Dih. Per. Imp. Dih.          LJ-14
    7.24340e+03    1.99065e+04    2.58026e+04    1.21394e+03    9.57992e+03
     Coulomb-14        LJ (SR)  Disper. corr.   Coulomb (SR)   Coul. recip.
    1.18978e+05    4.93862e+05   -2.05605e+04   -3.79992e+06    1.07790e+04
 Position Rest.      Potential    Kinetic En.   Total Energy  Conserved En.
    2.45979e+03   -3.13066e+06    5.47421e+05   -2.58323e+06   -2.54639e+06
    Temperature Pres. DC (bar) Pressure (bar)   Constr. rmsd
    2.98011e+02   -1.54549e+02    8.45492e-01    0.00000e+00

          Box-X          Box-Y          Box-Z
    1.30277e+01    1.30277e+01    1.30277e+01

   Total Virial (kJ/mol)
    1.82296e+05   -7.92797e+02    5.52852e+01
   -7.92763e+02    1.82440e+05    5.75259e+02
    5.52632e+01    5.75256e+02    1.82532e+05

   Pressure (bar)
    2.63185e+00    1.08953e+01   -1.11460e+00
    1.08947e+01   -5.46484e-01   -8.39532e+00
   -1.11427e+00   -8.39528e+00    4.51113e-01

      T-ProteinT-Water_and_ions
    2.98050e+02    2.98009e+02


	M E G A - F L O P S   A C C O U N T I N G

 NB=Group-cutoff nonbonded kernels    NxN=N-by-N cluster Verlet kernels
 RF=Reaction-Field  VdW=Van der Waals  QSTab=quadratic-spline table
 W3=SPC/TIP3p  W4=TIP4p (single or pairs)
 V&F=Potential and force  V=Potential only  F=Force only

 Computing:                               M-Number         M-Flops  % Flops
-----------------------------------------------------------------------------
 Pair Search distance check          128739.369968     1158654.330     0.0
 NxN Ewald Elec. + LJ [F]         136516713.905088 10648303684.597    98.3
 NxN Ewald Elec. + LJ [V&F]         1379231.748992   177920895.620     1.6
 1,4 nonbonded interactions           12830.525661     1154747.309     0.0
 Shift-X                               1091.713299        6550.280     0.0
 Bonds                                 2486.004972      146674.293     0.0
 Angles                                8854.517709     1487558.975     0.0
 Propers                              13746.027492     3147840.296     0.0
 Impropers                              939.501879      195416.391     0.0
 Pos. Restr.                           2427.004854      121350.243     0.0
 Virial                                2183.658344       39305.850     0.0
 Stop-CM                               1091.713299       10917.133     0.0
 Calc-Ekin                            21830.336598      589419.088     0.0
-----------------------------------------------------------------------------
 Total                                             10834283014.405   100.0
-----------------------------------------------------------------------------


      R E A L   C Y C L E   A N D   T I M E   A C C O U N T I N G

On 1 MPI rank, each using 4 OpenMP threads

 Activity:              Num   Num      Call    Wall time         Giga-Cycles
                        Ranks Threads  Count      (s)         total sum    %
--------------------------------------------------------------------------------
 Neighbor search           1    4       5001     120.254       1010.129  22.7
 Launch PP GPU ops.        1    4     995001      16.654        139.895   3.1
 Force                     1    4     500001     208.502       1751.411  39.4
 PME GPU mesh              1    4     500001      12.440        104.498   2.3
 Wait GPU NB local         1    4     490000       0.021          0.175   0.0
 Wait GPU state copy       1    4     620003     123.768       1039.643  23.4
 NB X/F buffer ops.        1    4      10001       2.201         18.487   0.4
 Write traj.               1    4       1001       9.157         76.918   1.7
 Rest                                             36.484        306.468   6.9
--------------------------------------------------------------------------------
 Total                                           529.482       4447.624 100.0
--------------------------------------------------------------------------------
 Breakdown of PME mesh activities
--------------------------------------------------------------------------------
 Wait PME GPU gather       1    4     500001       0.043          0.364   0.0
 Reduce GPU PME F          1    4     500001       0.659          5.532   0.1
 Launch PME GPU ops.       1    4    4500009      11.373         95.535   2.1
--------------------------------------------------------------------------------

NOTE: 23 % of the run time was spent in pair search,
      you might want to increase nstlist (this has no effect on accuracy)

               Core t (s)   Wall t (s)        (%)
       Time:     2117.923      529.482      400.0
                 (ns/day)    (hour/ns)
Performance:      163.179        0.147
Finished mdrun on rank 0 Thu Apr  9 17:06:50 2026

